{"overrides":[{"predicate":{"custom_model_data":1},"model":"modelengine:em_pirabulletto/core"},{"predicate":{"custom_model_data":2},"model":"modelengine:hammerhead_shark/body"},{"predicate":{"custom_model_data":3},"model":"modelengine:herobrine/body"},{"predicate":{"custom_model_data":4},"model":"modelengine:fish_school/class1"},{"predicate":{"custom_model_data":5},"model":"modelengine:football_fish/body"},{"predicate":{"custom_model_data":6},"model":"modelengine:herobrine_axe/axe"},{"predicate":{"custom_model_data":7},"model":"modelengine:herobrine_alex/body"},{"predicate":{"custom_model_data":8},"model":"modelengine:barrel_bomb/bomb"},{"predicate":{"custom_model_data":9},"model":"modelengine:barreleye_fish/body"},{"predicate":{"custom_model_data":10},"model":"modelengine:herobrine_bobber/bobber"},{"predicate":{"custom_model_data":11},"model":"modelengine:hammerhead_shark/left_fin"},{"predicate":{"custom_model_data":12},"model":"modelengine:hammerhead_shark/tail1"},{"predicate":{"custom_model_data":13},"model":"modelengine:herobrine/leftleg"},{"predicate":{"custom_model_data":14},"model":"modelengine:fish_school/class3"},{"predicate":{"custom_model_data":15},"model":"modelengine:herobrine/leftarm"},{"predicate":{"custom_model_data":16},"model":"modelengine:fish_school/class2"},{"predicate":{"custom_model_data":17},"model":"modelengine:herobrine/rightarm"},{"predicate":{"custom_model_data":18},"model":"modelengine:herobrine/rightleg"},{"predicate":{"custom_model_data":19},"model":"modelengine:herobrine/head"},{"predicate":{"custom_model_data":20},"model":"modelengine:herobrine/leftfoot"},{"predicate":{"custom_model_data":21},"model":"modelengine:herobrine/lefthand"},{"predicate":{"custom_model_data":22},"model":"modelengine:herobrine/righthand"},{"predicate":{"custom_model_data":23},"model":"modelengine:herobrine/rightfoot"},{"predicate":{"custom_model_data":24},"model":"modelengine:hammerhead_shark/right_fin"},{"predicate":{"custom_model_data":25},"model":"modelengine:hammerhead_shark/head"},{"predicate":{"custom_model_data":26},"model":"modelengine:hammerhead_shark/tail2"},{"predicate":{"custom_model_data":27},"model":"modelengine:hammerhead_shark/jaw"},{"predicate":{"custom_model_data":28},"model":"modelengine:football_fish/tail"},{"predicate":{"custom_model_data":29},"model":"modelengine:barrel_bomb/left_leg"},{"predicate":{"custom_model_data":30},"model":"modelengine:barrel_bomb/right_leg"},{"predicate":{"custom_model_data":31},"model":"modelengine:barrel_bomb/string"},{"predicate":{"custom_model_data":32},"model":"modelengine:football_fish/right_fin"},{"predicate":{"custom_model_data":33},"model":"modelengine:football_fish/left_fin"},{"predicate":{"custom_model_data":34},"model":"modelengine:football_fish/jaw"},{"predicate":{"custom_model_data":35},"model":"modelengine:captain_octo/left_leg"},{"predicate":{"custom_model_data":36},"model":"modelengine:captain_octo/right_leg"},{"predicate":{"custom_model_data":37},"model":"modelengine:captain_octo/upper_body"},{"predicate":{"custom_model_data":38},"model":"modelengine:captain_octo/right_ankle"},{"predicate":{"custom_model_data":39},"model":"modelengine:captain_octo/back_cape"},{"predicate":{"custom_model_data":40},"model":"modelengine:captain_octo/head"},{"predicate":{"custom_model_data":41},"model":"modelengine:captain_octo/front_cape"},{"predicate":{"custom_model_data":42},"model":"modelengine:captain_octo/right_arm"},{"predicate":{"custom_model_data":43},"model":"modelengine:captain_octo/right_cape"},{"predicate":{"custom_model_data":44},"model":"modelengine:captain_octo/left_arm"},{"predicate":{"custom_model_data":45},"model":"modelengine:captain_octo/left_cape"},{"predicate":{"custom_model_data":46},"model":"modelengine:captain_octo/right_foot"},{"predicate":{"custom_model_data":47},"model":"modelengine:captain_octo/back_cape_end"},{"predicate":{"custom_model_data":48},"model":"modelengine:captain_octo/left_lt"},{"predicate":{"custom_model_data":49},"model":"modelengine:captain_octo/left_dt"},{"predicate":{"custom_model_data":50},"model":"modelengine:captain_octo/left_t"},{"predicate":{"custom_model_data":51},"model":"modelengine:captain_octo/mid_t"},{"predicate":{"custom_model_data":52},"model":"modelengine:captain_octo/right_dt"},{"predicate":{"custom_model_data":53},"model":"modelengine:captain_octo/right_t"},{"predicate":{"custom_model_data":54},"model":"modelengine:captain_octo/right_lt"},{"predicate":{"custom_model_data":55},"model":"modelengine:captain_octo/front_cape_end"},{"predicate":{"custom_model_data":56},"model":"modelengine:captain_octo/right_arm_mid"},{"predicate":{"custom_model_data":57},"model":"modelengine:captain_octo/right_cape_end"},{"predicate":{"custom_model_data":58},"model":"modelengine:captain_octo/left_arm_mid"},{"predicate":{"custom_model_data":59},"model":"modelengine:captain_octo/left_cape_end"},{"predicate":{"custom_model_data":60},"model":"modelengine:captain_octo/left_t_mid"},{"predicate":{"custom_model_data":61},"model":"modelengine:captain_octo/left_dt_mid"},{"predicate":{"custom_model_data":62},"model":"modelengine:captain_octo/left_t_end"},{"predicate":{"custom_model_data":63},"model":"modelengine:captain_octo/mid_t_mid"},{"predicate":{"custom_model_data":64},"model":"modelengine:captain_octo/right_dt_mid"},{"predicate":{"custom_model_data":65},"model":"modelengine:captain_octo/right_t_end"},{"predicate":{"custom_model_data":66},"model":"modelengine:captain_octo/right_t_mid"},{"predicate":{"custom_model_data":67},"model":"modelengine:captain_octo/right_arm_end"},{"predicate":{"custom_model_data":68},"model":"modelengine:captain_octo/left_arm_end"},{"predicate":{"custom_model_data":69},"model":"modelengine:captain_octo/right_hand"},{"predicate":{"custom_model_data":70},"model":"modelengine:captain_octo/left_hand"},{"predicate":{"custom_model_data":71},"model":"modelengine:captain_octo/sword"},{"predicate":{"custom_model_data":72},"model":"modelengine:captain_octo/pistol"},{"predicate":{"custom_model_data":73},"model":"modelengine:herobrine_alex_bits/shield"},{"predicate":{"custom_model_data":74},"model":"modelengine:herobrine_alex_bits/beef"},{"predicate":{"custom_model_data":75},"model":"modelengine:herobrine_alex_bits/pickaxe"},{"predicate":{"custom_model_data":76},"model":"modelengine:herobrine_alex_bits/sword"},{"predicate":{"custom_model_data":77},"model":"modelengine:herobrine_alex_bits/fishingrod"},{"predicate":{"custom_model_data":78},"model":"modelengine:herobrine_alex_bits/crossbow_unloaded"},{"predicate":{"custom_model_data":79},"model":"modelengine:herobrine_alex_bits/axe"},{"predicate":{"custom_model_data":80},"model":"modelengine:herobrine_alex_bits/crossbow_loaded"},{"predicate":{"custom_model_data":81},"model":"modelengine:herobrine_alex/leftleg"},{"predicate":{"custom_model_data":82},"model":"modelengine:herobrine_alex/leftarm"},{"predicate":{"custom_model_data":83},"model":"modelengine:herobrine_alex/rightarm"},{"predicate":{"custom_model_data":84},"model":"modelengine:barreleye_fish/right_fin"},{"predicate":{"custom_model_data":85},"model":"modelengine:herobrine_alex/rightleg"},{"predicate":{"custom_model_data":86},"model":"modelengine:barreleye_fish/tail"},{"predicate":{"custom_model_data":87},"model":"modelengine:herobrine_alex/head"},{"predicate":{"custom_model_data":88},"model":"modelengine:barreleye_fish/left_fin"},{"predicate":{"custom_model_data":89},"model":"modelengine:herobrine_alex/leftfoot"},{"predicate":{"custom_model_data":90},"model":"modelengine:herobrine_alex/lefthand"},{"predicate":{"custom_model_data":91},"model":"modelengine:herobrine_alex/righthand"},{"predicate":{"custom_model_data":92},"model":"modelengine:herobrine_alex/rightfoot"},{"predicate":{"custom_model_data":93},"model":"modelengine:herobrine_bits/shield"},{"predicate":{"custom_model_data":94},"model":"modelengine:herobrine_bits/beef"},{"predicate":{"custom_model_data":95},"model":"modelengine:herobrine_bits/pickaxe"},{"predicate":{"custom_model_data":96},"model":"modelengine:herobrine_bits/sword"},{"predicate":{"custom_model_data":97},"model":"modelengine:herobrine_bits/fishingrod"},{"predicate":{"custom_model_data":98},"model":"modelengine:herobrine_bits/crossbow_unloaded"},{"predicate":{"custom_model_data":99},"model":"modelengine:herobrine_bits/axe"},{"predicate":{"custom_model_data":100},"model":"modelengine:herobrine_bits/crossbow_loaded"},{"predicate":{"custom_model_data":101},"model":"modelengine:marlin/body"},{"predicate":{"custom_model_data":102},"model":"modelengine:marlin/tail1"},{"predicate":{"custom_model_data":103},"model":"modelengine:marlin/right_fin"},{"predicate":{"custom_model_data":104},"model":"modelengine:marlin/jaw"},{"predicate":{"custom_model_data":105},"model":"modelengine:marlin/left_fin"},{"predicate":{"custom_model_data":106},"model":"modelengine:marlin/tail2"},{"predicate":{"custom_model_data":107},"model":"modelengine:sea_horse_purple/body"},{"predicate":{"custom_model_data":108},"model":"modelengine:sea_horse_purple/right_fin"},{"predicate":{"custom_model_data":109},"model":"modelengine:sea_horse_purple/tail"},{"predicate":{"custom_model_data":110},"model":"modelengine:sea_horse_purple/left_fin"},{"predicate":{"custom_model_data":111},"model":"modelengine:herobrine_steve/head"},{"predicate":{"custom_model_data":112},"model":"modelengine:nautilus/body"},{"predicate":{"custom_model_data":113},"model":"modelengine:nautilus/tentacle3"},{"predicate":{"custom_model_data":114},"model":"modelengine:nautilus/tentacle1"},{"predicate":{"custom_model_data":115},"model":"modelengine:nautilus/tentacle4"},{"predicate":{"custom_model_data":116},"model":"modelengine:nautilus/tentacle2"},{"predicate":{"custom_model_data":117},"model":"modelengine:nautilus/tentacle1_3"},{"predicate":{"custom_model_data":118},"model":"modelengine:nautilus/tentacle1_1"},{"predicate":{"custom_model_data":119},"model":"modelengine:nautilus/tentacle1_4"},{"predicate":{"custom_model_data":120},"model":"modelengine:nautilus/tentacle1_2"},{"predicate":{"custom_model_data":121},"model":"modelengine:sea_horse_teal/body"},{"predicate":{"custom_model_data":122},"model":"modelengine:sea_horse_teal/right_fin"},{"predicate":{"custom_model_data":123},"model":"modelengine:sea_horse_teal/tail"},{"predicate":{"custom_model_data":124},"model":"modelengine:sea_horse_teal/left_fin"},{"predicate":{"custom_model_data":125},"model":"modelengine:sea_horse_red/body"},{"predicate":{"custom_model_data":126},"model":"modelengine:sea_horse_red/right_fin"},{"predicate":{"custom_model_data":127},"model":"modelengine:sea_horse_red/tail"},{"predicate":{"custom_model_data":128},"model":"modelengine:sea_horse_red/left_fin"},{"predicate":{"custom_model_data":129},"model":"modelengine:octo_tentacle/tentacle"},{"predicate":{"custom_model_data":130},"model":"modelengine:octo_tentacle/tentacle_2"},{"predicate":{"custom_model_data":131},"model":"modelengine:octo_tentacle/tentacle_3"},{"predicate":{"custom_model_data":132},"model":"modelengine:octo_tentacle/tentacle_4"},{"predicate":{"custom_model_data":133},"model":"modelengine:octo_tentacle/tentacle_5"},{"predicate":{"custom_model_data":134},"model":"modelengine:sea_horse_pink/body"},{"predicate":{"custom_model_data":135},"model":"modelengine:sea_horse_pink/right_fin"},{"predicate":{"custom_model_data":136},"model":"modelengine:sea_horse_pink/tail"},{"predicate":{"custom_model_data":137},"model":"modelengine:sea_horse_pink/left_fin"},{"predicate":{"custom_model_data":138},"model":"modelengine:manta_ray/body"},{"predicate":{"custom_model_data":139},"model":"modelengine:manta_ray/right_fin4"},{"predicate":{"custom_model_data":140},"model":"modelengine:manta_ray/tail1"},{"predicate":{"custom_model_data":141},"model":"modelengine:manta_ray/jowl2"},{"predicate":{"custom_model_data":142},"model":"modelengine:manta_ray/jowl"},{"predicate":{"custom_model_data":143},"model":"modelengine:manta_ray/left_fin"},{"predicate":{"custom_model_data":144},"model":"modelengine:manta_ray/right_fin5"},{"predicate":{"custom_model_data":145},"model":"modelengine:manta_ray/tail2"},{"predicate":{"custom_model_data":146},"model":"modelengine:manta_ray/left_fin2"},{"predicate":{"custom_model_data":147},"model":"modelengine:manta_ray/right_fin6"},{"predicate":{"custom_model_data":148},"model":"modelengine:manta_ray/tail3"},{"predicate":{"custom_model_data":149},"model":"modelengine:manta_ray/left_fin3"},{"predicate":{"custom_model_data":150},"model":"modelengine:sintia_the_hydra_vfx_crystal/sintia_crystal"},{"predicate":{"custom_model_data":151},"model":"modelengine:sintia_the_hydra_vfx_magic_circle/sintia_magic_circle"},{"predicate":{"custom_model_data":152},"model":"modelengine:oar_fish/body_l_1"},{"predicate":{"custom_model_data":153},"model":"modelengine:oar_fish/head"},{"predicate":{"custom_model_data":154},"model":"modelengine:oar_fish/body_l_2"},{"predicate":{"custom_model_data":155},"model":"modelengine:oar_fish/left_fin"},{"predicate":{"custom_model_data":156},"model":"modelengine:oar_fish/right_fin"},{"predicate":{"custom_model_data":157},"model":"modelengine:oar_fish/body_l_3"},{"predicate":{"custom_model_data":158},"model":"modelengine:oar_fish/body_l_4"},{"predicate":{"custom_model_data":159},"model":"modelengine:oar_fish/body_l_5"},{"predicate":{"custom_model_data":160},"model":"modelengine:oar_fish/body_m_1"},{"predicate":{"custom_model_data":161},"model":"modelengine:oar_fish/body_m_2"},{"predicate":{"custom_model_data":162},"model":"modelengine:oar_fish/tail"},{"predicate":{"custom_model_data":163},"model":"modelengine:sea_horse_yellow/body"},{"predicate":{"custom_model_data":164},"model":"modelengine:sea_horse_yellow/right_fin"},{"predicate":{"custom_model_data":165},"model":"modelengine:sea_horse_yellow/tail"},{"predicate":{"custom_model_data":166},"model":"modelengine:sea_horse_yellow/left_fin"},{"predicate":{"custom_model_data":167},"model":"modelengine:pirate_gunner/upper_body"},{"predicate":{"custom_model_data":168},"model":"modelengine:pirate_gunner/left_leg"},{"predicate":{"custom_model_data":169},"model":"modelengine:pirate_gunner/right_leg"},{"predicate":{"custom_model_data":170},"model":"modelengine:pirate_gunner/neck"},{"predicate":{"custom_model_data":171},"model":"modelengine:pirate_gunner/left_arm"},{"predicate":{"custom_model_data":172},"model":"modelengine:pirate_gunner/right_arm"},{"predicate":{"custom_model_data":173},"model":"modelengine:pirate_gunner/left_ankle"},{"predicate":{"custom_model_data":174},"model":"modelengine:pirate_gunner/right_ankle"},{"predicate":{"custom_model_data":175},"model":"modelengine:pirate_gunner/head"},{"predicate":{"custom_model_data":176},"model":"modelengine:pirate_gunner/left_wrist"},{"predicate":{"custom_model_data":177},"model":"modelengine:pirate_gunner/right_wrist"},{"predicate":{"custom_model_data":178},"model":"modelengine:pirate_gunner/left_foot"},{"predicate":{"custom_model_data":179},"model":"modelengine:pirate_gunner/right_foot"},{"predicate":{"custom_model_data":180},"model":"modelengine:pirate_gunner/left_hand"},{"predicate":{"custom_model_data":181},"model":"modelengine:pirate_gunner/right_hand"},{"predicate":{"custom_model_data":182},"model":"modelengine:pirate_gunner/weapon"},{"predicate":{"custom_model_data":183},"model":"modelengine:zebra_turkey_fish/body"},{"predicate":{"custom_model_data":184},"model":"modelengine:zebra_turkey_fish/tail"},{"predicate":{"custom_model_data":185},"model":"modelengine:zebra_turkey_fish/jaw"},{"predicate":{"custom_model_data":186},"model":"modelengine:zebra_turkey_fish/left_fin"},{"predicate":{"custom_model_data":187},"model":"modelengine:zebra_turkey_fish/right_fin"},{"predicate":{"custom_model_data":188},"model":"modelengine:pirate_swordsman/upper_body"},{"predicate":{"custom_model_data":189},"model":"modelengine:pirate_swordsman/left_leg"},{"predicate":{"custom_model_data":190},"model":"modelengine:pirate_swordsman/right_leg"},{"predicate":{"custom_model_data":191},"model":"modelengine:pirate_swordsman/neck"},{"predicate":{"custom_model_data":192},"model":"modelengine:pirate_swordsman/left_arm"},{"predicate":{"custom_model_data":193},"model":"modelengine:pirate_swordsman/right_arm"},{"predicate":{"custom_model_data":194},"model":"modelengine:pirate_swordsman/left_ankle"},{"predicate":{"custom_model_data":195},"model":"modelengine:pirate_swordsman/right_ankle"},{"predicate":{"custom_model_data":196},"model":"modelengine:pirate_swordsman/head"},{"predicate":{"custom_model_data":197},"model":"modelengine:pirate_swordsman/left_wrist"},{"predicate":{"custom_model_data":198},"model":"modelengine:pirate_swordsman/right_wrist"},{"predicate":{"custom_model_data":199},"model":"modelengine:pirate_swordsman/left_foot"},{"predicate":{"custom_model_data":200},"model":"modelengine:pirate_swordsman/right_foot"},{"predicate":{"custom_model_data":201},"model":"modelengine:pirate_swordsman/left_hand"},{"predicate":{"custom_model_data":202},"model":"modelengine:pirate_swordsman/right_hand"},{"predicate":{"custom_model_data":203},"model":"modelengine:pirate_swordsman/weapon"},{"predicate":{"custom_model_data":204},"model":"modelengine:herobrine_zombie_bits/shield"},{"predicate":{"custom_model_data":205},"model":"modelengine:herobrine_zombie_bits/beef"},{"predicate":{"custom_model_data":206},"model":"modelengine:herobrine_zombie_bits/pickaxe"},{"predicate":{"custom_model_data":207},"model":"modelengine:herobrine_zombie_bits/sword"},{"predicate":{"custom_model_data":208},"model":"modelengine:herobrine_zombie_bits/fishingrod"},{"predicate":{"custom_model_data":209},"model":"modelengine:herobrine_zombie_bits/crossbow_unloaded"},{"predicate":{"custom_model_data":210},"model":"modelengine:herobrine_zombie_bits/axe"},{"predicate":{"custom_model_data":211},"model":"modelengine:herobrine_zombie_bits/crossbow_loaded"},{"predicate":{"custom_model_data":212},"model":"modelengine:herobrine_zombie/body"},{"predicate":{"custom_model_data":213},"model":"modelengine:herobrine_zombie/leftleg"},{"predicate":{"custom_model_data":214},"model":"modelengine:herobrine_zombie/leftarm"},{"predicate":{"custom_model_data":215},"model":"modelengine:herobrine_zombie/rightarm"},{"predicate":{"custom_model_data":216},"model":"modelengine:herobrine_zombie/rightleg"},{"predicate":{"custom_model_data":217},"model":"modelengine:herobrine_zombie/head"},{"predicate":{"custom_model_data":218},"model":"modelengine:herobrine_zombie/leftfoot"},{"predicate":{"custom_model_data":219},"model":"modelengine:herobrine_zombie/lefthand"},{"predicate":{"custom_model_data":220},"model":"modelengine:herobrine_zombie/righthand"},{"predicate":{"custom_model_data":221},"model":"modelengine:herobrine_zombie/rightfoot"},{"predicate":{"custom_model_data":222},"model":"modelengine:lobster_king/left_leg"},{"predicate":{"custom_model_data":223},"model":"modelengine:lobster_king/right_leg"},{"predicate":{"custom_model_data":224},"model":"modelengine:lobster_king/upper_body"},{"predicate":{"custom_model_data":225},"model":"modelengine:lobster_king/left_leg_mid"},{"predicate":{"custom_model_data":226},"model":"modelengine:lobster_king/right_leg_mid"},{"predicate":{"custom_model_data":227},"model":"modelengine:lobster_king/upper_body_upper"},{"predicate":{"custom_model_data":228},"model":"modelengine:lobster_king/left_ankle"},{"predicate":{"custom_model_data":229},"model":"modelengine:lobster_king/right_ankle"},{"predicate":{"custom_model_data":230},"model":"modelengine:lobster_king/neck"},{"predicate":{"custom_model_data":231},"model":"modelengine:lobster_king/tail"},{"predicate":{"custom_model_data":232},"model":"modelengine:lobster_king/left_arm"},{"predicate":{"custom_model_data":233},"model":"modelengine:lobster_king/right_arm"},{"predicate":{"custom_model_data":234},"model":"modelengine:lobster_king/left_foot"},{"predicate":{"custom_model_data":235},"model":"modelengine:lobster_king/right_foot"},{"predicate":{"custom_model_data":236},"model":"modelengine:lobster_king/neck_mid"},{"predicate":{"custom_model_data":237},"model":"modelengine:lobster_king/tail_2"},{"predicate":{"custom_model_data":238},"model":"modelengine:lobster_king/left_wrist"},{"predicate":{"custom_model_data":239},"model":"modelengine:lobster_king/right_wrist"},{"predicate":{"custom_model_data":240},"model":"modelengine:lobster_king/head"},{"predicate":{"custom_model_data":241},"model":"modelengine:lobster_king/tail_3"},{"predicate":{"custom_model_data":242},"model":"modelengine:lobster_king/left_claw"},{"predicate":{"custom_model_data":243},"model":"modelengine:lobster_king/right_claw"},{"predicate":{"custom_model_data":244},"model":"modelengine:lobster_king/tail_4"},{"predicate":{"custom_model_data":245},"model":"modelengine:lobster_king/left_claw_lower"},{"predicate":{"custom_model_data":246},"model":"modelengine:lobster_king/left_claw_upper"},{"predicate":{"custom_model_data":247},"model":"modelengine:lobster_king/right_claw_upper"},{"predicate":{"custom_model_data":248},"model":"modelengine:lobster_king/right_claw_lower"},{"predicate":{"custom_model_data":249},"model":"modelengine:lobster_king/tail_end"},{"predicate":{"custom_model_data":250},"model":"modelengine:ezekiel/hip"},{"predicate":{"custom_model_data":251},"model":"modelengine:ezekiel/body"},{"predicate":{"custom_model_data":252},"model":"modelengine:ezekiel/right_leg"},{"predicate":{"custom_model_data":253},"model":"modelengine:ezekiel/left_leg"},{"predicate":{"custom_model_data":254},"model":"modelengine:ezekiel/tail1"},{"predicate":{"custom_model_data":255},"model":"modelengine:ezekiel/left_arm"},{"predicate":{"custom_model_data":256},"model":"modelengine:ezekiel/right_arm"},{"predicate":{"custom_model_data":257},"model":"modelengine:ezekiel/head"},{"predicate":{"custom_model_data":258},"model":"modelengine:ezekiel/right_frontleg"},{"predicate":{"custom_model_data":259},"model":"modelengine:ezekiel/left_frontleg"},{"predicate":{"custom_model_data":260},"model":"modelengine:ezekiel/tail2"},{"predicate":{"custom_model_data":261},"model":"modelengine:ezekiel/lefthand"},{"predicate":{"custom_model_data":262},"model":"modelengine:ezekiel/righthand"},{"predicate":{"custom_model_data":263},"model":"modelengine:ezekiel/left_hair"},{"predicate":{"custom_model_data":264},"model":"modelengine:ezekiel/eyes"},{"predicate":{"custom_model_data":265},"model":"modelengine:ezekiel/cape"},{"predicate":{"custom_model_data":266},"model":"modelengine:ezekiel/right_hair"},{"predicate":{"custom_model_data":267},"model":"modelengine:ezekiel/right_anntenae"},{"predicate":{"custom_model_data":268},"model":"modelengine:ezekiel/left_anntenae"},{"predicate":{"custom_model_data":269},"model":"modelengine:ezekiel/right_shoe"},{"predicate":{"custom_model_data":270},"model":"modelengine:ezekiel/left_shoe"},{"predicate":{"custom_model_data":271},"model":"modelengine:ezekiel/tail3"},{"predicate":{"custom_model_data":272},"model":"modelengine:ezekiel/scythe"},{"predicate":{"custom_model_data":273},"model":"modelengine:ezekiel/sword"},{"predicate":{"custom_model_data":274},"model":"modelengine:ezekiel/cape2"},{"predicate":{"custom_model_data":275},"model":"modelengine:ezekiel/tail4"},{"predicate":{"custom_model_data":276},"model":"modelengine:ezekiel/scythe_blade"},{"predicate":{"custom_model_data":277},"model":"modelengine:ezekiel/sword_vfx"},{"predicate":{"custom_model_data":278},"model":"modelengine:ezekiel/tail5"},{"predicate":{"custom_model_data":279},"model":"modelengine:ezekiel/scythe_blade2"},{"predicate":{"custom_model_data":280},"model":"modelengine:em_pirate_b1/left_leg"},{"predicate":{"custom_model_data":281},"model":"modelengine:em_pirate_b1/right_leg"},{"predicate":{"custom_model_data":282},"model":"modelengine:em_pirate_b1/hip2"},{"predicate":{"custom_model_data":283},"model":"modelengine:em_pirate_b1/hip3"},{"predicate":{"custom_model_data":284},"model":"modelengine:em_pirate_b1/left_shin"},{"predicate":{"custom_model_data":285},"model":"modelengine:em_pirate_b1/right_shin"},{"predicate":{"custom_model_data":286},"model":"modelengine:em_pirate_b1/right_leg2"},{"predicate":{"custom_model_data":287},"model":"modelengine:em_pirate_b1/left_leg2"},{"predicate":{"custom_model_data":288},"model":"modelengine:em_pirate_b1/hip_c2"},{"predicate":{"custom_model_data":289},"model":"modelengine:em_pirate_b1/hip2_a"},{"predicate":{"custom_model_data":290},"model":"modelengine:em_pirate_b1/hip_d2"},{"predicate":{"custom_model_data":291},"model":"modelengine:em_pirate_b1/hip_b2"},{"predicate":{"custom_model_data":292},"model":"modelengine:em_pirate_b1/head2_b"},{"predicate":{"custom_model_data":293},"model":"modelengine:em_pirate_b1/head2_g"},{"predicate":{"custom_model_data":294},"model":"modelengine:em_pirate_b1/head2_c"},{"predicate":{"custom_model_data":295},"model":"modelengine:em_pirate_b1/head2_e"},{"predicate":{"custom_model_data":296},"model":"modelengine:em_pirate_b1/head2_d"},{"predicate":{"custom_model_data":297},"model":"modelengine:em_pirate_b1/head2_f"},{"predicate":{"custom_model_data":298},"model":"modelengine:em_pirate_b1/chest2"},{"predicate":{"custom_model_data":299},"model":"modelengine:em_pirate_b1/hip3_b"},{"predicate":{"custom_model_data":300},"model":"modelengine:em_pirate_b1/hip3_d"},{"predicate":{"custom_model_data":301},"model":"modelengine:em_pirate_b1/hip3_a"},{"predicate":{"custom_model_data":302},"model":"modelengine:em_pirate_b1/hip3_c"},{"predicate":{"custom_model_data":303},"model":"modelengine:em_pirate_b1/head3_b"},{"predicate":{"custom_model_data":304},"model":"modelengine:em_pirate_b1/head3_g"},{"predicate":{"custom_model_data":305},"model":"modelengine:em_pirate_b1/head3_e"},{"predicate":{"custom_model_data":306},"model":"modelengine:em_pirate_b1/head3_d"},{"predicate":{"custom_model_data":307},"model":"modelengine:em_pirate_b1/head3_f"},{"predicate":{"custom_model_data":308},"model":"modelengine:em_pirate_b1/head3_c"},{"predicate":{"custom_model_data":309},"model":"modelengine:em_pirate_b1/right_leg3"},{"predicate":{"custom_model_data":310},"model":"modelengine:em_pirate_b1/left_leg3"},{"predicate":{"custom_model_data":311},"model":"modelengine:em_pirate_b1/chest3"},{"predicate":{"custom_model_data":312},"model":"modelengine:em_pirate_b1/head_c"},{"predicate":{"custom_model_data":313},"model":"modelengine:em_pirate_b1/head_e"},{"predicate":{"custom_model_data":314},"model":"modelengine:em_pirate_b1/head_b"},{"predicate":{"custom_model_data":315},"model":"modelengine:em_pirate_b1/head_g"},{"predicate":{"custom_model_data":316},"model":"modelengine:em_pirate_b1/head_d"},{"predicate":{"custom_model_data":317},"model":"modelengine:em_pirate_b1/head_f"},{"predicate":{"custom_model_data":318},"model":"modelengine:em_pirate_b1/hip_c"},{"predicate":{"custom_model_data":319},"model":"modelengine:em_pirate_b1/hip_a"},{"predicate":{"custom_model_data":320},"model":"modelengine:em_pirate_b1/hip_d"},{"predicate":{"custom_model_data":321},"model":"modelengine:em_pirate_b1/hip_b"},{"predicate":{"custom_model_data":322},"model":"modelengine:em_pirate_b1/hip"},{"predicate":{"custom_model_data":323},"model":"modelengine:em_pirate_b1/left_foot"},{"predicate":{"custom_model_data":324},"model":"modelengine:em_pirate_b1/right_foot"},{"predicate":{"custom_model_data":325},"model":"modelengine:em_pirate_b1/right_shin2"},{"predicate":{"custom_model_data":326},"model":"modelengine:em_pirate_b1/left_shin2"},{"predicate":{"custom_model_data":327},"model":"modelengine:em_pirate_b1/chest_c2"},{"predicate":{"custom_model_data":328},"model":"modelengine:em_pirate_b1/chest2_a"},{"predicate":{"custom_model_data":329},"model":"modelengine:em_pirate_b1/chest_d2"},{"predicate":{"custom_model_data":330},"model":"modelengine:em_pirate_b1/chest_b2"},{"predicate":{"custom_model_data":331},"model":"modelengine:em_pirate_b1/right_arm2"},{"predicate":{"custom_model_data":332},"model":"modelengine:em_pirate_b1/head2"},{"predicate":{"custom_model_data":333},"model":"modelengine:em_pirate_b1/left_arm2"},{"predicate":{"custom_model_data":334},"model":"modelengine:em_pirate_b1/chest3_b"},{"predicate":{"custom_model_data":335},"model":"modelengine:em_pirate_b1/chest3_d"},{"predicate":{"custom_model_data":336},"model":"modelengine:em_pirate_b1/chest3_a"},{"predicate":{"custom_model_data":337},"model":"modelengine:em_pirate_b1/chest3_c"},{"predicate":{"custom_model_data":338},"model":"modelengine:em_pirate_b1/right_shin3"},{"predicate":{"custom_model_data":339},"model":"modelengine:em_pirate_b1/left_shin3"},{"predicate":{"custom_model_data":340},"model":"modelengine:em_pirate_b1/head3"},{"predicate":{"custom_model_data":341},"model":"modelengine:em_pirate_b1/left_arm3"},{"predicate":{"custom_model_data":342},"model":"modelengine:em_pirate_b1/right_arm3"},{"predicate":{"custom_model_data":343},"model":"modelengine:em_pirate_b1/chest_c"},{"predicate":{"custom_model_data":344},"model":"modelengine:em_pirate_b1/chest_a"},{"predicate":{"custom_model_data":345},"model":"modelengine:em_pirate_b1/chest_d"},{"predicate":{"custom_model_data":346},"model":"modelengine:em_pirate_b1/chest_b"},{"predicate":{"custom_model_data":347},"model":"modelengine:em_pirate_b1/right_foot2"},{"predicate":{"custom_model_data":348},"model":"modelengine:em_pirate_b1/left_foot2"},{"predicate":{"custom_model_data":349},"model":"modelengine:em_pirate_b1/right_arm_a4"},{"predicate":{"custom_model_data":350},"model":"modelengine:em_pirate_b1/left_arm_c2"},{"predicate":{"custom_model_data":351},"model":"modelengine:em_pirate_b1/right_arm2_a"},{"predicate":{"custom_model_data":352},"model":"modelengine:em_pirate_b1/left_arm2_a"},{"predicate":{"custom_model_data":353},"model":"modelengine:em_pirate_b1/right_arm_d2"},{"predicate":{"custom_model_data":354},"model":"modelengine:em_pirate_b1/left_arm_d2"},{"predicate":{"custom_model_data":355},"model":"modelengine:em_pirate_b1/left_arm_b2"},{"predicate":{"custom_model_data":356},"model":"modelengine:em_pirate_b1/right_arm_b2"},{"predicate":{"custom_model_data":357},"model":"modelengine:em_pirate_b1/right_forearm2"},{"predicate":{"custom_model_data":358},"model":"modelengine:em_pirate_b1/left_forearm2"},{"predicate":{"custom_model_data":359},"model":"modelengine:em_pirate_b1/left_arm3_b"},{"predicate":{"custom_model_data":360},"model":"modelengine:em_pirate_b1/right_arm3_b"},{"predicate":{"custom_model_data":361},"model":"modelengine:em_pirate_b1/left_arm3_d"},{"predicate":{"custom_model_data":362},"model":"modelengine:em_pirate_b1/right_arm3_d"},{"predicate":{"custom_model_data":363},"model":"modelengine:em_pirate_b1/left_arm3_a"},{"predicate":{"custom_model_data":364},"model":"modelengine:em_pirate_b1/right_arm3_a"},{"predicate":{"custom_model_data":365},"model":"modelengine:em_pirate_b1/right_arm3_a2"},{"predicate":{"custom_model_data":366},"model":"modelengine:em_pirate_b1/left_arm3_c"},{"predicate":{"custom_model_data":367},"model":"modelengine:em_pirate_b1/right_foot3"},{"predicate":{"custom_model_data":368},"model":"modelengine:em_pirate_b1/left_foot3"},{"predicate":{"custom_model_data":369},"model":"modelengine:em_pirate_b1/left_forearm3"},{"predicate":{"custom_model_data":370},"model":"modelengine:em_pirate_b1/right_forearm3"},{"predicate":{"custom_model_data":371},"model":"modelengine:em_pirate_b1/right_arm_c"},{"predicate":{"custom_model_data":372},"model":"modelengine:em_pirate_b1/left_arm_c"},{"predicate":{"custom_model_data":373},"model":"modelengine:em_pirate_b1/right_arm_a"},{"predicate":{"custom_model_data":374},"model":"modelengine:em_pirate_b1/left_arm_a"},{"predicate":{"custom_model_data":375},"model":"modelengine:em_pirate_b1/right_arm_d"},{"predicate":{"custom_model_data":376},"model":"modelengine:em_pirate_b1/left_arm_d"},{"predicate":{"custom_model_data":377},"model":"modelengine:em_pirate_b1/right_arm_b"},{"predicate":{"custom_model_data":378},"model":"modelengine:em_pirate_b1/left_arm_b"},{"predicate":{"custom_model_data":379},"model":"modelengine:em_pirate_b1/chest"},{"predicate":{"custom_model_data":380},"model":"modelengine:em_pirate_b1/right_arm"},{"predicate":{"custom_model_data":381},"model":"modelengine:em_pirate_b1/head"},{"predicate":{"custom_model_data":382},"model":"modelengine:em_pirate_b1/left_arm"},{"predicate":{"custom_model_data":383},"model":"modelengine:em_pirate_b1/right_forearm"},{"predicate":{"custom_model_data":384},"model":"modelengine:em_pirate_b1/left_forearm"},{"predicate":{"custom_model_data":385},"model":"modelengine:sintia_the_hydra/sintia_the_hydra"},{"predicate":{"custom_model_data":386},"model":"modelengine:sintia_the_hydra/neck_ppal"},{"predicate":{"custom_model_data":387},"model":"modelengine:sintia_the_hydra/tail_ppal"},{"predicate":{"custom_model_data":388},"model":"modelengine:sintia_the_hydra/leg2"},{"predicate":{"custom_model_data":389},"model":"modelengine:sintia_the_hydra/leg1"},{"predicate":{"custom_model_data":390},"model":"modelengine:sintia_the_hydra/neck1"},{"predicate":{"custom_model_data":391},"model":"modelengine:sintia_the_hydra/neck2"},{"predicate":{"custom_model_data":392},"model":"modelengine:sintia_the_hydra/neck3"},{"predicate":{"custom_model_data":393},"model":"modelengine:sintia_the_hydra/sub_tail"},{"predicate":{"custom_model_data":394},"model":"modelengine:sintia_the_hydra/sub_leg2"},{"predicate":{"custom_model_data":395},"model":"modelengine:sintia_the_hydra/sub_leg1"},{"predicate":{"custom_model_data":396},"model":"modelengine:sintia_the_hydra/neck1_2"},{"predicate":{"custom_model_data":397},"model":"modelengine:sintia_the_hydra/neck2_2"},{"predicate":{"custom_model_data":398},"model":"modelengine:sintia_the_hydra/neck3_2"},{"predicate":{"custom_model_data":399},"model":"modelengine:sintia_the_hydra/min_tail"},{"predicate":{"custom_model_data":400},"model":"modelengine:sintia_the_hydra/foot2"},{"predicate":{"custom_model_data":401},"model":"modelengine:sintia_the_hydra/foot1"},{"predicate":{"custom_model_data":402},"model":"modelengine:sintia_the_hydra/neck1_3"},{"predicate":{"custom_model_data":403},"model":"modelengine:sintia_the_hydra/neck2_3"},{"predicate":{"custom_model_data":404},"model":"modelengine:sintia_the_hydra/neck3_3"},{"predicate":{"custom_model_data":405},"model":"modelengine:sintia_the_hydra/mini_tail"},{"predicate":{"custom_model_data":406},"model":"modelengine:sintia_the_hydra/claw3"},{"predicate":{"custom_model_data":407},"model":"modelengine:sintia_the_hydra/claw4"},{"predicate":{"custom_model_data":408},"model":"modelengine:sintia_the_hydra/claw2"},{"predicate":{"custom_model_data":409},"model":"modelengine:sintia_the_hydra/claw1"},{"predicate":{"custom_model_data":410},"model":"modelengine:sintia_the_hydra/neck1_4"},{"predicate":{"custom_model_data":411},"model":"modelengine:sintia_the_hydra/neck2_4"},{"predicate":{"custom_model_data":412},"model":"modelengine:sintia_the_hydra/neck3_4"},{"predicate":{"custom_model_data":413},"model":"modelengine:sintia_the_hydra/tail_tip"},{"predicate":{"custom_model_data":414},"model":"modelengine:sintia_the_hydra/neck1_5"},{"predicate":{"custom_model_data":415},"model":"modelengine:sintia_the_hydra/neck2_5"},{"predicate":{"custom_model_data":416},"model":"modelengine:sintia_the_hydra/neck3_5"},{"predicate":{"custom_model_data":417},"model":"modelengine:sintia_the_hydra/neck1_6"},{"predicate":{"custom_model_data":418},"model":"modelengine:sintia_the_hydra/neck2_6"},{"predicate":{"custom_model_data":419},"model":"modelengine:sintia_the_hydra/neck3_6"},{"predicate":{"custom_model_data":420},"model":"modelengine:sintia_the_hydra/head"},{"predicate":{"custom_model_data":421},"model":"modelengine:sintia_the_hydra/head2"},{"predicate":{"custom_model_data":422},"model":"modelengine:sintia_the_hydra/head3"},{"predicate":{"custom_model_data":423},"model":"modelengine:sintia_the_hydra/mandible"},{"predicate":{"custom_model_data":424},"model":"modelengine:sintia_the_hydra/mandible2"},{"predicate":{"custom_model_data":425},"model":"modelengine:sintia_the_hydra/mandible3"},{"predicate":{"custom_model_data":426},"model":"modelengine:em_pirate_a1/hip4"},{"predicate":{"custom_model_data":427},"model":"modelengine:em_pirate_a1/right_leg4"},{"predicate":{"custom_model_data":428},"model":"modelengine:em_pirate_a1/left_leg4"},{"predicate":{"custom_model_data":429},"model":"modelengine:em_pirate_a1/left_leg4_a"},{"predicate":{"custom_model_data":430},"model":"modelengine:em_pirate_a1/left_leg4_b"},{"predicate":{"custom_model_data":431},"model":"modelengine:em_pirate_a1/right_arm_b2"},{"predicate":{"custom_model_data":432},"model":"modelengine:em_pirate_a1/left_leg_b"},{"predicate":{"custom_model_data":433},"model":"modelengine:em_pirate_a1/right_arm_a"},{"predicate":{"custom_model_data":434},"model":"modelengine:em_pirate_a1/left_leg_a"},{"predicate":{"custom_model_data":435},"model":"modelengine:em_pirate_a1/right_arm_b"},{"predicate":{"custom_model_data":436},"model":"modelengine:em_pirate_a1/right_leg2"},{"predicate":{"custom_model_data":437},"model":"modelengine:em_pirate_a1/left_leg2_a"},{"predicate":{"custom_model_data":438},"model":"modelengine:em_pirate_a1/hip2"},{"predicate":{"custom_model_data":439},"model":"modelengine:em_pirate_a1/left_leg2_b"},{"predicate":{"custom_model_data":440},"model":"modelengine:em_pirate_a1/left_leg2"},{"predicate":{"custom_model_data":441},"model":"modelengine:em_pirate_a1/right_leg3"},{"predicate":{"custom_model_data":442},"model":"modelengine:em_pirate_a1/hip3"},{"predicate":{"custom_model_data":443},"model":"modelengine:em_pirate_a1/left_leg3_b"},{"predicate":{"custom_model_data":444},"model":"modelengine:em_pirate_a1/left_leg3_a"},{"predicate":{"custom_model_data":445},"model":"modelengine:em_pirate_a1/left_leg3"},{"predicate":{"custom_model_data":446},"model":"modelengine:em_pirate_a1/left_leg"},{"predicate":{"custom_model_data":447},"model":"modelengine:em_pirate_a1/right_leg"},{"predicate":{"custom_model_data":448},"model":"modelengine:em_pirate_a1/left_arm4"},{"predicate":{"custom_model_data":449},"model":"modelengine:em_pirate_a1/right_arm4"},{"predicate":{"custom_model_data":450},"model":"modelengine:em_pirate_a1/right_arm4_b2"},{"predicate":{"custom_model_data":451},"model":"modelengine:em_pirate_a1/right_arm4_b"},{"predicate":{"custom_model_data":452},"model":"modelengine:em_pirate_a1/head4"},{"predicate":{"custom_model_data":453},"model":"modelengine:em_pirate_a1/right_arm4_a"},{"predicate":{"custom_model_data":454},"model":"modelengine:em_pirate_a1/hip4_b"},{"predicate":{"custom_model_data":455},"model":"modelengine:em_pirate_a1/hip4_a"},{"predicate":{"custom_model_data":456},"model":"modelengine:em_pirate_a1/hip4_d"},{"predicate":{"custom_model_data":457},"model":"modelengine:em_pirate_a1/hip4_c"},{"predicate":{"custom_model_data":458},"model":"modelengine:em_pirate_a1/head_e"},{"predicate":{"custom_model_data":459},"model":"modelengine:em_pirate_a1/head_c"},{"predicate":{"custom_model_data":460},"model":"modelengine:em_pirate_a1/head_b"},{"predicate":{"custom_model_data":461},"model":"modelengine:em_pirate_a1/head_f"},{"predicate":{"custom_model_data":462},"model":"modelengine:em_pirate_a1/head_d"},{"predicate":{"custom_model_data":463},"model":"modelengine:em_pirate_a1/head_g"},{"predicate":{"custom_model_data":464},"model":"modelengine:em_pirate_a1/hip_b"},{"predicate":{"custom_model_data":465},"model":"modelengine:em_pirate_a1/hip_d"},{"predicate":{"custom_model_data":466},"model":"modelengine:em_pirate_a1/hip_a"},{"predicate":{"custom_model_data":467},"model":"modelengine:em_pirate_a1/hip_c"},{"predicate":{"custom_model_data":468},"model":"modelengine:em_pirate_a1/hip2_d"},{"predicate":{"custom_model_data":469},"model":"modelengine:em_pirate_a1/hip2_a"},{"predicate":{"custom_model_data":470},"model":"modelengine:em_pirate_a1/hip2_b"},{"predicate":{"custom_model_data":471},"model":"modelengine:em_pirate_a1/hip2_c"},{"predicate":{"custom_model_data":472},"model":"modelengine:em_pirate_a1/right_arm2_a"},{"predicate":{"custom_model_data":473},"model":"modelengine:em_pirate_a1/left_arm2"},{"predicate":{"custom_model_data":474},"model":"modelengine:em_pirate_a1/right_arm2_b"},{"predicate":{"custom_model_data":475},"model":"modelengine:em_pirate_a1/right_arm2_b2"},{"predicate":{"custom_model_data":476},"model":"modelengine:em_pirate_a1/right_arm2"},{"predicate":{"custom_model_data":477},"model":"modelengine:em_pirate_a1/head2"},{"predicate":{"custom_model_data":478},"model":"modelengine:em_pirate_a1/right_arm3_b2"},{"predicate":{"custom_model_data":479},"model":"modelengine:em_pirate_a1/left_arm3"},{"predicate":{"custom_model_data":480},"model":"modelengine:em_pirate_a1/right_arm3_b"},{"predicate":{"custom_model_data":481},"model":"modelengine:em_pirate_a1/right_arm3"},{"predicate":{"custom_model_data":482},"model":"modelengine:em_pirate_a1/right_arm3_a"},{"predicate":{"custom_model_data":483},"model":"modelengine:em_pirate_a1/head3"},{"predicate":{"custom_model_data":484},"model":"modelengine:em_pirate_a1/hip3_c"},{"predicate":{"custom_model_data":485},"model":"modelengine:em_pirate_a1/hip3_a"},{"predicate":{"custom_model_data":486},"model":"modelengine:em_pirate_a1/hip3_d"},{"predicate":{"custom_model_data":487},"model":"modelengine:em_pirate_a1/hip3_b"},{"predicate":{"custom_model_data":488},"model":"modelengine:em_pirate_a1/head4_c"},{"predicate":{"custom_model_data":489},"model":"modelengine:em_pirate_a1/head4_f"},{"predicate":{"custom_model_data":490},"model":"modelengine:em_pirate_a1/head4_g"},{"predicate":{"custom_model_data":491},"model":"modelengine:em_pirate_a1/head4_b"},{"predicate":{"custom_model_data":492},"model":"modelengine:em_pirate_a1/head4_e"},{"predicate":{"custom_model_data":493},"model":"modelengine:em_pirate_a1/head4_d"},{"predicate":{"custom_model_data":494},"model":"modelengine:em_pirate_a1/head2_b"},{"predicate":{"custom_model_data":495},"model":"modelengine:em_pirate_a1/head2_c"},{"predicate":{"custom_model_data":496},"model":"modelengine:em_pirate_a1/head2_g"},{"predicate":{"custom_model_data":497},"model":"modelengine:em_pirate_a1/head2_f"},{"predicate":{"custom_model_data":498},"model":"modelengine:em_pirate_a1/head2_e"},{"predicate":{"custom_model_data":499},"model":"modelengine:em_pirate_a1/head2_d"},{"predicate":{"custom_model_data":500},"model":"modelengine:em_pirate_a1/head3_g"},{"predicate":{"custom_model_data":501},"model":"modelengine:em_pirate_a1/head3_b"},{"predicate":{"custom_model_data":502},"model":"modelengine:em_pirate_a1/head3_d"},{"predicate":{"custom_model_data":503},"model":"modelengine:em_pirate_a1/head3_c"},{"predicate":{"custom_model_data":504},"model":"modelengine:em_pirate_a1/head3_f"},{"predicate":{"custom_model_data":505},"model":"modelengine:em_pirate_a1/head3_e"},{"predicate":{"custom_model_data":506},"model":"modelengine:em_pirate_a1/hip"},{"predicate":{"custom_model_data":507},"model":"modelengine:em_pirate_a1/right_arm"},{"predicate":{"custom_model_data":508},"model":"modelengine:em_pirate_a1/left_arm"},{"predicate":{"custom_model_data":509},"model":"modelengine:em_pirate_a1/head"}],"parent":"minecraft:item/generated","textures":{"layer0":"minecraft:item/leather_horse_armor"}}