{"overrides":[{"predicate":{"custom_model_data":1},"model":"modelengine:pirate_swordsman/right_foot"},{"predicate":{"custom_model_data":2},"model":"modelengine:lobster_king/neck"},{"predicate":{"custom_model_data":3},"model":"modelengine:pirate_swordsman/upper_body"},{"predicate":{"custom_model_data":4},"model":"modelengine:lobster_king/tail_3"},{"predicate":{"custom_model_data":5},"model":"modelengine:pirate_swordsman/right_arm"},{"predicate":{"custom_model_data":6},"model":"modelengine:pirate_swordsman/left_ankle"},{"predicate":{"custom_model_data":7},"model":"modelengine:pirate_gunner/neck"},{"predicate":{"custom_model_data":8},"model":"modelengine:lobster_king/right_leg_mid"},{"predicate":{"custom_model_data":9},"model":"modelengine:pirate_gunner/head"},{"predicate":{"custom_model_data":10},"model":"modelengine:pirate_gunner/right_hand"},{"predicate":{"custom_model_data":11},"model":"modelengine:lobster_king/left_foot"},{"predicate":{"custom_model_data":12},"model":"modelengine:lobster_king/right_arm"},{"predicate":{"custom_model_data":13},"model":"modelengine:pirate_gunner/right_arm"},{"predicate":{"custom_model_data":14},"model":"modelengine:pirate_swordsman/left_arm"},{"predicate":{"custom_model_data":15},"model":"modelengine:pirate_swordsman/left_wrist"},{"predicate":{"custom_model_data":16},"model":"modelengine:barrel_bomb/bomb"},{"predicate":{"custom_model_data":17},"model":"modelengine:pirate_gunner/left_leg"},{"predicate":{"custom_model_data":18},"model":"modelengine:pirate_swordsman/right_leg"},{"predicate":{"custom_model_data":19},"model":"modelengine:pirate_swordsman/right_ankle"},{"predicate":{"custom_model_data":20},"model":"modelengine:pirate_gunner/right_ankle"},{"predicate":{"custom_model_data":21},"model":"modelengine:pirate_gunner/left_ankle"},{"predicate":{"custom_model_data":22},"model":"modelengine:barrel_bomb/left_leg"},{"predicate":{"custom_model_data":23},"model":"modelengine:pirate_swordsman/right_wrist"},{"predicate":{"custom_model_data":24},"model":"modelengine:lobster_king/head"},{"predicate":{"custom_model_data":25},"model":"modelengine:lobster_king/upper_body"},{"predicate":{"custom_model_data":26},"model":"modelengine:lobster_king/tail"},{"predicate":{"custom_model_data":27},"model":"modelengine:pirate_gunner/left_hand"},{"predicate":{"custom_model_data":28},"model":"modelengine:lobster_king/tail_2"},{"predicate":{"custom_model_data":29},"model":"modelengine:octo_tentacle/tentacle_3"},{"predicate":{"custom_model_data":30},"model":"modelengine:lobster_king/right_foot"},{"predicate":{"custom_model_data":31},"model":"modelengine:pirate_gunner/left_foot"},{"predicate":{"custom_model_data":32},"model":"modelengine:lobster_king/neck_mid"},{"predicate":{"custom_model_data":33},"model":"modelengine:lobster_king/right_claw_lower"},{"predicate":{"custom_model_data":34},"model":"modelengine:lobster_king/tail_4"},{"predicate":{"custom_model_data":35},"model":"modelengine:lobster_king/left_leg"},{"predicate":{"custom_model_data":36},"model":"modelengine:lobster_king/right_claw"},{"predicate":{"custom_model_data":37},"model":"modelengine:lobster_king/left_claw_upper"},{"predicate":{"custom_model_data":38},"model":"modelengine:lobster_king/left_claw_lower"},{"predicate":{"custom_model_data":39},"model":"modelengine:pirate_gunner/weapon"},{"predicate":{"custom_model_data":40},"model":"modelengine:pirate_gunner/right_wrist"},{"predicate":{"custom_model_data":41},"model":"modelengine:pirate_swordsman/right_hand"},{"predicate":{"custom_model_data":42},"model":"modelengine:pirate_swordsman/left_hand"},{"predicate":{"custom_model_data":43},"model":"modelengine:lobster_king/right_leg"},{"predicate":{"custom_model_data":44},"model":"modelengine:lobster_king/left_claw"},{"predicate":{"custom_model_data":45},"model":"modelengine:octo_tentacle/tentacle_4"},{"predicate":{"custom_model_data":46},"model":"modelengine:pirate_gunner/left_arm"},{"predicate":{"custom_model_data":47},"model":"modelengine:pirate_swordsman/weapon"},{"predicate":{"custom_model_data":48},"model":"modelengine:barrel_bomb/right_leg"},{"predicate":{"custom_model_data":49},"model":"modelengine:lobster_king/left_arm"},{"predicate":{"custom_model_data":50},"model":"modelengine:pirate_swordsman/neck"},{"predicate":{"custom_model_data":51},"model":"modelengine:pirate_gunner/upper_body"},{"predicate":{"custom_model_data":52},"model":"modelengine:barrel_bomb/string"},{"predicate":{"custom_model_data":53},"model":"modelengine:pirate_swordsman/head"},{"predicate":{"custom_model_data":54},"model":"modelengine:pirate_gunner/right_foot"},{"predicate":{"custom_model_data":55},"model":"modelengine:lobster_king/right_claw_upper"},{"predicate":{"custom_model_data":56},"model":"modelengine:pirate_gunner/right_leg"},{"predicate":{"custom_model_data":57},"model":"modelengine:lobster_king/left_leg_mid"},{"predicate":{"custom_model_data":58},"model":"modelengine:pirate_gunner/left_wrist"},{"predicate":{"custom_model_data":59},"model":"modelengine:lobster_king/tail_end"},{"predicate":{"custom_model_data":60},"model":"modelengine:lobster_king/right_ankle"},{"predicate":{"custom_model_data":61},"model":"modelengine:lobster_king/upper_body_upper"},{"predicate":{"custom_model_data":62},"model":"modelengine:octo_tentacle/tentacle_5"},{"predicate":{"custom_model_data":63},"model":"modelengine:octo_tentacle/tentacle_2"},{"predicate":{"custom_model_data":64},"model":"modelengine:lobster_king/left_ankle"},{"predicate":{"custom_model_data":65},"model":"modelengine:octo_tentacle/tentacle"},{"predicate":{"custom_model_data":66},"model":"modelengine:lobster_king/right_wrist"},{"predicate":{"custom_model_data":67},"model":"modelengine:pirate_swordsman/left_leg"},{"predicate":{"custom_model_data":68},"model":"modelengine:lobster_king/left_wrist"},{"predicate":{"custom_model_data":69},"model":"modelengine:pirate_swordsman/left_foot"},{"predicate":{"custom_model_data":70},"model":"modelengine:captain_octo/left_leg"},{"predicate":{"custom_model_data":71},"model":"modelengine:captain_octo/right_leg"},{"predicate":{"custom_model_data":72},"model":"modelengine:captain_octo/upper_body"},{"predicate":{"custom_model_data":73},"model":"modelengine:captain_octo/right_ankle"},{"predicate":{"custom_model_data":74},"model":"modelengine:captain_octo/back_cape"},{"predicate":{"custom_model_data":75},"model":"modelengine:captain_octo/head"},{"predicate":{"custom_model_data":76},"model":"modelengine:captain_octo/front_cape"},{"predicate":{"custom_model_data":77},"model":"modelengine:captain_octo/right_arm"},{"predicate":{"custom_model_data":78},"model":"modelengine:captain_octo/right_cape"},{"predicate":{"custom_model_data":79},"model":"modelengine:captain_octo/left_arm"},{"predicate":{"custom_model_data":80},"model":"modelengine:captain_octo/left_cape"},{"predicate":{"custom_model_data":81},"model":"modelengine:captain_octo/right_foot"},{"predicate":{"custom_model_data":82},"model":"modelengine:captain_octo/back_cape_end"},{"predicate":{"custom_model_data":83},"model":"modelengine:captain_octo/left_lt"},{"predicate":{"custom_model_data":84},"model":"modelengine:captain_octo/left_dt"},{"predicate":{"custom_model_data":85},"model":"modelengine:captain_octo/left_t"},{"predicate":{"custom_model_data":86},"model":"modelengine:captain_octo/mid_t"},{"predicate":{"custom_model_data":87},"model":"modelengine:captain_octo/right_dt"},{"predicate":{"custom_model_data":88},"model":"modelengine:captain_octo/right_t"},{"predicate":{"custom_model_data":89},"model":"modelengine:captain_octo/right_lt"},{"predicate":{"custom_model_data":90},"model":"modelengine:captain_octo/front_cape_end"},{"predicate":{"custom_model_data":91},"model":"modelengine:captain_octo/right_arm_mid"},{"predicate":{"custom_model_data":92},"model":"modelengine:captain_octo/right_cape_end"},{"predicate":{"custom_model_data":93},"model":"modelengine:captain_octo/left_arm_mid"},{"predicate":{"custom_model_data":94},"model":"modelengine:captain_octo/left_cape_end"},{"predicate":{"custom_model_data":95},"model":"modelengine:captain_octo/left_t_mid"},{"predicate":{"custom_model_data":96},"model":"modelengine:captain_octo/left_dt_mid"},{"predicate":{"custom_model_data":97},"model":"modelengine:captain_octo/left_t_end"},{"predicate":{"custom_model_data":98},"model":"modelengine:captain_octo/mid_t_mid"},{"predicate":{"custom_model_data":99},"model":"modelengine:captain_octo/right_dt_mid"},{"predicate":{"custom_model_data":100},"model":"modelengine:captain_octo/right_t_end"},{"predicate":{"custom_model_data":101},"model":"modelengine:captain_octo/right_t_mid"},{"predicate":{"custom_model_data":102},"model":"modelengine:captain_octo/right_arm_end"},{"predicate":{"custom_model_data":103},"model":"modelengine:captain_octo/left_arm_end"},{"predicate":{"custom_model_data":104},"model":"modelengine:captain_octo/right_hand"},{"predicate":{"custom_model_data":105},"model":"modelengine:captain_octo/left_hand"},{"predicate":{"custom_model_data":106},"model":"modelengine:captain_octo/sword"},{"predicate":{"custom_model_data":107},"model":"modelengine:captain_octo/pistol"},{"predicate":{"custom_model_data":108},"model":"modelengine:em_pirabulletto/core"},{"predicate":{"custom_model_data":109},"model":"modelengine:em_pirate_b1/left_leg"},{"predicate":{"custom_model_data":110},"model":"modelengine:em_pirate_b1/right_leg"},{"predicate":{"custom_model_data":111},"model":"modelengine:em_pirate_b1/hip2"},{"predicate":{"custom_model_data":112},"model":"modelengine:em_pirate_b1/hip3"},{"predicate":{"custom_model_data":113},"model":"modelengine:em_pirate_b1/left_shin"},{"predicate":{"custom_model_data":114},"model":"modelengine:em_pirate_b1/right_shin"},{"predicate":{"custom_model_data":115},"model":"modelengine:em_pirate_b1/right_leg2"},{"predicate":{"custom_model_data":116},"model":"modelengine:em_pirate_b1/left_leg2"},{"predicate":{"custom_model_data":117},"model":"modelengine:em_pirate_b1/hip_c2"},{"predicate":{"custom_model_data":118},"model":"modelengine:em_pirate_b1/hip2_a"},{"predicate":{"custom_model_data":119},"model":"modelengine:em_pirate_b1/hip_d2"},{"predicate":{"custom_model_data":120},"model":"modelengine:em_pirate_b1/hip_b2"},{"predicate":{"custom_model_data":121},"model":"modelengine:em_pirate_b1/head2_b"},{"predicate":{"custom_model_data":122},"model":"modelengine:em_pirate_b1/head2_g"},{"predicate":{"custom_model_data":123},"model":"modelengine:em_pirate_b1/head2_c"},{"predicate":{"custom_model_data":124},"model":"modelengine:em_pirate_b1/head2_e"},{"predicate":{"custom_model_data":125},"model":"modelengine:em_pirate_b1/head2_d"},{"predicate":{"custom_model_data":126},"model":"modelengine:em_pirate_b1/head2_f"},{"predicate":{"custom_model_data":127},"model":"modelengine:em_pirate_b1/chest2"},{"predicate":{"custom_model_data":128},"model":"modelengine:em_pirate_b1/hip3_b"},{"predicate":{"custom_model_data":129},"model":"modelengine:em_pirate_b1/hip3_d"},{"predicate":{"custom_model_data":130},"model":"modelengine:em_pirate_b1/hip3_a"},{"predicate":{"custom_model_data":131},"model":"modelengine:em_pirate_b1/hip3_c"},{"predicate":{"custom_model_data":132},"model":"modelengine:em_pirate_b1/head3_b"},{"predicate":{"custom_model_data":133},"model":"modelengine:em_pirate_b1/head3_g"},{"predicate":{"custom_model_data":134},"model":"modelengine:em_pirate_b1/head3_e"},{"predicate":{"custom_model_data":135},"model":"modelengine:em_pirate_b1/head3_d"},{"predicate":{"custom_model_data":136},"model":"modelengine:em_pirate_b1/head3_f"},{"predicate":{"custom_model_data":137},"model":"modelengine:em_pirate_b1/head3_c"},{"predicate":{"custom_model_data":138},"model":"modelengine:em_pirate_b1/right_leg3"},{"predicate":{"custom_model_data":139},"model":"modelengine:em_pirate_b1/left_leg3"},{"predicate":{"custom_model_data":140},"model":"modelengine:em_pirate_b1/chest3"},{"predicate":{"custom_model_data":141},"model":"modelengine:em_pirate_b1/head_c"},{"predicate":{"custom_model_data":142},"model":"modelengine:em_pirate_b1/head_e"},{"predicate":{"custom_model_data":143},"model":"modelengine:em_pirate_b1/head_b"},{"predicate":{"custom_model_data":144},"model":"modelengine:em_pirate_b1/head_g"},{"predicate":{"custom_model_data":145},"model":"modelengine:em_pirate_b1/head_d"},{"predicate":{"custom_model_data":146},"model":"modelengine:em_pirate_b1/head_f"},{"predicate":{"custom_model_data":147},"model":"modelengine:em_pirate_b1/hip_c"},{"predicate":{"custom_model_data":148},"model":"modelengine:em_pirate_b1/hip_a"},{"predicate":{"custom_model_data":149},"model":"modelengine:em_pirate_b1/hip_d"},{"predicate":{"custom_model_data":150},"model":"modelengine:em_pirate_b1/hip_b"},{"predicate":{"custom_model_data":151},"model":"modelengine:em_pirate_b1/hip"},{"predicate":{"custom_model_data":152},"model":"modelengine:em_pirate_b1/left_foot"},{"predicate":{"custom_model_data":153},"model":"modelengine:em_pirate_b1/right_foot"},{"predicate":{"custom_model_data":154},"model":"modelengine:em_pirate_b1/right_shin2"},{"predicate":{"custom_model_data":155},"model":"modelengine:em_pirate_b1/left_shin2"},{"predicate":{"custom_model_data":156},"model":"modelengine:em_pirate_b1/chest_c2"},{"predicate":{"custom_model_data":157},"model":"modelengine:em_pirate_b1/chest2_a"},{"predicate":{"custom_model_data":158},"model":"modelengine:em_pirate_b1/chest_d2"},{"predicate":{"custom_model_data":159},"model":"modelengine:em_pirate_b1/chest_b2"},{"predicate":{"custom_model_data":160},"model":"modelengine:em_pirate_b1/right_arm2"},{"predicate":{"custom_model_data":161},"model":"modelengine:em_pirate_b1/head2"},{"predicate":{"custom_model_data":162},"model":"modelengine:em_pirate_b1/left_arm2"},{"predicate":{"custom_model_data":163},"model":"modelengine:em_pirate_b1/chest3_b"},{"predicate":{"custom_model_data":164},"model":"modelengine:em_pirate_b1/chest3_d"},{"predicate":{"custom_model_data":165},"model":"modelengine:em_pirate_b1/chest3_a"},{"predicate":{"custom_model_data":166},"model":"modelengine:em_pirate_b1/chest3_c"},{"predicate":{"custom_model_data":167},"model":"modelengine:em_pirate_b1/right_shin3"},{"predicate":{"custom_model_data":168},"model":"modelengine:em_pirate_b1/left_shin3"},{"predicate":{"custom_model_data":169},"model":"modelengine:em_pirate_b1/head3"},{"predicate":{"custom_model_data":170},"model":"modelengine:em_pirate_b1/left_arm3"},{"predicate":{"custom_model_data":171},"model":"modelengine:em_pirate_b1/right_arm3"},{"predicate":{"custom_model_data":172},"model":"modelengine:em_pirate_b1/chest_c"},{"predicate":{"custom_model_data":173},"model":"modelengine:em_pirate_b1/chest_a"},{"predicate":{"custom_model_data":174},"model":"modelengine:em_pirate_b1/chest_d"},{"predicate":{"custom_model_data":175},"model":"modelengine:em_pirate_b1/chest_b"},{"predicate":{"custom_model_data":176},"model":"modelengine:em_pirate_b1/right_foot2"},{"predicate":{"custom_model_data":177},"model":"modelengine:em_pirate_b1/left_foot2"},{"predicate":{"custom_model_data":178},"model":"modelengine:em_pirate_b1/right_arm_a4"},{"predicate":{"custom_model_data":179},"model":"modelengine:em_pirate_b1/left_arm_c2"},{"predicate":{"custom_model_data":180},"model":"modelengine:em_pirate_b1/right_arm2_a"},{"predicate":{"custom_model_data":181},"model":"modelengine:em_pirate_b1/left_arm2_a"},{"predicate":{"custom_model_data":182},"model":"modelengine:em_pirate_b1/right_arm_d2"},{"predicate":{"custom_model_data":183},"model":"modelengine:em_pirate_b1/left_arm_d2"},{"predicate":{"custom_model_data":184},"model":"modelengine:em_pirate_b1/left_arm_b2"},{"predicate":{"custom_model_data":185},"model":"modelengine:em_pirate_b1/right_arm_b2"},{"predicate":{"custom_model_data":186},"model":"modelengine:em_pirate_b1/right_forearm2"},{"predicate":{"custom_model_data":187},"model":"modelengine:em_pirate_b1/left_forearm2"},{"predicate":{"custom_model_data":188},"model":"modelengine:em_pirate_b1/left_arm3_b"},{"predicate":{"custom_model_data":189},"model":"modelengine:em_pirate_b1/right_arm3_b"},{"predicate":{"custom_model_data":190},"model":"modelengine:em_pirate_b1/left_arm3_d"},{"predicate":{"custom_model_data":191},"model":"modelengine:em_pirate_b1/right_arm3_d"},{"predicate":{"custom_model_data":192},"model":"modelengine:em_pirate_b1/left_arm3_a"},{"predicate":{"custom_model_data":193},"model":"modelengine:em_pirate_b1/right_arm3_a"},{"predicate":{"custom_model_data":194},"model":"modelengine:em_pirate_b1/right_arm3_a2"},{"predicate":{"custom_model_data":195},"model":"modelengine:em_pirate_b1/left_arm3_c"},{"predicate":{"custom_model_data":196},"model":"modelengine:em_pirate_b1/right_foot3"},{"predicate":{"custom_model_data":197},"model":"modelengine:em_pirate_b1/left_foot3"},{"predicate":{"custom_model_data":198},"model":"modelengine:em_pirate_b1/left_forearm3"},{"predicate":{"custom_model_data":199},"model":"modelengine:em_pirate_b1/right_forearm3"},{"predicate":{"custom_model_data":200},"model":"modelengine:em_pirate_b1/right_arm_c"},{"predicate":{"custom_model_data":201},"model":"modelengine:em_pirate_b1/left_arm_c"},{"predicate":{"custom_model_data":202},"model":"modelengine:em_pirate_b1/right_arm_a"},{"predicate":{"custom_model_data":203},"model":"modelengine:em_pirate_b1/left_arm_a"},{"predicate":{"custom_model_data":204},"model":"modelengine:em_pirate_b1/right_arm_d"},{"predicate":{"custom_model_data":205},"model":"modelengine:em_pirate_b1/left_arm_d"},{"predicate":{"custom_model_data":206},"model":"modelengine:em_pirate_b1/right_arm_b"},{"predicate":{"custom_model_data":207},"model":"modelengine:em_pirate_b1/left_arm_b"},{"predicate":{"custom_model_data":208},"model":"modelengine:em_pirate_b1/chest"},{"predicate":{"custom_model_data":209},"model":"modelengine:em_pirate_b1/right_arm"},{"predicate":{"custom_model_data":210},"model":"modelengine:em_pirate_b1/head"},{"predicate":{"custom_model_data":211},"model":"modelengine:em_pirate_b1/left_arm"},{"predicate":{"custom_model_data":212},"model":"modelengine:em_pirate_b1/right_forearm"},{"predicate":{"custom_model_data":213},"model":"modelengine:em_pirate_b1/left_forearm"},{"predicate":{"custom_model_data":214},"model":"modelengine:em_pirate_a1/hip4"},{"predicate":{"custom_model_data":215},"model":"modelengine:em_pirate_a1/right_leg4"},{"predicate":{"custom_model_data":216},"model":"modelengine:em_pirate_a1/left_leg4"},{"predicate":{"custom_model_data":217},"model":"modelengine:em_pirate_a1/left_leg4_a"},{"predicate":{"custom_model_data":218},"model":"modelengine:em_pirate_a1/left_leg4_b"},{"predicate":{"custom_model_data":219},"model":"modelengine:em_pirate_a1/right_arm_b2"},{"predicate":{"custom_model_data":220},"model":"modelengine:em_pirate_a1/left_leg_b"},{"predicate":{"custom_model_data":221},"model":"modelengine:em_pirate_a1/right_arm_a"},{"predicate":{"custom_model_data":222},"model":"modelengine:em_pirate_a1/left_leg_a"},{"predicate":{"custom_model_data":223},"model":"modelengine:em_pirate_a1/right_arm_b"},{"predicate":{"custom_model_data":224},"model":"modelengine:em_pirate_a1/right_leg2"},{"predicate":{"custom_model_data":225},"model":"modelengine:em_pirate_a1/left_leg2_a"},{"predicate":{"custom_model_data":226},"model":"modelengine:em_pirate_a1/hip2"},{"predicate":{"custom_model_data":227},"model":"modelengine:em_pirate_a1/left_leg2_b"},{"predicate":{"custom_model_data":228},"model":"modelengine:em_pirate_a1/left_leg2"},{"predicate":{"custom_model_data":229},"model":"modelengine:em_pirate_a1/right_leg3"},{"predicate":{"custom_model_data":230},"model":"modelengine:em_pirate_a1/hip3"},{"predicate":{"custom_model_data":231},"model":"modelengine:em_pirate_a1/left_leg3_b"},{"predicate":{"custom_model_data":232},"model":"modelengine:em_pirate_a1/left_leg3_a"},{"predicate":{"custom_model_data":233},"model":"modelengine:em_pirate_a1/left_leg3"},{"predicate":{"custom_model_data":234},"model":"modelengine:em_pirate_a1/left_leg"},{"predicate":{"custom_model_data":235},"model":"modelengine:em_pirate_a1/right_leg"},{"predicate":{"custom_model_data":236},"model":"modelengine:em_pirate_a1/left_arm4"},{"predicate":{"custom_model_data":237},"model":"modelengine:em_pirate_a1/right_arm4"},{"predicate":{"custom_model_data":238},"model":"modelengine:em_pirate_a1/right_arm4_b2"},{"predicate":{"custom_model_data":239},"model":"modelengine:em_pirate_a1/right_arm4_b"},{"predicate":{"custom_model_data":240},"model":"modelengine:em_pirate_a1/head4"},{"predicate":{"custom_model_data":241},"model":"modelengine:em_pirate_a1/right_arm4_a"},{"predicate":{"custom_model_data":242},"model":"modelengine:em_pirate_a1/hip4_b"},{"predicate":{"custom_model_data":243},"model":"modelengine:em_pirate_a1/hip4_a"},{"predicate":{"custom_model_data":244},"model":"modelengine:em_pirate_a1/hip4_d"},{"predicate":{"custom_model_data":245},"model":"modelengine:em_pirate_a1/hip4_c"},{"predicate":{"custom_model_data":246},"model":"modelengine:em_pirate_a1/head_e"},{"predicate":{"custom_model_data":247},"model":"modelengine:em_pirate_a1/head_c"},{"predicate":{"custom_model_data":248},"model":"modelengine:em_pirate_a1/head_b"},{"predicate":{"custom_model_data":249},"model":"modelengine:em_pirate_a1/head_f"},{"predicate":{"custom_model_data":250},"model":"modelengine:em_pirate_a1/head_d"},{"predicate":{"custom_model_data":251},"model":"modelengine:em_pirate_a1/head_g"},{"predicate":{"custom_model_data":252},"model":"modelengine:em_pirate_a1/hip_b"},{"predicate":{"custom_model_data":253},"model":"modelengine:em_pirate_a1/hip_d"},{"predicate":{"custom_model_data":254},"model":"modelengine:em_pirate_a1/hip_a"},{"predicate":{"custom_model_data":255},"model":"modelengine:em_pirate_a1/hip_c"},{"predicate":{"custom_model_data":256},"model":"modelengine:em_pirate_a1/hip2_d"},{"predicate":{"custom_model_data":257},"model":"modelengine:em_pirate_a1/hip2_a"},{"predicate":{"custom_model_data":258},"model":"modelengine:em_pirate_a1/hip2_b"},{"predicate":{"custom_model_data":259},"model":"modelengine:em_pirate_a1/hip2_c"},{"predicate":{"custom_model_data":260},"model":"modelengine:em_pirate_a1/right_arm2_a"},{"predicate":{"custom_model_data":261},"model":"modelengine:em_pirate_a1/left_arm2"},{"predicate":{"custom_model_data":262},"model":"modelengine:em_pirate_a1/right_arm2_b"},{"predicate":{"custom_model_data":263},"model":"modelengine:em_pirate_a1/right_arm2_b2"},{"predicate":{"custom_model_data":264},"model":"modelengine:em_pirate_a1/right_arm2"},{"predicate":{"custom_model_data":265},"model":"modelengine:em_pirate_a1/head2"},{"predicate":{"custom_model_data":266},"model":"modelengine:em_pirate_a1/right_arm3_b2"},{"predicate":{"custom_model_data":267},"model":"modelengine:em_pirate_a1/left_arm3"},{"predicate":{"custom_model_data":268},"model":"modelengine:em_pirate_a1/right_arm3_b"},{"predicate":{"custom_model_data":269},"model":"modelengine:em_pirate_a1/right_arm3"},{"predicate":{"custom_model_data":270},"model":"modelengine:em_pirate_a1/right_arm3_a"},{"predicate":{"custom_model_data":271},"model":"modelengine:em_pirate_a1/head3"},{"predicate":{"custom_model_data":272},"model":"modelengine:em_pirate_a1/hip3_c"},{"predicate":{"custom_model_data":273},"model":"modelengine:em_pirate_a1/hip3_a"},{"predicate":{"custom_model_data":274},"model":"modelengine:em_pirate_a1/hip3_d"},{"predicate":{"custom_model_data":275},"model":"modelengine:em_pirate_a1/hip3_b"},{"predicate":{"custom_model_data":276},"model":"modelengine:em_pirate_a1/head4_c"},{"predicate":{"custom_model_data":277},"model":"modelengine:em_pirate_a1/head4_f"},{"predicate":{"custom_model_data":278},"model":"modelengine:em_pirate_a1/head4_g"},{"predicate":{"custom_model_data":279},"model":"modelengine:em_pirate_a1/head4_b"},{"predicate":{"custom_model_data":280},"model":"modelengine:em_pirate_a1/head4_e"},{"predicate":{"custom_model_data":281},"model":"modelengine:em_pirate_a1/head4_d"},{"predicate":{"custom_model_data":282},"model":"modelengine:em_pirate_a1/head2_b"},{"predicate":{"custom_model_data":283},"model":"modelengine:em_pirate_a1/head2_c"},{"predicate":{"custom_model_data":284},"model":"modelengine:em_pirate_a1/head2_g"},{"predicate":{"custom_model_data":285},"model":"modelengine:em_pirate_a1/head2_f"},{"predicate":{"custom_model_data":286},"model":"modelengine:em_pirate_a1/head2_e"},{"predicate":{"custom_model_data":287},"model":"modelengine:em_pirate_a1/head2_d"},{"predicate":{"custom_model_data":288},"model":"modelengine:em_pirate_a1/head3_g"},{"predicate":{"custom_model_data":289},"model":"modelengine:em_pirate_a1/head3_b"},{"predicate":{"custom_model_data":290},"model":"modelengine:em_pirate_a1/head3_d"},{"predicate":{"custom_model_data":291},"model":"modelengine:em_pirate_a1/head3_c"},{"predicate":{"custom_model_data":292},"model":"modelengine:em_pirate_a1/head3_f"},{"predicate":{"custom_model_data":293},"model":"modelengine:em_pirate_a1/head3_e"},{"predicate":{"custom_model_data":294},"model":"modelengine:em_pirate_a1/hip"},{"predicate":{"custom_model_data":295},"model":"modelengine:em_pirate_a1/right_arm"},{"predicate":{"custom_model_data":296},"model":"modelengine:em_pirate_a1/left_arm"},{"predicate":{"custom_model_data":297},"model":"modelengine:em_pirate_a1/head"}],"parent":"minecraft:item/generated","textures":{"layer0":"minecraft:item/leather_horse_armor"}}