{
    "parent": "item/generated",
    "textures": {
        "layer0": "item/stick"
    },
    "overrides": [
		{"predicate": {"custom_model_data":1}, "model": "littleroom_aquaticpack:mount_barreleye"},
		{"predicate": {"custom_model_data":2}, "model": "littleroom_aquaticpack:mount_footballfish"},
		{"predicate": {"custom_model_data":3}, "model": "littleroom_aquaticpack:mount_hammerheadshark"},
		{"predicate": {"custom_model_data":4}, "model": "littleroom_aquaticpack:mount_marlin"},
		{"predicate": {"custom_model_data":5}, "model": "littleroom_aquaticpack:mount_nautilus"}

        ]
}
