{"textures":{"1":"modelengine:entity/em_pirate_b2","particle":"#1"},"elements":[{"from":[1.0,7.75,3.5],"to":[15.0,15.75,12.5],"faces":{"east":{"uv":[3.5,1.0,4.0625,1.5],"tintindex":0,"rotation":0,"texture":"#1"},"south":{"uv":[2.625,0.0,3.5,0.5],"tintindex":0,"rotation":0,"texture":"#1"},"north":{"uv":[0.875,2.25,1.75,2.75],"tintindex":0,"rotation":0,"texture":"#1"},"west":{"uv":[3.5,1.5,4.0625,2.0],"tintindex":0,"rotation":0,"texture":"#1"},"up":{"uv":[0.875,1.6875,0.0,1.125],"tintindex":0,"rotation":0,"texture":"#1"},"down":{"uv":[1.75,1.125,0.875,1.6875],"tintindex":0,"rotation":0,"texture":"#1"}}}],"display":{"head":{"rotation":[0.0,0.0,0.0]},"firstperson_righthand":{"rotation":[0.0,0.0,0.0]},"thirdperson_lefthand":{"rotation":[0.0,-0.0,-0.0]},"firstperson_lefthand":{"rotation":[0.0,-0.0,-0.0]},"fixed":{"rotation":[0.0,0.0,0.0]},"ground":{"rotation":[0.0,0.0,0.0]},"thirdperson_righthand":{"rotation":[0.0,0.0,0.0]},"gui":{"rotation":[-150.0,-45.0,180.0]}}}