{"textures":{"2":"modelengine:entity/em_pirate_b1","particle":"#2"},"elements":[{"from":[1.0,7.75,3.5],"to":[15.0,15.75,12.5],"faces":{"east":{"uv":[1.25,3.625,1.8125,4.125],"tintindex":0,"rotation":0,"texture":"#2"},"south":{"uv":[1.75,2.625,2.625,3.125],"tintindex":0,"rotation":0,"texture":"#2"},"north":{"uv":[2.625,1.5,3.5,2.0],"tintindex":0,"rotation":0,"texture":"#2"},"west":{"uv":[1.8125,3.625,2.375,4.125],"tintindex":0,"rotation":0,"texture":"#2"},"up":{"uv":[2.625,0.5625,1.75,0.0],"tintindex":0,"rotation":0,"texture":"#2"},"down":{"uv":[2.625,0.5625,1.75,1.125],"tintindex":0,"rotation":0,"texture":"#2"}}}],"display":{"head":{"rotation":[0.0,0.0,0.0]},"firstperson_righthand":{"rotation":[0.0,0.0,0.0]},"thirdperson_lefthand":{"rotation":[0.0,-0.0,-0.0]},"firstperson_lefthand":{"rotation":[0.0,-0.0,-0.0]},"fixed":{"rotation":[0.0,0.0,0.0]},"ground":{"rotation":[0.0,0.0,0.0]},"thirdperson_righthand":{"rotation":[0.0,0.0,0.0]},"gui":{"rotation":[-150.0,-45.0,180.0]}}}