{"textures":{"2":"modelengine:entity/em_pirate_b1","particle":"#2"},"elements":[{"from":[4.0960197,8.2400055,3.8843098],"to":[12.09602,16.240005,11.88431],"faces":{"east":{"uv":[5.4375,2.0,5.9375,2.5],"tintindex":0,"rotation":0,"texture":"#2"},"south":{"uv":[2.5,5.4375,3.0,5.9375],"tintindex":0,"rotation":0,"texture":"#2"},"north":{"uv":[2.0,5.4375,2.5,5.9375],"tintindex":0,"rotation":0,"texture":"#2"},"west":{"uv":[5.375,5.4375,5.875,5.9375],"tintindex":0,"rotation":0,"texture":"#2"},"up":{"uv":[6.0,2.0,5.5,1.5],"tintindex":0,"rotation":0,"texture":"#2"},"down":{"uv":[1.5,5.5625,1.0,6.0625],"tintindex":0,"rotation":0,"texture":"#2"}}}],"display":{"head":{"rotation":[0.0,0.0,0.0]},"firstperson_righthand":{"rotation":[0.0,0.0,0.0]},"thirdperson_lefthand":{"rotation":[0.0,-0.0,-0.0]},"firstperson_lefthand":{"rotation":[0.0,-0.0,-0.0]},"fixed":{"rotation":[0.0,0.0,0.0]},"ground":{"rotation":[0.0,0.0,0.0]},"thirdperson_righthand":{"rotation":[0.0,0.0,0.0]},"gui":{"rotation":[-150.0,-45.0,180.0]}}}