{"textures":{"0":"modelengine:entity/em_pirate_b3","particle":"#0"},"elements":[{"from":[4.0960197,8.2400055,3.8843079],"to":[12.09602,16.240005,11.884308],"faces":{"east":{"uv":[3.875,5.1875,4.375,5.6875],"tintindex":0,"rotation":0,"texture":"#0"},"south":{"uv":[4.375,5.1875,4.875,5.6875],"tintindex":0,"rotation":0,"texture":"#0"},"north":{"uv":[5.1875,1.0,5.6875,1.5],"tintindex":0,"rotation":0,"texture":"#0"},"west":{"uv":[4.875,5.1875,5.375,5.6875],"tintindex":0,"rotation":0,"texture":"#0"},"up":{"uv":[5.75,4.9375,5.25,4.4375],"tintindex":0,"rotation":0,"texture":"#0"},"down":{"uv":[3.75,5.3125,3.25,5.8125],"tintindex":0,"rotation":0,"texture":"#0"}}}],"display":{"head":{"rotation":[0.0,0.0,0.0]},"firstperson_righthand":{"rotation":[0.0,0.0,0.0]},"thirdperson_lefthand":{"rotation":[0.0,-0.0,-0.0]},"firstperson_lefthand":{"rotation":[0.0,-0.0,-0.0]},"fixed":{"rotation":[0.0,0.0,0.0]},"ground":{"rotation":[0.0,0.0,0.0]},"thirdperson_righthand":{"rotation":[0.0,0.0,0.0]},"gui":{"rotation":[-150.0,-45.0,180.0]}}}