{"textures":{"1":"modelengine:entity/em_pirate_b2","particle":"#1"},"elements":[{"from":[4.0960197,8.2400055,3.8843098],"to":[12.09602,16.240005,11.88431],"faces":{"east":{"uv":[5.5,4.875,6.0,5.375],"tintindex":0,"rotation":0,"texture":"#1"},"south":{"uv":[5.5,5.375,6.0,5.875],"tintindex":0,"rotation":0,"texture":"#1"},"north":{"uv":[5.5,1.5,6.0,2.0],"tintindex":0,"rotation":0,"texture":"#1"},"west":{"uv":[1.0,5.5625,1.5,6.0625],"tintindex":0,"rotation":0,"texture":"#1"},"up":{"uv":[6.0625,2.5,5.5625,2.0],"tintindex":0,"rotation":0,"texture":"#1"},"down":{"uv":[0.5,5.625,0.0,6.125],"tintindex":0,"rotation":0,"texture":"#1"}}}],"display":{"head":{"rotation":[0.0,0.0,0.0]},"firstperson_righthand":{"rotation":[0.0,0.0,0.0]},"thirdperson_lefthand":{"rotation":[0.0,-0.0,-0.0]},"firstperson_lefthand":{"rotation":[0.0,-0.0,-0.0]},"fixed":{"rotation":[0.0,0.0,0.0]},"ground":{"rotation":[0.0,0.0,0.0]},"thirdperson_righthand":{"rotation":[0.0,0.0,0.0]},"gui":{"rotation":[-150.0,-45.0,180.0]}}}