{"textures":{"0":"modelengine:entity/em_pirate_b3","particle":"#0"},"elements":[{"from":[4.0960197,8.2400055,3.8843079],"to":[12.09602,16.240005,11.884308],"faces":{"east":{"uv":[5.375,3.25,5.875,3.75],"tintindex":0,"rotation":0,"texture":"#0"},"south":{"uv":[5.375,3.75,5.875,4.25],"tintindex":0,"rotation":0,"texture":"#0"},"north":{"uv":[5.375,2.75,5.875,3.25],"tintindex":0,"rotation":0,"texture":"#0"},"west":{"uv":[5.375,4.9375,5.875,5.4375],"tintindex":0,"rotation":0,"texture":"#0"},"up":{"uv":[2.5,5.9375,2.0,5.4375],"tintindex":0,"rotation":0,"texture":"#0"},"down":{"uv":[5.9375,2.0,5.4375,2.5],"tintindex":0,"rotation":0,"texture":"#0"}}},{"from":[8.09602,12.2400055,11.884308],"to":[8.09602,17.240005,15.884308],"faces":{"east":{"uv":[7.25,7.4375,7.5,7.75],"tintindex":0,"rotation":0,"texture":"#0"},"west":{"uv":[0.0,7.5,0.25,7.8125],"tintindex":0,"rotation":0,"texture":"#0"}},"rotation":{"origin":[8.09602,14.7400055,11.884308],"angle":-45.0,"axis":"y"}},{"from":[8.09602,12.2400055,11.884308],"to":[8.09602,17.240005,15.884308],"faces":{"east":{"uv":[7.4375,6.875,7.6875,7.1875],"tintindex":0,"rotation":0,"texture":"#0"},"west":{"uv":[7.0,7.4375,7.25,7.75],"tintindex":0,"rotation":0,"texture":"#0"}},"rotation":{"origin":[8.09602,14.7400055,11.884308],"angle":45.0,"axis":"y"}},{"from":[3.9960198,13.140005,3.784308],"to":[12.19602,16.340006,11.984308],"faces":{"east":{"uv":[7.375,1.8125,7.875,2.0],"tintindex":0,"rotation":0,"texture":"#0"},"south":{"uv":[7.375,2.0,7.875,2.1875],"tintindex":0,"rotation":0,"texture":"#0"},"north":{"uv":[1.5625,7.375,2.0625,7.5625],"tintindex":0,"rotation":0,"texture":"#0"},"west":{"uv":[2.0625,7.375,2.5625,7.5625],"tintindex":0,"rotation":0,"texture":"#0"},"up":{"uv":[3.0,5.9375,2.5,5.4375],"tintindex":0,"rotation":0,"texture":"#0"},"down":{"uv":[5.875,5.4375,5.375,5.9375],"tintindex":0,"rotation":0,"texture":"#0"}}}],"display":{"head":{"rotation":[0.0,0.0,0.0]},"firstperson_righthand":{"rotation":[0.0,0.0,0.0]},"thirdperson_lefthand":{"rotation":[0.0,-0.0,-0.0]},"firstperson_lefthand":{"rotation":[0.0,-0.0,-0.0]},"fixed":{"rotation":[0.0,0.0,0.0]},"ground":{"rotation":[0.0,0.0,0.0]},"thirdperson_righthand":{"rotation":[0.0,0.0,0.0]},"gui":{"rotation":[-150.0,-45.0,180.0]}}}