{"textures":{"1":"modelengine:entity/em_pirate_b2","particle":"#1"},"elements":[{"from":[4.0960197,8.2400055,3.8843098],"to":[12.09602,16.240005,11.88431],"faces":{"east":{"uv":[5.375,3.375,5.875,3.875],"tintindex":0,"rotation":0,"texture":"#1"},"south":{"uv":[5.375,3.875,5.875,4.375],"tintindex":0,"rotation":0,"texture":"#1"},"north":{"uv":[1.5,5.375,2.0,5.875],"tintindex":0,"rotation":0,"texture":"#1"},"west":{"uv":[2.0,5.4375,2.5,5.9375],"tintindex":0,"rotation":0,"texture":"#1"},"up":{"uv":[3.0,5.9375,2.5,5.4375],"tintindex":0,"rotation":0,"texture":"#1"},"down":{"uv":[5.9375,2.5,5.4375,3.0],"tintindex":0,"rotation":0,"texture":"#1"}}}],"display":{"head":{"rotation":[0.0,0.0,0.0]},"firstperson_righthand":{"rotation":[0.0,0.0,0.0]},"thirdperson_lefthand":{"rotation":[0.0,-0.0,-0.0]},"firstperson_lefthand":{"rotation":[0.0,-0.0,-0.0]},"fixed":{"rotation":[0.0,0.0,0.0]},"ground":{"rotation":[0.0,0.0,0.0]},"thirdperson_righthand":{"rotation":[0.0,0.0,0.0]},"gui":{"rotation":[-150.0,-45.0,180.0]}}}