{"textures":{"0":"modelengine:entity/em_pirate_b3","particle":"#0"},"elements":[{"from":[4.0960197,8.2400055,3.8843079],"to":[12.09602,16.240005,11.884308],"faces":{"east":{"uv":[4.6875,0.0,5.1875,0.5],"tintindex":0,"rotation":0,"texture":"#0"},"south":{"uv":[4.6875,0.5,5.1875,1.0],"tintindex":0,"rotation":0,"texture":"#0"},"north":{"uv":[1.75,4.625,2.25,5.125],"tintindex":0,"rotation":0,"texture":"#0"},"west":{"uv":[4.6875,1.0,5.1875,1.5],"tintindex":0,"rotation":0,"texture":"#0"},"up":{"uv":[4.75,5.1875,4.25,4.6875],"tintindex":0,"rotation":0,"texture":"#0"},"down":{"uv":[5.25,4.6875,4.75,5.1875],"tintindex":0,"rotation":0,"texture":"#0"}}}],"display":{"head":{"rotation":[0.0,0.0,0.0]},"firstperson_righthand":{"rotation":[0.0,0.0,0.0]},"thirdperson_lefthand":{"rotation":[0.0,-0.0,-0.0]},"firstperson_lefthand":{"rotation":[0.0,-0.0,-0.0]},"fixed":{"rotation":[0.0,0.0,0.0]},"ground":{"rotation":[0.0,0.0,0.0]},"thirdperson_righthand":{"rotation":[0.0,0.0,0.0]},"gui":{"rotation":[-150.0,-45.0,180.0]}}}