{"textures":{"2":"modelengine:entity/em_pirate_b1","particle":"#2"},"elements":[{"from":[4.0960197,8.2400055,3.8843098],"to":[12.09602,16.240005,11.88431],"faces":{"east":{"uv":[3.25,5.3125,3.75,5.8125],"tintindex":0,"rotation":0,"texture":"#2"},"south":{"uv":[5.375,2.75,5.875,3.25],"tintindex":0,"rotation":0,"texture":"#2"},"north":{"uv":[5.25,4.4375,5.75,4.9375],"tintindex":0,"rotation":0,"texture":"#2"},"west":{"uv":[5.375,3.25,5.875,3.75],"tintindex":0,"rotation":0,"texture":"#2"},"up":{"uv":[5.875,4.25,5.375,3.75],"tintindex":0,"rotation":0,"texture":"#2"},"down":{"uv":[5.875,4.9375,5.375,5.4375],"tintindex":0,"rotation":0,"texture":"#2"}}}],"display":{"head":{"rotation":[0.0,0.0,0.0]},"firstperson_righthand":{"rotation":[0.0,0.0,0.0]},"thirdperson_lefthand":{"rotation":[0.0,-0.0,-0.0]},"firstperson_lefthand":{"rotation":[0.0,-0.0,-0.0]},"fixed":{"rotation":[0.0,0.0,0.0]},"ground":{"rotation":[0.0,0.0,0.0]},"thirdperson_righthand":{"rotation":[0.0,0.0,0.0]},"gui":{"rotation":[-150.0,-45.0,180.0]}}}