{"textures":{"1":"modelengine:entity/em_pirate_b2","particle":"#1"},"elements":[{"from":[8.09602,12.2400055,11.88431],"to":[8.09602,17.240005,15.88431],"faces":{"east":{"uv":[6.375,7.3125,6.625,7.625],"tintindex":0,"rotation":0,"texture":"#1"},"west":{"uv":[6.625,7.3125,6.875,7.625],"tintindex":0,"rotation":0,"texture":"#1"}},"rotation":{"origin":[8.09602,14.7400055,11.88431],"angle":-45.0,"axis":"y"}},{"from":[8.09602,12.2400055,11.88431],"to":[8.09602,17.240005,15.88431],"faces":{"east":{"uv":[6.875,7.3125,7.125,7.625],"tintindex":0,"rotation":0,"texture":"#1"},"west":{"uv":[7.125,7.3125,7.375,7.625],"tintindex":0,"rotation":0,"texture":"#1"}},"rotation":{"origin":[8.09602,14.7400055,11.88431],"angle":45.0,"axis":"y"}},{"from":[3.9960198,13.140005,3.7843099],"to":[12.19602,16.340006,11.98431],"faces":{"east":{"uv":[7.125,6.25,7.625,6.4375],"tintindex":0,"rotation":0,"texture":"#1"},"south":{"uv":[7.125,6.4375,7.625,6.625],"tintindex":0,"rotation":0,"texture":"#1"},"north":{"uv":[7.125,6.0625,7.625,6.25],"tintindex":0,"rotation":0,"texture":"#1"},"west":{"uv":[7.125,6.625,7.625,6.8125],"tintindex":0,"rotation":0,"texture":"#1"},"up":{"uv":[5.375,3.875,4.875,3.375],"tintindex":0,"rotation":0,"texture":"#1"},"down":{"uv":[5.375,3.875,4.875,4.375],"tintindex":0,"rotation":0,"texture":"#1"}}},{"from":[4.0960197,8.2400055,3.8843098],"to":[12.09602,16.240005,11.88431],"faces":{"east":{"uv":[4.6875,1.0,5.1875,1.5],"tintindex":0,"rotation":0,"texture":"#1"},"south":{"uv":[4.25,4.6875,4.75,5.1875],"tintindex":0,"rotation":0,"texture":"#1"},"north":{"uv":[4.6875,0.5,5.1875,1.0],"tintindex":0,"rotation":0,"texture":"#1"},"west":{"uv":[4.75,4.6875,5.25,5.1875],"tintindex":0,"rotation":0,"texture":"#1"},"up":{"uv":[4.0,5.3125,3.5,4.8125],"tintindex":0,"rotation":0,"texture":"#1"},"down":{"uv":[2.25,4.875,1.75,5.375],"tintindex":0,"rotation":0,"texture":"#1"}}}],"display":{"head":{"rotation":[0.0,0.0,0.0]},"firstperson_righthand":{"rotation":[0.0,0.0,0.0]},"thirdperson_lefthand":{"rotation":[0.0,-0.0,-0.0]},"firstperson_lefthand":{"rotation":[0.0,-0.0,-0.0]},"fixed":{"rotation":[0.0,0.0,0.0]},"ground":{"rotation":[0.0,0.0,0.0]},"thirdperson_righthand":{"rotation":[0.0,0.0,0.0]},"gui":{"rotation":[-150.0,-45.0,180.0]}}}