{"textures":{"0":"modelengine:entity/em_pirate_b3","particle":"#0"},"elements":[{"from":[3.9,14.025,3.9042115],"to":[12.1,17.225,12.104212],"faces":{"east":{"uv":[7.25,0.625,7.75,0.8125],"tintindex":0,"rotation":0,"texture":"#0"},"south":{"uv":[6.75,7.25,7.25,7.4375],"tintindex":0,"rotation":0,"texture":"#0"},"north":{"uv":[7.0625,5.0,7.5625,5.1875],"tintindex":0,"rotation":0,"texture":"#0"},"west":{"uv":[7.25,7.25,7.75,7.4375],"tintindex":0,"rotation":0,"texture":"#0"},"up":{"uv":[0.5,5.125,0.0,4.625],"tintindex":0,"rotation":0,"texture":"#0"},"down":{"uv":[1.0,4.625,0.5,5.125],"tintindex":0,"rotation":0,"texture":"#0"}}},{"from":[8.0,13.125,12.004211],"to":[8.0,18.125,16.004211],"faces":{"east":{"uv":[2.0,5.125,2.25,5.4375],"tintindex":0,"rotation":0,"texture":"#0"},"west":{"uv":[3.0,5.4375,3.25,5.75],"tintindex":0,"rotation":0,"texture":"#0"}},"rotation":{"origin":[8.0,15.625,12.004211],"angle":-45.0,"axis":"y"}},{"from":[4.0,8.0,4.0],"to":[12.0,16.0,12.0],"faces":{"east":{"uv":[2.375,4.4375,2.875,4.9375],"tintindex":0,"rotation":0,"texture":"#0"},"south":{"uv":[4.4375,2.4375,4.9375,2.9375],"tintindex":0,"rotation":0,"texture":"#0"},"north":{"uv":[1.875,4.125,2.375,4.625],"tintindex":0,"rotation":0,"texture":"#0"},"west":{"uv":[2.875,4.4375,3.375,4.9375],"tintindex":0,"rotation":0,"texture":"#0"},"up":{"uv":[5.0,2.25,4.5,1.75],"tintindex":0,"rotation":0,"texture":"#0"},"down":{"uv":[1.75,4.5625,1.25,5.0625],"tintindex":0,"rotation":0,"texture":"#0"}}},{"from":[8.0,13.125,12.004211],"to":[8.0,18.125,16.004211],"faces":{"east":{"uv":[3.375,4.4375,3.625,4.75],"tintindex":0,"rotation":0,"texture":"#0"},"west":{"uv":[1.0,4.625,1.25,4.9375],"tintindex":0,"rotation":0,"texture":"#0"}},"rotation":{"origin":[8.0,15.625,12.004211],"angle":45.0,"axis":"y"}}],"display":{"head":{"rotation":[0.0,0.0,0.0]},"firstperson_righthand":{"rotation":[0.0,0.0,0.0]},"thirdperson_lefthand":{"rotation":[0.0,-0.0,-0.0]},"firstperson_lefthand":{"rotation":[0.0,-0.0,-0.0]},"fixed":{"rotation":[0.0,0.0,0.0]},"ground":{"rotation":[0.0,0.0,0.0]},"thirdperson_righthand":{"rotation":[0.0,0.0,0.0]},"gui":{"rotation":[-150.0,-45.0,180.0]}}}