{"textures":{"1":"modelengine:entity/em_pirate_b2","particle":"#1"},"elements":[{"from":[3.9,14.025,3.9042096],"to":[12.1,17.225,12.104212],"faces":{"east":{"uv":[7.0625,2.5,7.5625,2.6875],"tintindex":0,"rotation":0,"texture":"#1"},"south":{"uv":[7.125,1.9375,7.625,2.125],"tintindex":0,"rotation":0,"texture":"#1"},"north":{"uv":[4.5,2.25,5.0,2.4375],"tintindex":0,"rotation":0,"texture":"#1"},"west":{"uv":[7.125,5.875,7.625,6.0625],"tintindex":0,"rotation":0,"texture":"#1"},"up":{"uv":[1.0,5.125,0.5,4.625],"tintindex":0,"rotation":0,"texture":"#1"},"down":{"uv":[5.1875,0.0,4.6875,0.5],"tintindex":0,"rotation":0,"texture":"#1"}}},{"from":[8.0,13.125,12.004211],"to":[8.0,18.125,16.004211],"faces":{"east":{"uv":[3.25,4.9375,3.5,5.25],"tintindex":0,"rotation":0,"texture":"#1"},"west":{"uv":[1.5,5.0625,1.75,5.375],"tintindex":0,"rotation":0,"texture":"#1"}},"rotation":{"origin":[8.0,15.625,12.004211],"angle":-45.0,"axis":"y"}},{"from":[8.0,13.125,12.004211],"to":[8.0,18.125,16.004211],"faces":{"east":{"uv":[1.0,4.625,1.25,4.9375],"tintindex":0,"rotation":0,"texture":"#1"},"west":{"uv":[4.0,4.8125,4.25,5.125],"tintindex":0,"rotation":0,"texture":"#1"}},"rotation":{"origin":[8.0,15.625,12.004211],"angle":45.0,"axis":"y"}},{"from":[4.0,8.0,4.0],"to":[12.0,16.0,12.0],"faces":{"east":{"uv":[4.4375,2.875,4.9375,3.375],"tintindex":0,"rotation":0,"texture":"#1"},"south":{"uv":[3.0,4.4375,3.5,4.9375],"tintindex":0,"rotation":0,"texture":"#1"},"north":{"uv":[2.5,4.4375,3.0,4.9375],"tintindex":0,"rotation":0,"texture":"#1"},"west":{"uv":[4.5,1.75,5.0,2.25],"tintindex":0,"rotation":0,"texture":"#1"},"up":{"uv":[1.75,5.0625,1.25,4.5625],"tintindex":0,"rotation":0,"texture":"#1"},"down":{"uv":[0.5,4.625,0.0,5.125],"tintindex":0,"rotation":0,"texture":"#1"}}}],"display":{"head":{"rotation":[0.0,0.0,0.0]},"firstperson_righthand":{"rotation":[0.0,0.0,0.0]},"thirdperson_lefthand":{"rotation":[0.0,-0.0,-0.0]},"firstperson_lefthand":{"rotation":[0.0,-0.0,-0.0]},"fixed":{"rotation":[0.0,0.0,0.0]},"ground":{"rotation":[0.0,0.0,0.0]},"thirdperson_righthand":{"rotation":[0.0,0.0,0.0]},"gui":{"rotation":[-150.0,-45.0,180.0]}}}