{"textures":{"2":"modelengine:entity/em_pirate_b1","particle":"#2"},"elements":[{"from":[4.0960197,8.2400055,3.8843098],"to":[12.09602,16.240005,11.88431],"faces":{"east":{"uv":[0.5,5.625,1.0,6.125],"tintindex":0,"rotation":0,"texture":"#2"},"south":{"uv":[1.5,5.625,2.0,6.125],"tintindex":0,"rotation":0,"texture":"#2"},"north":{"uv":[0.0,5.625,0.5,6.125],"tintindex":0,"rotation":0,"texture":"#2"},"west":{"uv":[5.6875,0.0,6.1875,0.5],"tintindex":0,"rotation":0,"texture":"#2"},"up":{"uv":[6.1875,1.0,5.6875,0.5],"tintindex":0,"rotation":0,"texture":"#2"},"down":{"uv":[6.1875,1.0,5.6875,1.5],"tintindex":0,"rotation":0,"texture":"#2"}}}],"display":{"head":{"rotation":[0.0,0.0,0.0]},"firstperson_righthand":{"rotation":[0.0,0.0,0.0]},"thirdperson_lefthand":{"rotation":[0.0,-0.0,-0.0]},"firstperson_lefthand":{"rotation":[0.0,-0.0,-0.0]},"fixed":{"rotation":[0.0,0.0,0.0]},"ground":{"rotation":[0.0,0.0,0.0]},"thirdperson_righthand":{"rotation":[0.0,0.0,0.0]},"gui":{"rotation":[-150.0,-45.0,180.0]}}}