{"textures":{"2":"modelengine:entity/em_pirate_b1","particle":"#2"},"elements":[{"from":[4.0960197,8.2400055,3.8843098],"to":[12.09602,16.240005,11.88431],"faces":{"east":{"uv":[4.6875,0.0,5.1875,0.5],"tintindex":0,"rotation":0,"texture":"#2"},"south":{"uv":[4.6875,0.5,5.1875,1.0],"tintindex":0,"rotation":0,"texture":"#2"},"north":{"uv":[1.75,4.625,2.25,5.125],"tintindex":0,"rotation":0,"texture":"#2"},"west":{"uv":[4.6875,1.0,5.1875,1.5],"tintindex":0,"rotation":0,"texture":"#2"},"up":{"uv":[4.75,5.1875,4.25,4.6875],"tintindex":0,"rotation":0,"texture":"#2"},"down":{"uv":[5.25,4.6875,4.75,5.1875],"tintindex":0,"rotation":0,"texture":"#2"}}},{"from":[8.09602,12.2400055,11.88431],"to":[8.09602,17.240005,15.88431],"faces":{"east":{"uv":[5.4375,7.9375,5.6875,8.25],"tintindex":0,"rotation":0,"texture":"#2"},"west":{"uv":[5.6875,7.9375,5.9375,8.25],"tintindex":0,"rotation":0,"texture":"#2"}},"rotation":{"origin":[8.09602,14.7400055,11.88431],"angle":-45.0,"axis":"y"}},{"from":[3.9960198,13.140005,3.7843099],"to":[12.19602,16.340006,11.98431],"faces":{"east":{"uv":[7.75,2.125,8.25,2.3125],"tintindex":0,"rotation":0,"texture":"#2"},"south":{"uv":[7.75,2.3125,8.25,2.5],"tintindex":0,"rotation":0,"texture":"#2"},"north":{"uv":[7.75,1.9375,8.25,2.125],"tintindex":0,"rotation":0,"texture":"#2"},"west":{"uv":[2.8125,7.75,3.3125,7.9375],"tintindex":0,"rotation":0,"texture":"#2"},"up":{"uv":[3.875,5.3125,3.375,4.8125],"tintindex":0,"rotation":0,"texture":"#2"},"down":{"uv":[5.375,2.9375,4.875,3.4375],"tintindex":0,"rotation":0,"texture":"#2"}}},{"from":[8.09602,12.2400055,11.88431],"to":[8.09602,17.240005,15.88431],"faces":{"east":{"uv":[5.9375,7.9375,6.1875,8.25],"tintindex":0,"rotation":0,"texture":"#2"},"west":{"uv":[6.1875,7.9375,6.4375,8.25],"tintindex":0,"rotation":0,"texture":"#2"}},"rotation":{"origin":[8.09602,14.7400055,11.88431],"angle":45.0,"axis":"y"}}],"display":{"head":{"rotation":[0.0,0.0,0.0]},"firstperson_righthand":{"rotation":[0.0,0.0,0.0]},"thirdperson_lefthand":{"rotation":[0.0,-0.0,-0.0]},"firstperson_lefthand":{"rotation":[0.0,-0.0,-0.0]},"fixed":{"rotation":[0.0,0.0,0.0]},"ground":{"rotation":[0.0,0.0,0.0]},"thirdperson_righthand":{"rotation":[0.0,0.0,0.0]},"gui":{"rotation":[-150.0,-45.0,180.0]}}}