{"textures":{"0":"modelengine:entity/em_pirate_b3","particle":"#0"},"elements":[{"from":[4.0,8.125,4.2928925],"to":[12.0,16.125,12.292892],"faces":{"east":{"uv":[1.0,5.5625,1.5,6.0625],"tintindex":0,"rotation":0,"texture":"#0"},"south":{"uv":[0.0,5.625,0.5,6.125],"tintindex":0,"rotation":0,"texture":"#0"},"north":{"uv":[5.5,1.5,6.0,2.0],"tintindex":0,"rotation":0,"texture":"#0"},"west":{"uv":[0.5,5.625,1.0,6.125],"tintindex":0,"rotation":0,"texture":"#0"},"up":{"uv":[2.0,6.125,1.5,5.625],"tintindex":0,"rotation":0,"texture":"#0"},"down":{"uv":[6.1875,0.0,5.6875,0.5],"tintindex":0,"rotation":0,"texture":"#0"}}},{"from":[3.9,13.025,4.1928926],"to":[12.1,16.225,12.392893],"faces":{"east":{"uv":[7.375,2.375,7.875,2.5625],"tintindex":0,"rotation":0,"texture":"#0"},"south":{"uv":[7.375,2.5625,7.875,2.75],"tintindex":0,"rotation":0,"texture":"#0"},"north":{"uv":[7.375,2.1875,7.875,2.375],"tintindex":0,"rotation":0,"texture":"#0"},"west":{"uv":[7.375,2.75,7.875,2.9375],"tintindex":0,"rotation":0,"texture":"#0"},"up":{"uv":[6.1875,1.0,5.6875,0.5],"tintindex":0,"rotation":0,"texture":"#0"},"down":{"uv":[6.1875,1.0,5.6875,1.5],"tintindex":0,"rotation":0,"texture":"#0"}}},{"from":[8.0,12.125,12.292892],"to":[8.0,17.125,16.292892],"faces":{"east":{"uv":[1.125,7.5,1.375,7.8125],"tintindex":0,"rotation":0,"texture":"#0"},"west":{"uv":[2.5625,7.5,2.8125,7.8125],"tintindex":0,"rotation":0,"texture":"#0"}},"rotation":{"origin":[8.0,14.625,12.292892],"angle":45.0,"axis":"y"}},{"from":[8.0,12.125,12.292892],"to":[8.0,17.125,16.292892],"faces":{"east":{"uv":[0.25,7.5,0.5,7.8125],"tintindex":0,"rotation":0,"texture":"#0"},"west":{"uv":[0.875,7.5,1.125,7.8125],"tintindex":0,"rotation":0,"texture":"#0"}},"rotation":{"origin":[8.0,14.625,12.292892],"angle":-45.0,"axis":"y"}}],"display":{"head":{"rotation":[0.0,0.0,0.0]},"firstperson_righthand":{"rotation":[0.0,0.0,0.0]},"thirdperson_lefthand":{"rotation":[0.0,-0.0,-0.0]},"firstperson_lefthand":{"rotation":[0.0,-0.0,-0.0]},"fixed":{"rotation":[0.0,0.0,0.0]},"ground":{"rotation":[0.0,0.0,0.0]},"thirdperson_righthand":{"rotation":[0.0,0.0,0.0]},"gui":{"rotation":[-150.0,-45.0,180.0]}}}