{"textures":{"2":"modelengine:entity/em_pirate_b1","particle":"#2"},"elements":[{"from":[3.0,8.9,4.5],"to":[13.0,16.9,11.5],"faces":{"east":{"uv":[5.875,4.75,6.3125,5.25],"tintindex":0,"rotation":0,"texture":"#2"},"south":{"uv":[2.625,2.5,3.25,3.0],"tintindex":0,"rotation":0,"texture":"#2"},"north":{"uv":[2.625,2.0,3.25,2.5],"tintindex":0,"rotation":0,"texture":"#2"},"west":{"uv":[5.875,5.25,6.3125,5.75],"tintindex":0,"rotation":0,"texture":"#2"},"up":{"uv":[1.25,4.1875,0.625,3.75],"tintindex":0,"rotation":0,"texture":"#2"},"down":{"uv":[4.4375,2.5,3.8125,2.9375],"tintindex":0,"rotation":0,"texture":"#2"}}},{"from":[2.9,7.7999997,4.4],"to":[13.1,9.0,11.6],"faces":{"east":{"uv":[3.875,2.4375,4.3125,2.5],"tintindex":0,"rotation":0,"texture":"#2"},"south":{"uv":[8.5,6.9375,9.125,7.0],"tintindex":0,"rotation":0,"texture":"#2"},"north":{"uv":[6.6875,8.5,7.3125,8.5625],"tintindex":0,"rotation":0,"texture":"#2"},"west":{"uv":[4.5,2.375,4.9375,2.4375],"tintindex":0,"rotation":0,"texture":"#2"},"up":{"uv":[4.25,3.9375,3.625,3.5],"tintindex":0,"rotation":0,"texture":"#2"},"down":{"uv":[0.625,3.75,0.0,4.1875],"tintindex":0,"rotation":0,"texture":"#2"}}},{"from":[7.0,5.8999996,4.5],"to":[9.0,7.8999996,11.5],"faces":{"east":{"uv":[3.8125,3.375,4.25,3.5],"tintindex":0,"rotation":0,"texture":"#2"},"south":{"uv":[1.5625,2.875,1.6875,3.0],"tintindex":0,"rotation":0,"texture":"#2"},"north":{"uv":[1.5625,2.75,1.6875,2.875],"tintindex":0,"rotation":0,"texture":"#2"},"west":{"uv":[4.5,2.25,4.9375,2.375],"tintindex":0,"rotation":0,"texture":"#2"},"up":{"uv":[1.0,6.5625,0.875,6.125],"tintindex":0,"rotation":0,"texture":"#2"},"down":{"uv":[0.4375,6.625,0.3125,7.0625],"tintindex":0,"rotation":0,"texture":"#2"}}}],"display":{"head":{"rotation":[0.0,0.0,0.0]},"firstperson_righthand":{"rotation":[0.0,0.0,0.0]},"thirdperson_lefthand":{"rotation":[0.0,-0.0,-0.0]},"firstperson_lefthand":{"rotation":[0.0,-0.0,-0.0]},"fixed":{"rotation":[0.0,0.0,0.0]},"ground":{"rotation":[0.0,0.0,0.0]},"thirdperson_righthand":{"rotation":[0.0,0.0,0.0]},"gui":{"rotation":[-150.0,-45.0,180.0]}}}