{"textures":{"1":"modelengine:entity/em_pirate_b2","particle":"#1"},"elements":[{"from":[2.9,7.799994,4.4],"to":[13.1,8.999994,11.6],"faces":{"east":{"uv":[3.875,2.4375,4.3125,2.5],"tintindex":0,"rotation":0,"texture":"#1"},"south":{"uv":[7.625,5.125,8.25,5.1875],"tintindex":0,"rotation":0,"texture":"#1"},"north":{"uv":[7.625,2.375,8.25,2.4375],"tintindex":0,"rotation":0,"texture":"#1"},"west":{"uv":[7.75,2.3125,8.1875,2.375],"tintindex":0,"rotation":0,"texture":"#1"},"up":{"uv":[4.25,3.9375,3.625,3.5],"tintindex":0,"rotation":0,"texture":"#1"},"down":{"uv":[0.625,3.75,0.0,4.1875],"tintindex":0,"rotation":0,"texture":"#1"}}},{"from":[3.0,8.899994,4.5],"to":[13.0,16.899994,11.5],"faces":{"east":{"uv":[4.75,5.6875,5.1875,6.1875],"tintindex":0,"rotation":0,"texture":"#1"},"south":{"uv":[2.625,2.5,3.25,3.0],"tintindex":0,"rotation":0,"texture":"#1"},"north":{"uv":[2.625,2.0,3.25,2.5],"tintindex":0,"rotation":0,"texture":"#1"},"west":{"uv":[5.75,4.375,6.1875,4.875],"tintindex":0,"rotation":0,"texture":"#1"},"up":{"uv":[1.25,4.1875,0.625,3.75],"tintindex":0,"rotation":0,"texture":"#1"},"down":{"uv":[4.4375,2.5,3.8125,2.9375],"tintindex":0,"rotation":0,"texture":"#1"}}},{"from":[7.0,5.899994,4.5],"to":[9.0,7.899994,11.5],"faces":{"east":{"uv":[3.8125,3.375,4.25,3.5],"tintindex":0,"rotation":0,"texture":"#1"},"south":{"uv":[1.5625,2.875,1.6875,3.0],"tintindex":0,"rotation":0,"texture":"#1"},"north":{"uv":[1.5625,2.75,1.6875,2.875],"tintindex":0,"rotation":0,"texture":"#1"},"west":{"uv":[7.4375,5.6875,7.875,5.8125],"tintindex":0,"rotation":0,"texture":"#1"},"up":{"uv":[1.375,8.0625,1.25,7.625],"tintindex":0,"rotation":0,"texture":"#1"},"down":{"uv":[7.75,1.9375,7.625,2.375],"tintindex":0,"rotation":0,"texture":"#1"}}}],"display":{"head":{"rotation":[0.0,0.0,0.0]},"firstperson_righthand":{"rotation":[0.0,0.0,0.0]},"thirdperson_lefthand":{"rotation":[0.0,-0.0,-0.0]},"firstperson_lefthand":{"rotation":[0.0,-0.0,-0.0]},"fixed":{"rotation":[0.0,0.0,0.0]},"ground":{"rotation":[0.0,0.0,0.0]},"thirdperson_righthand":{"rotation":[0.0,0.0,0.0]},"gui":{"rotation":[-150.0,-45.0,180.0]}}}