{"textures":{"1":"modelengine:entity/em_pirate_b2","particle":"#1"},"elements":[{"from":[2.9,7.8000016,4.4],"to":[13.1,9.000002,11.6],"faces":{"east":{"uv":[7.75,4.5625,8.1875,4.625],"tintindex":0,"rotation":0,"texture":"#1"},"south":{"uv":[7.6875,5.25,8.3125,5.3125],"tintindex":0,"rotation":0,"texture":"#1"},"north":{"uv":[7.6875,5.1875,8.3125,5.25],"tintindex":0,"rotation":0,"texture":"#1"},"west":{"uv":[7.75,4.625,8.1875,4.6875],"tintindex":0,"rotation":0,"texture":"#1"},"up":{"uv":[4.4375,3.375,3.8125,2.9375],"tintindex":0,"rotation":0,"texture":"#1"},"down":{"uv":[4.5,2.0,3.875,2.4375],"tintindex":0,"rotation":0,"texture":"#1"}}},{"from":[3.0,8.900002,4.5],"to":[13.0,16.900002,11.5],"faces":{"east":{"uv":[3.0,5.8125,3.4375,6.3125],"tintindex":0,"rotation":0,"texture":"#1"},"south":{"uv":[0.625,2.75,1.25,3.25],"tintindex":0,"rotation":0,"texture":"#1"},"north":{"uv":[0.0,2.75,0.625,3.25],"tintindex":0,"rotation":0,"texture":"#1"},"west":{"uv":[1.5,5.875,1.9375,6.375],"tintindex":0,"rotation":0,"texture":"#1"},"up":{"uv":[4.25,4.375,3.625,3.9375],"tintindex":0,"rotation":0,"texture":"#1"},"down":{"uv":[3.0,4.0,2.375,4.4375],"tintindex":0,"rotation":0,"texture":"#1"}}},{"from":[7.0,5.9000015,4.5],"to":[9.0,7.9000015,11.5],"faces":{"east":{"uv":[7.625,3.0625,8.0625,3.1875],"tintindex":0,"rotation":0,"texture":"#1"},"south":{"uv":[2.5,3.125,2.625,3.25],"tintindex":0,"rotation":0,"texture":"#1"},"north":{"uv":[1.5625,3.0,1.6875,3.125],"tintindex":0,"rotation":0,"texture":"#1"},"west":{"uv":[7.625,3.1875,8.0625,3.3125],"tintindex":0,"rotation":0,"texture":"#1"},"up":{"uv":[7.75,5.0,7.625,4.5625],"tintindex":0,"rotation":0,"texture":"#1"},"down":{"uv":[7.75,5.8125,7.625,6.25],"tintindex":0,"rotation":0,"texture":"#1"}}}],"display":{"head":{"rotation":[0.0,0.0,0.0]},"firstperson_righthand":{"rotation":[0.0,0.0,0.0]},"thirdperson_lefthand":{"rotation":[0.0,-0.0,-0.0]},"firstperson_lefthand":{"rotation":[0.0,-0.0,-0.0]},"fixed":{"rotation":[0.0,0.0,0.0]},"ground":{"rotation":[0.0,0.0,0.0]},"thirdperson_righthand":{"rotation":[0.0,0.0,0.0]},"gui":{"rotation":[-150.0,-45.0,180.0]}}}