{"textures":{"0":"modelengine:entity/em_pirate_b3","particle":"#0"},"elements":[{"from":[2.9,7.799994,4.4],"to":[13.1,8.999994,11.6],"faces":{"east":{"uv":[3.875,2.4375,4.3125,2.5],"tintindex":0,"rotation":0,"texture":"#0"},"south":{"uv":[7.5625,0.5625,8.1875,0.625],"tintindex":0,"rotation":0,"texture":"#0"},"north":{"uv":[7.4375,7.1875,8.0625,7.25],"tintindex":0,"rotation":0,"texture":"#0"},"west":{"uv":[4.5,2.375,4.9375,2.4375],"tintindex":0,"rotation":0,"texture":"#0"},"up":{"uv":[4.25,3.9375,3.625,3.5],"tintindex":0,"rotation":0,"texture":"#0"},"down":{"uv":[0.625,3.75,0.0,4.1875],"tintindex":0,"rotation":0,"texture":"#0"}}},{"from":[3.0,8.899994,4.5],"to":[13.0,16.899994,11.5],"faces":{"east":{"uv":[5.875,3.0,6.3125,3.5],"tintindex":0,"rotation":0,"texture":"#0"},"south":{"uv":[2.625,2.5,3.25,3.0],"tintindex":0,"rotation":0,"texture":"#0"},"north":{"uv":[2.625,2.0,3.25,2.5],"tintindex":0,"rotation":0,"texture":"#0"},"west":{"uv":[5.875,3.5,6.3125,4.0],"tintindex":0,"rotation":0,"texture":"#0"},"up":{"uv":[1.25,4.1875,0.625,3.75],"tintindex":0,"rotation":0,"texture":"#0"},"down":{"uv":[4.4375,2.5,3.8125,2.9375],"tintindex":0,"rotation":0,"texture":"#0"}}},{"from":[7.0,5.899994,4.5],"to":[9.0,7.899994,11.5],"faces":{"east":{"uv":[3.8125,3.375,4.25,3.5],"tintindex":0,"rotation":0,"texture":"#0"},"south":{"uv":[1.5625,2.875,1.6875,3.0],"tintindex":0,"rotation":0,"texture":"#0"},"north":{"uv":[1.5625,2.75,1.6875,2.875],"tintindex":0,"rotation":0,"texture":"#0"},"west":{"uv":[4.5,2.25,4.9375,2.375],"tintindex":0,"rotation":0,"texture":"#0"},"up":{"uv":[0.625,7.9375,0.5,7.5],"tintindex":0,"rotation":0,"texture":"#0"},"down":{"uv":[3.6875,7.5,3.5625,7.9375],"tintindex":0,"rotation":0,"texture":"#0"}}}],"display":{"head":{"rotation":[0.0,0.0,0.0]},"firstperson_righthand":{"rotation":[0.0,0.0,0.0]},"thirdperson_lefthand":{"rotation":[0.0,-0.0,-0.0]},"firstperson_lefthand":{"rotation":[0.0,-0.0,-0.0]},"fixed":{"rotation":[0.0,0.0,0.0]},"ground":{"rotation":[0.0,0.0,0.0]},"thirdperson_righthand":{"rotation":[0.0,0.0,0.0]},"gui":{"rotation":[-150.0,-45.0,180.0]}}}