{"textures":{"0":"modelengine:entity/em_pirate_b3","particle":"#0"},"elements":[{"from":[3.0,8.900002,4.5],"to":[13.0,16.900002,11.5],"faces":{"east":{"uv":[5.875,4.75,6.3125,5.25],"tintindex":0,"rotation":0,"texture":"#0"},"south":{"uv":[0.625,2.75,1.25,3.25],"tintindex":0,"rotation":0,"texture":"#0"},"north":{"uv":[0.0,2.75,0.625,3.25],"tintindex":0,"rotation":0,"texture":"#0"},"west":{"uv":[5.875,5.25,6.3125,5.75],"tintindex":0,"rotation":0,"texture":"#0"},"up":{"uv":[4.25,4.375,3.625,3.9375],"tintindex":0,"rotation":0,"texture":"#0"},"down":{"uv":[3.0,4.0,2.375,4.4375],"tintindex":0,"rotation":0,"texture":"#0"}}},{"from":[2.9,7.8000016,4.4],"to":[13.1,9.000002,11.6],"faces":{"east":{"uv":[4.9375,2.875,5.375,2.9375],"tintindex":0,"rotation":0,"texture":"#0"},"south":{"uv":[7.75,0.75,8.375,0.8125],"tintindex":0,"rotation":0,"texture":"#0"},"north":{"uv":[7.6875,7.125,8.3125,7.1875],"tintindex":0,"rotation":0,"texture":"#0"},"west":{"uv":[7.8125,3.8125,8.25,3.875],"tintindex":0,"rotation":0,"texture":"#0"},"up":{"uv":[4.4375,3.375,3.8125,2.9375],"tintindex":0,"rotation":0,"texture":"#0"},"down":{"uv":[4.5,2.0,3.875,2.4375],"tintindex":0,"rotation":0,"texture":"#0"}}},{"from":[7.0,5.9000015,4.5],"to":[9.0,7.9000015,11.5],"faces":{"east":{"uv":[4.0,7.6875,4.4375,7.8125],"tintindex":0,"rotation":0,"texture":"#0"},"south":{"uv":[2.5,3.125,2.625,3.25],"tintindex":0,"rotation":0,"texture":"#0"},"north":{"uv":[1.5625,3.0,1.6875,3.125],"tintindex":0,"rotation":0,"texture":"#0"},"west":{"uv":[7.6875,4.5625,8.125,4.6875],"tintindex":0,"rotation":0,"texture":"#0"},"up":{"uv":[2.5,8.0,2.375,7.5625],"tintindex":0,"rotation":0,"texture":"#0"},"down":{"uv":[6.75,7.5625,6.625,8.0],"tintindex":0,"rotation":0,"texture":"#0"}}}],"display":{"head":{"rotation":[0.0,0.0,0.0]},"firstperson_righthand":{"rotation":[0.0,0.0,0.0]},"thirdperson_lefthand":{"rotation":[0.0,-0.0,-0.0]},"firstperson_lefthand":{"rotation":[0.0,-0.0,-0.0]},"fixed":{"rotation":[0.0,0.0,0.0]},"ground":{"rotation":[0.0,0.0,0.0]},"thirdperson_righthand":{"rotation":[0.0,0.0,0.0]},"gui":{"rotation":[-150.0,-45.0,180.0]}}}