{"textures":{"0":"modelengine:entity/em_pirate_b3","particle":"#0"},"elements":[{"from":[2.9,7.8000016,4.4],"to":[13.1,9.000002,11.6],"faces":{"east":{"uv":[7.8125,4.8125,8.25,4.875],"tintindex":0,"rotation":0,"texture":"#0"},"south":{"uv":[7.75,7.25,8.375,7.3125],"tintindex":0,"rotation":0,"texture":"#0"},"north":{"uv":[7.75,6.4375,8.375,6.5],"tintindex":0,"rotation":0,"texture":"#0"},"west":{"uv":[7.8125,4.875,8.25,4.9375],"tintindex":0,"rotation":0,"texture":"#0"},"up":{"uv":[4.6875,1.75,4.0625,1.3125],"tintindex":0,"rotation":0,"texture":"#0"},"down":{"uv":[1.875,4.125,1.25,4.5625],"tintindex":0,"rotation":0,"texture":"#0"}}},{"from":[3.0,8.900002,4.5],"to":[13.0,16.900002,11.5],"faces":{"east":{"uv":[5.9375,2.0,6.375,2.5],"tintindex":0,"rotation":0,"texture":"#0"},"south":{"uv":[0.0,3.25,0.625,3.75],"tintindex":0,"rotation":0,"texture":"#0"},"north":{"uv":[1.875,3.125,2.5,3.625],"tintindex":0,"rotation":0,"texture":"#0"},"west":{"uv":[2.4375,5.9375,2.875,6.4375],"tintindex":0,"rotation":0,"texture":"#0"},"up":{"uv":[0.625,4.625,0.0,4.1875],"tintindex":0,"rotation":0,"texture":"#0"},"down":{"uv":[1.25,4.1875,0.625,4.625],"tintindex":0,"rotation":0,"texture":"#0"}}},{"from":[7.0,5.9000015,4.5],"to":[9.0,7.9000015,11.5],"faces":{"east":{"uv":[7.6875,6.625,8.125,6.75],"tintindex":0,"rotation":0,"texture":"#0"},"south":{"uv":[2.375,3.75,2.5,3.875],"tintindex":0,"rotation":0,"texture":"#0"},"north":{"uv":[2.375,3.625,2.5,3.75],"tintindex":0,"rotation":0,"texture":"#0"},"west":{"uv":[7.6875,6.75,8.125,6.875],"tintindex":0,"rotation":0,"texture":"#0"},"up":{"uv":[4.8125,8.125,4.6875,7.6875],"tintindex":0,"rotation":0,"texture":"#0"},"down":{"uv":[5.1875,7.6875,5.0625,8.125],"tintindex":0,"rotation":0,"texture":"#0"}}}],"display":{"head":{"rotation":[0.0,0.0,0.0]},"firstperson_righthand":{"rotation":[0.0,0.0,0.0]},"thirdperson_lefthand":{"rotation":[0.0,-0.0,-0.0]},"firstperson_lefthand":{"rotation":[0.0,-0.0,-0.0]},"fixed":{"rotation":[0.0,0.0,0.0]},"ground":{"rotation":[0.0,0.0,0.0]},"thirdperson_righthand":{"rotation":[0.0,0.0,0.0]},"gui":{"rotation":[-150.0,-45.0,180.0]}}}