{"textures":{"0":"modelengine:entity/em_pirate_b3","particle":"#0"},"elements":[{"from":[2.9,7.8000016,4.4],"to":[13.1,9.000002,11.6],"faces":{"east":{"uv":[7.8125,4.9375,8.25,5.0],"tintindex":0,"rotation":0,"texture":"#0"},"south":{"uv":[7.8125,0.25,8.4375,0.3125],"tintindex":0,"rotation":0,"texture":"#0"},"north":{"uv":[7.75,7.6875,8.375,7.75],"tintindex":0,"rotation":0,"texture":"#0"},"west":{"uv":[7.8125,5.0,8.25,5.0625],"tintindex":0,"rotation":0,"texture":"#0"},"up":{"uv":[4.875,3.8125,4.25,3.375],"tintindex":0,"rotation":0,"texture":"#0"},"down":{"uv":[4.875,3.8125,4.25,4.25],"tintindex":0,"rotation":0,"texture":"#0"}}},{"from":[7.0,5.9000015,4.5],"to":[9.0,7.9000015,11.5],"faces":{"east":{"uv":[7.6875,6.875,8.125,7.0],"tintindex":0,"rotation":0,"texture":"#0"},"south":{"uv":[4.375,1.75,4.5,1.875],"tintindex":0,"rotation":0,"texture":"#0"},"north":{"uv":[2.375,3.875,2.5,4.0],"tintindex":0,"rotation":0,"texture":"#0"},"west":{"uv":[7.6875,7.0,8.125,7.125],"tintindex":0,"rotation":0,"texture":"#0"},"up":{"uv":[5.3125,8.125,5.1875,7.6875],"tintindex":0,"rotation":0,"texture":"#0"},"down":{"uv":[0.75,7.75,0.625,8.1875],"tintindex":0,"rotation":0,"texture":"#0"}}},{"from":[3.0,8.900002,4.5],"to":[13.0,16.900002,11.5],"faces":{"east":{"uv":[5.25,5.9375,5.6875,6.4375],"tintindex":0,"rotation":0,"texture":"#0"},"south":{"uv":[3.25,2.0,3.875,2.5],"tintindex":0,"rotation":0,"texture":"#0"},"north":{"uv":[0.625,3.25,1.25,3.75],"tintindex":0,"rotation":0,"texture":"#0"},"west":{"uv":[6.0,1.5,6.4375,2.0],"tintindex":0,"rotation":0,"texture":"#0"},"up":{"uv":[4.875,4.6875,4.25,4.25],"tintindex":0,"rotation":0,"texture":"#0"},"down":{"uv":[4.25,4.375,3.625,4.8125],"tintindex":0,"rotation":0,"texture":"#0"}}}],"display":{"head":{"rotation":[0.0,0.0,0.0]},"firstperson_righthand":{"rotation":[0.0,0.0,0.0]},"thirdperson_lefthand":{"rotation":[0.0,-0.0,-0.0]},"firstperson_lefthand":{"rotation":[0.0,-0.0,-0.0]},"fixed":{"rotation":[0.0,0.0,0.0]},"ground":{"rotation":[0.0,0.0,0.0]},"thirdperson_righthand":{"rotation":[0.0,0.0,0.0]},"gui":{"rotation":[-150.0,-45.0,180.0]}}}