{"textures":{"0":"modelengine:entity/em_pirate_b3","particle":"#0"},"elements":[{"from":[2.9,7.8000016,4.4],"to":[13.1,9.000002,11.6],"faces":{"east":{"uv":[7.8125,3.875,8.25,3.9375],"tintindex":0,"rotation":0,"texture":"#0"},"south":{"uv":[7.75,6.125,8.375,6.1875],"tintindex":0,"rotation":0,"texture":"#0"},"north":{"uv":[7.75,6.0625,8.375,6.125],"tintindex":0,"rotation":0,"texture":"#0"},"west":{"uv":[4.0,7.8125,4.4375,7.875],"tintindex":0,"rotation":0,"texture":"#0"},"up":{"uv":[3.625,4.4375,3.0,4.0],"tintindex":0,"rotation":0,"texture":"#0"},"down":{"uv":[4.6875,0.0,4.0625,0.4375],"tintindex":0,"rotation":0,"texture":"#0"}}},{"from":[7.0,5.9000015,4.5],"to":[9.0,7.9000015,11.5],"faces":{"east":{"uv":[7.6875,4.6875,8.125,4.8125],"tintindex":0,"rotation":0,"texture":"#0"},"south":{"uv":[2.5,3.375,2.625,3.5],"tintindex":0,"rotation":0,"texture":"#0"},"north":{"uv":[2.5,3.25,2.625,3.375],"tintindex":0,"rotation":0,"texture":"#0"},"west":{"uv":[7.6875,6.5,8.125,6.625],"tintindex":0,"rotation":0,"texture":"#0"},"up":{"uv":[4.5625,8.125,4.4375,7.6875],"tintindex":0,"rotation":0,"texture":"#0"},"down":{"uv":[4.6875,7.6875,4.5625,8.125],"tintindex":0,"rotation":0,"texture":"#0"}}},{"from":[3.0,8.900002,4.5],"to":[13.0,16.900002,11.5],"faces":{"east":{"uv":[5.875,5.75,6.3125,6.25],"tintindex":0,"rotation":0,"texture":"#0"},"south":{"uv":[1.25,3.125,1.875,3.625],"tintindex":0,"rotation":0,"texture":"#0"},"north":{"uv":[2.625,3.0,3.25,3.5],"tintindex":0,"rotation":0,"texture":"#0"},"west":{"uv":[2.0,5.9375,2.4375,6.4375],"tintindex":0,"rotation":0,"texture":"#0"},"up":{"uv":[4.6875,0.875,4.0625,0.4375],"tintindex":0,"rotation":0,"texture":"#0"},"down":{"uv":[4.6875,0.875,4.0625,1.3125],"tintindex":0,"rotation":0,"texture":"#0"}}}],"display":{"head":{"rotation":[0.0,0.0,0.0]},"firstperson_righthand":{"rotation":[0.0,0.0,0.0]},"thirdperson_lefthand":{"rotation":[0.0,-0.0,-0.0]},"firstperson_lefthand":{"rotation":[0.0,-0.0,-0.0]},"fixed":{"rotation":[0.0,0.0,0.0]},"ground":{"rotation":[0.0,0.0,0.0]},"thirdperson_righthand":{"rotation":[0.0,0.0,0.0]},"gui":{"rotation":[-150.0,-45.0,180.0]}}}