{"textures":{"2":"modelengine:entity/em_pirate_b1","particle":"#2"},"elements":[{"from":[3.0,8.900002,4.5],"to":[13.0,16.900002,11.5],"faces":{"east":{"uv":[5.9375,2.0,6.375,2.5],"tintindex":0,"rotation":0,"texture":"#2"},"south":{"uv":[1.25,3.125,1.875,3.625],"tintindex":0,"rotation":0,"texture":"#2"},"north":{"uv":[2.625,3.0,3.25,3.5],"tintindex":0,"rotation":0,"texture":"#2"},"west":{"uv":[2.4375,5.9375,2.875,6.4375],"tintindex":0,"rotation":0,"texture":"#2"},"up":{"uv":[4.6875,0.875,4.0625,0.4375],"tintindex":0,"rotation":0,"texture":"#2"},"down":{"uv":[4.6875,0.875,4.0625,1.3125],"tintindex":0,"rotation":0,"texture":"#2"}}},{"from":[2.9,7.8000016,4.4],"to":[13.1,9.000002,11.6],"faces":{"east":{"uv":[8.5625,6.1875,9.0,6.25],"tintindex":0,"rotation":0,"texture":"#2"},"south":{"uv":[8.5625,1.1875,9.1875,1.25],"tintindex":0,"rotation":0,"texture":"#2"},"north":{"uv":[8.5625,1.125,9.1875,1.1875],"tintindex":0,"rotation":0,"texture":"#2"},"west":{"uv":[8.625,4.375,9.0625,4.4375],"tintindex":0,"rotation":0,"texture":"#2"},"up":{"uv":[3.625,4.4375,3.0,4.0],"tintindex":0,"rotation":0,"texture":"#2"},"down":{"uv":[4.6875,0.0,4.0625,0.4375],"tintindex":0,"rotation":0,"texture":"#2"}}},{"from":[7.0,5.9000015,4.5],"to":[9.0,7.9000015,11.5],"faces":{"east":{"uv":[8.5,4.4375,8.9375,4.5625],"tintindex":0,"rotation":0,"texture":"#2"},"south":{"uv":[2.5,3.375,2.625,3.5],"tintindex":0,"rotation":0,"texture":"#2"},"north":{"uv":[2.5,3.25,2.625,3.375],"tintindex":0,"rotation":0,"texture":"#2"},"west":{"uv":[8.5,4.5625,8.9375,4.6875],"tintindex":0,"rotation":0,"texture":"#2"},"up":{"uv":[8.625,5.125,8.5,4.6875],"tintindex":0,"rotation":0,"texture":"#2"},"down":{"uv":[5.4375,8.5,5.3125,8.9375],"tintindex":0,"rotation":0,"texture":"#2"}}}],"display":{"head":{"rotation":[0.0,0.0,0.0]},"firstperson_righthand":{"rotation":[0.0,0.0,0.0]},"thirdperson_lefthand":{"rotation":[0.0,-0.0,-0.0]},"firstperson_lefthand":{"rotation":[0.0,-0.0,-0.0]},"fixed":{"rotation":[0.0,0.0,0.0]},"ground":{"rotation":[0.0,0.0,0.0]},"thirdperson_righthand":{"rotation":[0.0,0.0,0.0]},"gui":{"rotation":[-150.0,-45.0,180.0]}}}