{"textures":{"2":"modelengine:entity/em_pirate_b1","particle":"#2"},"elements":[{"from":[7.0,5.9000015,4.5],"to":[9.0,7.9000015,11.5],"faces":{"east":{"uv":[8.5,5.125,8.9375,5.25],"tintindex":0,"rotation":0,"texture":"#2"},"south":{"uv":[2.375,3.75,2.5,3.875],"tintindex":0,"rotation":0,"texture":"#2"},"north":{"uv":[2.375,3.625,2.5,3.75],"tintindex":0,"rotation":0,"texture":"#2"},"west":{"uv":[5.4375,8.5,5.875,8.625],"tintindex":0,"rotation":0,"texture":"#2"},"up":{"uv":[6.0,8.9375,5.875,8.5],"tintindex":0,"rotation":0,"texture":"#2"},"down":{"uv":[6.125,8.5,6.0,8.9375],"tintindex":0,"rotation":0,"texture":"#2"}}},{"from":[2.9,7.8000016,4.4],"to":[13.1,9.000002,11.6],"faces":{"east":{"uv":[8.625,4.8125,9.0625,4.875],"tintindex":0,"rotation":0,"texture":"#2"},"south":{"uv":[8.5625,1.25,9.1875,1.3125],"tintindex":0,"rotation":0,"texture":"#2"},"north":{"uv":[1.25,8.5625,1.875,8.625],"tintindex":0,"rotation":0,"texture":"#2"},"west":{"uv":[8.625,4.875,9.0625,4.9375],"tintindex":0,"rotation":0,"texture":"#2"},"up":{"uv":[4.6875,1.75,4.0625,1.3125],"tintindex":0,"rotation":0,"texture":"#2"},"down":{"uv":[1.875,4.125,1.25,4.5625],"tintindex":0,"rotation":0,"texture":"#2"}}},{"from":[3.0,8.900002,4.5],"to":[13.0,16.900002,11.5],"faces":{"east":{"uv":[5.25,5.9375,5.6875,6.4375],"tintindex":0,"rotation":0,"texture":"#2"},"south":{"uv":[0.0,3.25,0.625,3.75],"tintindex":0,"rotation":0,"texture":"#2"},"north":{"uv":[1.875,3.125,2.5,3.625],"tintindex":0,"rotation":0,"texture":"#2"},"west":{"uv":[6.0,1.5,6.4375,2.0],"tintindex":0,"rotation":0,"texture":"#2"},"up":{"uv":[0.625,4.625,0.0,4.1875],"tintindex":0,"rotation":0,"texture":"#2"},"down":{"uv":[1.25,4.1875,0.625,4.625],"tintindex":0,"rotation":0,"texture":"#2"}}}],"display":{"head":{"rotation":[0.0,0.0,0.0]},"firstperson_righthand":{"rotation":[0.0,0.0,0.0]},"thirdperson_lefthand":{"rotation":[0.0,-0.0,-0.0]},"firstperson_lefthand":{"rotation":[0.0,-0.0,-0.0]},"fixed":{"rotation":[0.0,0.0,0.0]},"ground":{"rotation":[0.0,0.0,0.0]},"thirdperson_righthand":{"rotation":[0.0,0.0,0.0]},"gui":{"rotation":[-150.0,-45.0,180.0]}}}