{"textures":{"2":"modelengine:entity/em_pirate_b1","particle":"#2"},"elements":[{"from":[2.9,7.8000016,4.4],"to":[13.1,9.000002,11.6],"faces":{"east":{"uv":[4.9375,2.875,5.375,2.9375],"tintindex":0,"rotation":0,"texture":"#2"},"south":{"uv":[8.5625,0.6875,9.1875,0.75],"tintindex":0,"rotation":0,"texture":"#2"},"north":{"uv":[8.5625,0.625,9.1875,0.6875],"tintindex":0,"rotation":0,"texture":"#2"},"west":{"uv":[7.8125,6.375,8.25,6.4375],"tintindex":0,"rotation":0,"texture":"#2"},"up":{"uv":[4.4375,3.375,3.8125,2.9375],"tintindex":0,"rotation":0,"texture":"#2"},"down":{"uv":[4.5,2.0,3.875,2.4375],"tintindex":0,"rotation":0,"texture":"#2"}}},{"from":[7.0,5.9000015,4.5],"to":[9.0,7.9000015,11.5],"faces":{"east":{"uv":[8.5,3.75,8.9375,3.875],"tintindex":0,"rotation":0,"texture":"#2"},"south":{"uv":[2.5,3.125,2.625,3.25],"tintindex":0,"rotation":0,"texture":"#2"},"north":{"uv":[1.5625,3.0,1.6875,3.125],"tintindex":0,"rotation":0,"texture":"#2"},"west":{"uv":[8.5,3.875,8.9375,4.0],"tintindex":0,"rotation":0,"texture":"#2"},"up":{"uv":[8.1875,8.8125,8.0625,8.375],"tintindex":0,"rotation":0,"texture":"#2"},"down":{"uv":[8.625,4.0,8.5,4.4375],"tintindex":0,"rotation":0,"texture":"#2"}}},{"from":[3.0,8.900002,4.5],"to":[13.0,16.900002,11.5],"faces":{"east":{"uv":[5.875,5.75,6.3125,6.25],"tintindex":0,"rotation":0,"texture":"#2"},"south":{"uv":[0.625,2.75,1.25,3.25],"tintindex":0,"rotation":0,"texture":"#2"},"north":{"uv":[0.0,2.75,0.625,3.25],"tintindex":0,"rotation":0,"texture":"#2"},"west":{"uv":[2.0,5.9375,2.4375,6.4375],"tintindex":0,"rotation":0,"texture":"#2"},"up":{"uv":[4.25,4.375,3.625,3.9375],"tintindex":0,"rotation":0,"texture":"#2"},"down":{"uv":[3.0,4.0,2.375,4.4375],"tintindex":0,"rotation":0,"texture":"#2"}}}],"display":{"head":{"rotation":[0.0,0.0,0.0]},"firstperson_righthand":{"rotation":[0.0,0.0,0.0]},"thirdperson_lefthand":{"rotation":[0.0,-0.0,-0.0]},"firstperson_lefthand":{"rotation":[0.0,-0.0,-0.0]},"fixed":{"rotation":[0.0,0.0,0.0]},"ground":{"rotation":[0.0,0.0,0.0]},"thirdperson_righthand":{"rotation":[0.0,0.0,0.0]},"gui":{"rotation":[-150.0,-45.0,180.0]}}}