{"textures":{"1":"modelengine:entity/em_pirate_b2","particle":"#1"},"elements":[{"from":[3.0,8.900002,4.5],"to":[13.0,16.900002,11.5],"faces":{"east":{"uv":[1.9375,5.9375,2.375,6.4375],"tintindex":0,"rotation":0,"texture":"#1"},"south":{"uv":[3.25,2.0,3.875,2.5],"tintindex":0,"rotation":0,"texture":"#1"},"north":{"uv":[0.625,3.25,1.25,3.75],"tintindex":0,"rotation":0,"texture":"#1"},"west":{"uv":[2.375,5.9375,2.8125,6.4375],"tintindex":0,"rotation":0,"texture":"#1"},"up":{"uv":[2.5,4.875,1.875,4.4375],"tintindex":0,"rotation":0,"texture":"#1"},"down":{"uv":[5.0625,2.4375,4.4375,2.875],"tintindex":0,"rotation":0,"texture":"#1"}}},{"from":[7.0,5.9000015,4.5],"to":[9.0,7.9000015,11.5],"faces":{"east":{"uv":[7.0,7.625,7.4375,7.75],"tintindex":0,"rotation":0,"texture":"#1"},"south":{"uv":[2.1875,4.125,2.3125,4.25],"tintindex":0,"rotation":0,"texture":"#1"},"north":{"uv":[2.375,3.875,2.5,4.0],"tintindex":0,"rotation":0,"texture":"#1"},"west":{"uv":[7.625,7.25,8.0625,7.375],"tintindex":0,"rotation":0,"texture":"#1"},"up":{"uv":[7.75,7.8125,7.625,7.375],"tintindex":0,"rotation":0,"texture":"#1"},"down":{"uv":[7.5625,7.625,7.4375,8.0625],"tintindex":0,"rotation":0,"texture":"#1"}}},{"from":[2.9,7.8000016,4.4],"to":[13.1,9.000002,11.6],"faces":{"east":{"uv":[7.75,5.875,8.1875,5.9375],"tintindex":0,"rotation":0,"texture":"#1"},"south":{"uv":[7.75,0.625,8.375,0.6875],"tintindex":0,"rotation":0,"texture":"#1"},"north":{"uv":[7.75,0.5625,8.375,0.625],"tintindex":0,"rotation":0,"texture":"#1"},"west":{"uv":[7.75,5.9375,8.1875,6.0],"tintindex":0,"rotation":0,"texture":"#1"},"up":{"uv":[4.875,4.6875,4.25,4.25],"tintindex":0,"rotation":0,"texture":"#1"},"down":{"uv":[4.25,4.375,3.625,4.8125],"tintindex":0,"rotation":0,"texture":"#1"}}}],"display":{"head":{"rotation":[0.0,0.0,0.0]},"firstperson_righthand":{"rotation":[0.0,0.0,0.0]},"thirdperson_lefthand":{"rotation":[0.0,-0.0,-0.0]},"firstperson_lefthand":{"rotation":[0.0,-0.0,-0.0]},"fixed":{"rotation":[0.0,0.0,0.0]},"ground":{"rotation":[0.0,0.0,0.0]},"thirdperson_righthand":{"rotation":[0.0,0.0,0.0]},"gui":{"rotation":[-150.0,-45.0,180.0]}}}