{"textures":{"2":"modelengine:entity/em_pirate_b1","particle":"#2"},"elements":[{"from":[7.0,5.9000015,4.5],"to":[9.0,7.9000015,11.5],"faces":{"east":{"uv":[6.125,8.5,6.5625,8.625],"tintindex":0,"rotation":0,"texture":"#2"},"south":{"uv":[4.375,1.75,4.5,1.875],"tintindex":0,"rotation":0,"texture":"#2"},"north":{"uv":[2.375,3.875,2.5,4.0],"tintindex":0,"rotation":0,"texture":"#2"},"west":{"uv":[8.5,6.375,8.9375,6.5],"tintindex":0,"rotation":0,"texture":"#2"},"up":{"uv":[8.625,6.9375,8.5,6.5],"tintindex":0,"rotation":0,"texture":"#2"},"down":{"uv":[6.6875,8.5,6.5625,8.9375],"tintindex":0,"rotation":0,"texture":"#2"}}},{"from":[2.9,7.8000016,4.4],"to":[13.1,9.000002,11.6],"faces":{"east":{"uv":[8.625,4.9375,9.0625,5.0],"tintindex":0,"rotation":0,"texture":"#2"},"south":{"uv":[8.5625,5.75,9.1875,5.8125],"tintindex":0,"rotation":0,"texture":"#2"},"north":{"uv":[8.5625,1.3125,9.1875,1.375],"tintindex":0,"rotation":0,"texture":"#2"},"west":{"uv":[8.625,5.0,9.0625,5.0625],"tintindex":0,"rotation":0,"texture":"#2"},"up":{"uv":[4.875,3.8125,4.25,3.375],"tintindex":0,"rotation":0,"texture":"#2"},"down":{"uv":[4.875,3.8125,4.25,4.25],"tintindex":0,"rotation":0,"texture":"#2"}}},{"from":[3.0,8.900002,4.5],"to":[13.0,16.900002,11.5],"faces":{"east":{"uv":[1.0,6.0625,1.4375,6.5625],"tintindex":0,"rotation":0,"texture":"#2"},"south":{"uv":[3.25,2.0,3.875,2.5],"tintindex":0,"rotation":0,"texture":"#2"},"north":{"uv":[0.625,3.25,1.25,3.75],"tintindex":0,"rotation":0,"texture":"#2"},"west":{"uv":[0.0,6.125,0.4375,6.625],"tintindex":0,"rotation":0,"texture":"#2"},"up":{"uv":[4.875,4.6875,4.25,4.25],"tintindex":0,"rotation":0,"texture":"#2"},"down":{"uv":[4.25,4.375,3.625,4.8125],"tintindex":0,"rotation":0,"texture":"#2"}}}],"display":{"head":{"rotation":[0.0,0.0,0.0]},"firstperson_righthand":{"rotation":[0.0,0.0,0.0]},"thirdperson_lefthand":{"rotation":[0.0,-0.0,-0.0]},"firstperson_lefthand":{"rotation":[0.0,-0.0,-0.0]},"fixed":{"rotation":[0.0,0.0,0.0]},"ground":{"rotation":[0.0,0.0,0.0]},"thirdperson_righthand":{"rotation":[0.0,0.0,0.0]},"gui":{"rotation":[-150.0,-45.0,180.0]}}}