{"textures":{"1":"modelengine:entity/em_pirate_b2","particle":"#1"},"elements":[{"from":[2.9,7.8000016,4.4],"to":[13.1,9.000002,11.6],"faces":{"east":{"uv":[7.75,4.8125,8.1875,4.875],"tintindex":0,"rotation":0,"texture":"#1"},"south":{"uv":[7.75,0.0,8.375,0.0625],"tintindex":0,"rotation":0,"texture":"#1"},"north":{"uv":[0.0,7.75,0.625,7.8125],"tintindex":0,"rotation":0,"texture":"#1"},"west":{"uv":[7.75,4.875,8.1875,4.9375],"tintindex":0,"rotation":0,"texture":"#1"},"up":{"uv":[4.6875,1.75,4.0625,1.3125],"tintindex":0,"rotation":0,"texture":"#1"},"down":{"uv":[1.875,4.125,1.25,4.5625],"tintindex":0,"rotation":0,"texture":"#1"}}},{"from":[3.0,7.9000015,4.5],"to":[13.0,8.900002,11.5],"faces":{"east":{"uv":[7.75,4.9375,8.1875,5.0],"tintindex":0,"rotation":0,"texture":"#1"},"south":{"uv":[7.75,0.125,8.375,0.1875],"tintindex":0,"rotation":0,"texture":"#1"},"north":{"uv":[7.75,0.0625,8.375,0.125],"tintindex":0,"rotation":0,"texture":"#1"},"west":{"uv":[7.75,5.8125,8.1875,5.875],"tintindex":0,"rotation":0,"texture":"#1"},"up":{"uv":[0.625,4.625,0.0,4.1875],"tintindex":0,"rotation":0,"texture":"#1"},"down":{"uv":[1.25,4.1875,0.625,4.625],"tintindex":0,"rotation":0,"texture":"#1"}}},{"from":[3.0,8.900002,4.5],"to":[13.0,16.900002,11.5],"faces":{"east":{"uv":[5.1875,5.875,5.625,6.375],"tintindex":0,"rotation":0,"texture":"#1"},"south":{"uv":[0.0,3.25,0.625,3.75],"tintindex":0,"rotation":0,"texture":"#1"},"north":{"uv":[1.875,3.125,2.5,3.625],"tintindex":0,"rotation":0,"texture":"#1"},"west":{"uv":[5.625,5.875,6.0625,6.375],"tintindex":0,"rotation":0,"texture":"#1"},"up":{"uv":[4.875,3.8125,4.25,3.375],"tintindex":0,"rotation":0,"texture":"#1"},"down":{"uv":[4.875,3.8125,4.25,4.25],"tintindex":0,"rotation":0,"texture":"#1"}}},{"from":[7.0,5.9000015,4.5],"to":[9.0,7.9000015,11.5],"faces":{"east":{"uv":[6.4375,7.625,6.875,7.75],"tintindex":0,"rotation":0,"texture":"#1"},"south":{"uv":[2.375,3.75,2.5,3.875],"tintindex":0,"rotation":0,"texture":"#1"},"north":{"uv":[2.375,3.625,2.5,3.75],"tintindex":0,"rotation":0,"texture":"#1"},"west":{"uv":[7.625,6.6875,8.0625,6.8125],"tintindex":0,"rotation":0,"texture":"#1"},"up":{"uv":[7.75,7.25,7.625,6.8125],"tintindex":0,"rotation":0,"texture":"#1"},"down":{"uv":[7.0,7.625,6.875,8.0625],"tintindex":0,"rotation":0,"texture":"#1"}}}],"display":{"head":{"rotation":[0.0,0.0,0.0]},"firstperson_righthand":{"rotation":[0.0,0.0,0.0]},"thirdperson_lefthand":{"rotation":[0.0,-0.0,-0.0]},"firstperson_lefthand":{"rotation":[0.0,-0.0,-0.0]},"fixed":{"rotation":[0.0,0.0,0.0]},"ground":{"rotation":[0.0,0.0,0.0]},"thirdperson_righthand":{"rotation":[0.0,0.0,0.0]},"gui":{"rotation":[-150.0,-45.0,180.0]}}}