{"textures":{"1":"modelengine:entity/em_pirate_b2","particle":"#1"},"elements":[{"from":[2.9,7.8000016,4.4],"to":[13.1,9.000002,11.6],"faces":{"east":{"uv":[7.75,4.6875,8.1875,4.75],"tintindex":0,"rotation":0,"texture":"#1"},"south":{"uv":[7.6875,5.375,8.3125,5.4375],"tintindex":0,"rotation":0,"texture":"#1"},"north":{"uv":[7.6875,5.3125,8.3125,5.375],"tintindex":0,"rotation":0,"texture":"#1"},"west":{"uv":[7.75,4.75,8.1875,4.8125],"tintindex":0,"rotation":0,"texture":"#1"},"up":{"uv":[3.625,4.4375,3.0,4.0],"tintindex":0,"rotation":0,"texture":"#1"},"down":{"uv":[4.6875,0.0,4.0625,0.4375],"tintindex":0,"rotation":0,"texture":"#1"}}},{"from":[3.0,8.900002,4.5],"to":[13.0,16.900002,11.5],"faces":{"east":{"uv":[5.875,3.0,6.3125,3.5],"tintindex":0,"rotation":0,"texture":"#1"},"south":{"uv":[1.25,3.125,1.875,3.625],"tintindex":0,"rotation":0,"texture":"#1"},"north":{"uv":[2.625,3.0,3.25,3.5],"tintindex":0,"rotation":0,"texture":"#1"},"west":{"uv":[5.875,3.5,6.3125,4.0],"tintindex":0,"rotation":0,"texture":"#1"},"up":{"uv":[4.6875,0.875,4.0625,0.4375],"tintindex":0,"rotation":0,"texture":"#1"},"down":{"uv":[4.6875,0.875,4.0625,1.3125],"tintindex":0,"rotation":0,"texture":"#1"}}},{"from":[7.0,5.9000015,4.5],"to":[9.0,7.9000015,11.5],"faces":{"east":{"uv":[7.625,3.3125,8.0625,3.4375],"tintindex":0,"rotation":0,"texture":"#1"},"south":{"uv":[2.5,3.375,2.625,3.5],"tintindex":0,"rotation":0,"texture":"#1"},"north":{"uv":[2.5,3.25,2.625,3.375],"tintindex":0,"rotation":0,"texture":"#1"},"west":{"uv":[7.625,5.0,8.0625,5.125],"tintindex":0,"rotation":0,"texture":"#1"},"up":{"uv":[7.75,6.6875,7.625,6.25],"tintindex":0,"rotation":0,"texture":"#1"},"down":{"uv":[6.4375,7.625,6.3125,8.0625],"tintindex":0,"rotation":0,"texture":"#1"}}}],"display":{"head":{"rotation":[0.0,0.0,0.0]},"firstperson_righthand":{"rotation":[0.0,0.0,0.0]},"thirdperson_lefthand":{"rotation":[0.0,-0.0,-0.0]},"firstperson_lefthand":{"rotation":[0.0,-0.0,-0.0]},"fixed":{"rotation":[0.0,0.0,0.0]},"ground":{"rotation":[0.0,0.0,0.0]},"thirdperson_righthand":{"rotation":[0.0,0.0,0.0]},"gui":{"rotation":[-150.0,-45.0,180.0]}}}