{"textures":{"0":"modelengine:entity/em_pirate_b3","particle":"#0"},"elements":[{"from":[3.125,1.75,4.5],"to":[8.125,8.75,11.5],"faces":{"east":{"uv":[6.3125,4.4375,6.75,4.875],"tintindex":0,"rotation":0,"texture":"#0"},"south":{"uv":[3.125,7.0625,3.4375,7.5],"tintindex":0,"rotation":0,"texture":"#0"},"north":{"uv":[7.0625,2.6875,7.375,3.125],"tintindex":0,"rotation":0,"texture":"#0"},"west":{"uv":[6.3125,4.875,6.75,5.3125],"tintindex":0,"rotation":0,"texture":"#0"},"up":{"uv":[7.375,3.5625,7.0625,3.125],"tintindex":0,"rotation":0,"texture":"#0"},"down":{"uv":[3.75,7.0625,3.4375,7.5],"tintindex":0,"rotation":0,"texture":"#0"}}},{"from":[4.125,-0.25,5.5],"to":[8.125,1.75,10.5],"faces":{"east":{"uv":[7.8125,0.0,8.125,0.125],"tintindex":0,"rotation":0,"texture":"#0"},"south":{"uv":[7.8125,3.6875,8.0625,3.8125],"tintindex":0,"rotation":0,"texture":"#0"},"north":{"uv":[7.8125,3.5625,8.0625,3.6875],"tintindex":0,"rotation":0,"texture":"#0"},"west":{"uv":[7.8125,0.125,8.125,0.25],"tintindex":0,"rotation":0,"texture":"#0"},"up":{"uv":[7.75,7.75,7.5,7.4375],"tintindex":0,"rotation":0,"texture":"#0"},"down":{"uv":[7.8125,0.0,7.5625,0.3125],"tintindex":0,"rotation":0,"texture":"#0"}}}],"display":{"head":{"rotation":[0.0,0.0,0.0]},"firstperson_righthand":{"rotation":[0.0,0.0,0.0]},"thirdperson_lefthand":{"rotation":[0.0,-0.0,-0.0]},"firstperson_lefthand":{"rotation":[0.0,-0.0,-0.0]},"fixed":{"rotation":[0.0,0.0,0.0]},"ground":{"rotation":[0.0,0.0,0.0]},"thirdperson_righthand":{"rotation":[0.0,0.0,0.0]},"gui":{"rotation":[-150.0,-45.0,180.0]}}}