{"textures":{"0":"modelengine:entity/em_pirate_b3","particle":"#0"},"elements":[{"from":[3.125,1.75,4.5],"to":[8.125,8.75,11.5],"faces":{"east":{"uv":[3.5,6.1875,3.9375,6.625],"tintindex":0,"rotation":0,"texture":"#0"},"south":{"uv":[6.5,6.8125,6.8125,7.25],"tintindex":0,"rotation":0,"texture":"#0"},"north":{"uv":[6.8125,1.375,7.125,1.8125],"tintindex":0,"rotation":0,"texture":"#0"},"west":{"uv":[3.9375,6.1875,4.375,6.625],"tintindex":0,"rotation":0,"texture":"#0"},"up":{"uv":[7.125,7.25,6.8125,6.8125],"tintindex":0,"rotation":0,"texture":"#0"},"down":{"uv":[7.1875,5.75,6.875,6.1875],"tintindex":0,"rotation":0,"texture":"#0"}}},{"from":[4.125,-0.25,5.5],"to":[8.125,1.75,10.5],"faces":{"east":{"uv":[7.75,6.1875,8.0625,6.3125],"tintindex":0,"rotation":0,"texture":"#0"},"south":{"uv":[1.0,7.8125,1.25,7.9375],"tintindex":0,"rotation":0,"texture":"#0"},"north":{"uv":[0.75,7.8125,1.0,7.9375],"tintindex":0,"rotation":0,"texture":"#0"},"west":{"uv":[7.75,6.3125,8.0625,6.4375],"tintindex":0,"rotation":0,"texture":"#0"},"up":{"uv":[7.6875,1.75,7.4375,1.4375],"tintindex":0,"rotation":0,"texture":"#0"},"down":{"uv":[4.0,7.4375,3.75,7.75],"tintindex":0,"rotation":0,"texture":"#0"}}}],"display":{"head":{"rotation":[0.0,0.0,0.0]},"firstperson_righthand":{"rotation":[0.0,0.0,0.0]},"thirdperson_lefthand":{"rotation":[0.0,-0.0,-0.0]},"firstperson_lefthand":{"rotation":[0.0,-0.0,-0.0]},"fixed":{"rotation":[0.0,0.0,0.0]},"ground":{"rotation":[0.0,0.0,0.0]},"thirdperson_righthand":{"rotation":[0.0,0.0,0.0]},"gui":{"rotation":[-150.0,-45.0,180.0]}}}