{"textures":{"2":"modelengine:entity/em_pirate_b1","particle":"#2"},"elements":[{"from":[3.125,1.75,4.5],"to":[8.125,8.75,11.5],"faces":{"east":{"uv":[6.1875,0.4375,6.625,0.875],"tintindex":0,"rotation":0,"texture":"#2"},"south":{"uv":[6.75,4.3125,7.0625,4.75],"tintindex":0,"rotation":0,"texture":"#2"},"north":{"uv":[6.75,3.3125,7.0625,3.75],"tintindex":0,"rotation":0,"texture":"#2"},"west":{"uv":[6.1875,0.875,6.625,1.3125],"tintindex":0,"rotation":0,"texture":"#2"},"up":{"uv":[7.0625,5.1875,6.75,4.75],"tintindex":0,"rotation":0,"texture":"#2"},"down":{"uv":[7.0625,5.1875,6.75,5.625],"tintindex":0,"rotation":0,"texture":"#2"}}},{"from":[4.125,-0.25,5.5],"to":[8.125,1.75,10.5],"faces":{"east":{"uv":[8.5,7.5,8.8125,7.625],"tintindex":0,"rotation":0,"texture":"#2"},"south":{"uv":[7.0625,3.625,7.3125,3.75],"tintindex":0,"rotation":0,"texture":"#2"},"north":{"uv":[6.875,6.5,7.125,6.625],"tintindex":0,"rotation":0,"texture":"#2"},"west":{"uv":[0.0,8.5625,0.3125,8.6875],"tintindex":0,"rotation":0,"texture":"#2"},"up":{"uv":[1.5,8.3125,1.25,8.0],"tintindex":0,"rotation":0,"texture":"#2"},"down":{"uv":[1.75,8.0,1.5,8.3125],"tintindex":0,"rotation":0,"texture":"#2"}}}],"display":{"head":{"rotation":[0.0,0.0,0.0]},"firstperson_righthand":{"rotation":[0.0,0.0,0.0]},"thirdperson_lefthand":{"rotation":[0.0,-0.0,-0.0]},"firstperson_lefthand":{"rotation":[0.0,-0.0,-0.0]},"fixed":{"rotation":[0.0,0.0,0.0]},"ground":{"rotation":[0.0,0.0,0.0]},"thirdperson_righthand":{"rotation":[0.0,0.0,0.0]},"gui":{"rotation":[-150.0,-45.0,180.0]}}}