{"textures":{"0":"modelengine:entity/em_pirate_b3","particle":"#0"},"elements":[{"from":[4.125,-0.25,5.5],"to":[8.125,1.75,10.5],"faces":{"east":{"uv":[5.375,4.25,5.6875,4.375],"tintindex":0,"rotation":0,"texture":"#0"},"south":{"uv":[6.1875,1.3125,6.4375,1.4375],"tintindex":0,"rotation":0,"texture":"#0"},"north":{"uv":[1.0,4.9375,1.25,5.0625],"tintindex":0,"rotation":0,"texture":"#0"},"west":{"uv":[6.3125,3.875,6.625,4.0],"tintindex":0,"rotation":0,"texture":"#0"},"up":{"uv":[3.75,6.125,3.5,5.8125],"tintindex":0,"rotation":0,"texture":"#0"},"down":{"uv":[6.5625,5.8125,6.3125,6.125],"tintindex":0,"rotation":0,"texture":"#0"}}},{"from":[3.125,1.75,4.5],"to":[8.125,8.75,11.5],"faces":{"east":{"uv":[4.4375,2.9375,4.875,3.375],"tintindex":0,"rotation":0,"texture":"#0"},"south":{"uv":[3.3125,6.625,3.625,7.0625],"tintindex":0,"rotation":0,"texture":"#0"},"north":{"uv":[6.625,0.5,6.9375,0.9375],"tintindex":0,"rotation":0,"texture":"#0"},"west":{"uv":[1.0,6.0625,1.4375,6.5],"tintindex":0,"rotation":0,"texture":"#0"},"up":{"uv":[3.9375,7.0625,3.625,6.625],"tintindex":0,"rotation":0,"texture":"#0"},"down":{"uv":[4.25,6.625,3.9375,7.0625],"tintindex":0,"rotation":0,"texture":"#0"}}}],"display":{"head":{"rotation":[0.0,0.0,0.0]},"firstperson_righthand":{"rotation":[0.0,0.0,0.0]},"thirdperson_lefthand":{"rotation":[0.0,-0.0,-0.0]},"firstperson_lefthand":{"rotation":[0.0,-0.0,-0.0]},"fixed":{"rotation":[0.0,0.0,0.0]},"ground":{"rotation":[0.0,0.0,0.0]},"thirdperson_righthand":{"rotation":[0.0,0.0,0.0]},"gui":{"rotation":[-150.0,-45.0,180.0]}}}