{"textures":{"2":"modelengine:entity/em_pirate_b1","particle":"#2"},"elements":[{"from":[4.125,-0.25,5.5],"to":[8.125,1.75,10.5],"faces":{"east":{"uv":[8.5625,0.75,8.875,0.875],"tintindex":0,"rotation":0,"texture":"#2"},"south":{"uv":[7.0,8.5625,7.25,8.6875],"tintindex":0,"rotation":0,"texture":"#2"},"north":{"uv":[2.75,8.5625,3.0,8.6875],"tintindex":0,"rotation":0,"texture":"#2"},"west":{"uv":[8.5625,0.875,8.875,1.0],"tintindex":0,"rotation":0,"texture":"#2"},"up":{"uv":[8.25,4.8125,8.0,4.5],"tintindex":0,"rotation":0,"texture":"#2"},"down":{"uv":[8.25,4.8125,8.0,5.125],"tintindex":0,"rotation":0,"texture":"#2"}}},{"from":[3.125,1.75,4.5],"to":[8.125,8.75,11.5],"faces":{"east":{"uv":[4.375,6.1875,4.8125,6.625],"tintindex":0,"rotation":0,"texture":"#2"},"south":{"uv":[6.8125,6.6875,7.125,7.125],"tintindex":0,"rotation":0,"texture":"#2"},"north":{"uv":[6.8125,2.3125,7.125,2.75],"tintindex":0,"rotation":0,"texture":"#2"},"west":{"uv":[4.8125,6.1875,5.25,6.625],"tintindex":0,"rotation":0,"texture":"#2"},"up":{"uv":[7.1875,6.5,6.875,6.0625],"tintindex":0,"rotation":0,"texture":"#2"},"down":{"uv":[7.25,0.0,6.9375,0.4375],"tintindex":0,"rotation":0,"texture":"#2"}}}],"display":{"head":{"rotation":[0.0,0.0,0.0]},"firstperson_righthand":{"rotation":[0.0,0.0,0.0]},"thirdperson_lefthand":{"rotation":[0.0,-0.0,-0.0]},"firstperson_lefthand":{"rotation":[0.0,-0.0,-0.0]},"fixed":{"rotation":[0.0,0.0,0.0]},"ground":{"rotation":[0.0,0.0,0.0]},"thirdperson_righthand":{"rotation":[0.0,0.0,0.0]},"gui":{"rotation":[-150.0,-45.0,180.0]}}}