{"textures":{"0":"modelengine:entity/em_pirate_b3","particle":"#0"},"elements":[{"from":[4.125,-0.25,5.5],"to":[8.125,1.75,10.5],"faces":{"east":{"uv":[7.75,5.6875,8.0625,5.8125],"tintindex":0,"rotation":0,"texture":"#0"},"south":{"uv":[6.875,6.625,7.125,6.75],"tintindex":0,"rotation":0,"texture":"#0"},"north":{"uv":[0.625,6.875,0.875,7.0],"tintindex":0,"rotation":0,"texture":"#0"},"west":{"uv":[7.75,5.8125,8.0625,5.9375],"tintindex":0,"rotation":0,"texture":"#0"},"up":{"uv":[5.375,7.6875,5.125,7.375],"tintindex":0,"rotation":0,"texture":"#0"},"down":{"uv":[0.875,7.4375,0.625,7.75],"tintindex":0,"rotation":0,"texture":"#0"}}},{"from":[3.125,1.75,4.5],"to":[8.125,8.75,11.5],"faces":{"east":{"uv":[1.4375,6.125,1.875,6.5625],"tintindex":0,"rotation":0,"texture":"#0"},"south":{"uv":[6.75,2.25,7.0625,2.6875],"tintindex":0,"rotation":0,"texture":"#0"},"north":{"uv":[6.75,1.8125,7.0625,2.25],"tintindex":0,"rotation":0,"texture":"#0"},"west":{"uv":[6.1875,0.0,6.625,0.4375],"tintindex":0,"rotation":0,"texture":"#0"},"up":{"uv":[7.0625,3.125,6.75,2.6875],"tintindex":0,"rotation":0,"texture":"#0"},"down":{"uv":[3.125,6.75,2.8125,7.1875],"tintindex":0,"rotation":0,"texture":"#0"}}}],"display":{"head":{"rotation":[0.0,0.0,0.0]},"firstperson_righthand":{"rotation":[0.0,0.0,0.0]},"thirdperson_lefthand":{"rotation":[0.0,-0.0,-0.0]},"firstperson_lefthand":{"rotation":[0.0,-0.0,-0.0]},"fixed":{"rotation":[0.0,0.0,0.0]},"ground":{"rotation":[0.0,0.0,0.0]},"thirdperson_righthand":{"rotation":[0.0,0.0,0.0]},"gui":{"rotation":[-150.0,-45.0,180.0]}}}