{"textures":{"0":"modelengine:entity/em_pirate_b3","particle":"#0"},"elements":[{"from":[4.125,-0.25,5.5],"to":[8.125,1.75,10.5],"faces":{"east":{"uv":[7.75,7.3125,8.0625,7.4375],"tintindex":0,"rotation":0,"texture":"#0"},"south":{"uv":[2.0,7.8125,2.25,7.9375],"tintindex":0,"rotation":0,"texture":"#0"},"north":{"uv":[1.75,7.8125,2.0,7.9375],"tintindex":0,"rotation":0,"texture":"#0"},"west":{"uv":[7.375,7.75,7.6875,7.875],"tintindex":0,"rotation":0,"texture":"#0"},"up":{"uv":[3.0625,7.8125,2.8125,7.5],"tintindex":0,"rotation":0,"texture":"#0"},"down":{"uv":[3.3125,7.5,3.0625,7.8125],"tintindex":0,"rotation":0,"texture":"#0"}}},{"from":[3.125,1.75,4.5],"to":[8.125,8.75,11.5],"faces":{"east":{"uv":[6.25,4.0,6.6875,4.4375],"tintindex":0,"rotation":0,"texture":"#0"},"south":{"uv":[2.4375,6.9375,2.75,7.375],"tintindex":0,"rotation":0,"texture":"#0"},"north":{"uv":[2.125,6.9375,2.4375,7.375],"tintindex":0,"rotation":0,"texture":"#0"},"west":{"uv":[5.6875,6.25,6.125,6.6875],"tintindex":0,"rotation":0,"texture":"#0"},"up":{"uv":[5.5,7.375,5.1875,6.9375],"tintindex":0,"rotation":0,"texture":"#0"},"down":{"uv":[0.9375,7.0,0.625,7.4375],"tintindex":0,"rotation":0,"texture":"#0"}}}],"display":{"head":{"rotation":[0.0,0.0,0.0]},"firstperson_righthand":{"rotation":[0.0,0.0,0.0]},"thirdperson_lefthand":{"rotation":[0.0,-0.0,-0.0]},"firstperson_lefthand":{"rotation":[0.0,-0.0,-0.0]},"fixed":{"rotation":[0.0,0.0,0.0]},"ground":{"rotation":[0.0,0.0,0.0]},"thirdperson_righthand":{"rotation":[0.0,0.0,0.0]},"gui":{"rotation":[-150.0,-45.0,180.0]}}}