{"textures":{"2":"modelengine:entity/em_pirate_b1","particle":"#2"},"elements":[{"from":[4.125,-0.25,5.5],"to":[8.125,1.75,10.5],"faces":{"east":{"uv":[5.375,4.25,5.6875,4.375],"tintindex":0,"rotation":0,"texture":"#2"},"south":{"uv":[6.1875,1.3125,6.4375,1.4375],"tintindex":0,"rotation":0,"texture":"#2"},"north":{"uv":[1.0,4.9375,1.25,5.0625],"tintindex":0,"rotation":0,"texture":"#2"},"west":{"uv":[6.375,3.875,6.6875,4.0],"tintindex":0,"rotation":0,"texture":"#2"},"up":{"uv":[3.625,4.75,3.375,4.4375],"tintindex":0,"rotation":0,"texture":"#2"},"down":{"uv":[1.25,4.625,1.0,4.9375],"tintindex":0,"rotation":0,"texture":"#2"}}},{"from":[3.125,1.75,4.5],"to":[8.125,8.75,11.5],"faces":{"east":{"uv":[4.4375,2.9375,4.875,3.375],"tintindex":0,"rotation":0,"texture":"#2"},"south":{"uv":[3.9375,6.625,4.25,7.0625],"tintindex":0,"rotation":0,"texture":"#2"},"north":{"uv":[3.625,6.625,3.9375,7.0625],"tintindex":0,"rotation":0,"texture":"#2"},"west":{"uv":[0.4375,6.125,0.875,6.5625],"tintindex":0,"rotation":0,"texture":"#2"},"up":{"uv":[4.5625,7.0625,4.25,6.625],"tintindex":0,"rotation":0,"texture":"#2"},"down":{"uv":[4.875,6.625,4.5625,7.0625],"tintindex":0,"rotation":0,"texture":"#2"}}}],"display":{"head":{"rotation":[0.0,0.0,0.0]},"firstperson_righthand":{"rotation":[0.0,0.0,0.0]},"thirdperson_lefthand":{"rotation":[0.0,-0.0,-0.0]},"firstperson_lefthand":{"rotation":[0.0,-0.0,-0.0]},"fixed":{"rotation":[0.0,0.0,0.0]},"ground":{"rotation":[0.0,0.0,0.0]},"thirdperson_righthand":{"rotation":[0.0,0.0,0.0]},"gui":{"rotation":[-150.0,-45.0,180.0]}}}