{"textures":{"1":"modelengine:entity/em_pirate_b2","particle":"#1"},"elements":[{"from":[4.125,-0.25,5.5],"to":[8.125,1.75,10.5],"faces":{"east":{"uv":[4.25,7.6875,4.5625,7.8125],"tintindex":0,"rotation":0,"texture":"#1"},"south":{"uv":[7.75,2.0625,8.0,2.1875],"tintindex":0,"rotation":0,"texture":"#1"},"north":{"uv":[7.75,1.9375,8.0,2.0625],"tintindex":0,"rotation":0,"texture":"#1"},"west":{"uv":[7.6875,5.4375,8.0,5.5625],"tintindex":0,"rotation":0,"texture":"#1"},"up":{"uv":[4.75,7.6875,4.5,7.375],"tintindex":0,"rotation":0,"texture":"#1"},"down":{"uv":[7.625,4.5625,7.375,4.875],"tintindex":0,"rotation":0,"texture":"#1"}}},{"from":[3.125,1.75,4.5],"to":[8.125,8.75,11.5],"faces":{"east":{"uv":[0.4375,6.125,0.875,6.5625],"tintindex":0,"rotation":0,"texture":"#1"},"south":{"uv":[6.8125,1.75,7.125,2.1875],"tintindex":0,"rotation":0,"texture":"#1"},"north":{"uv":[6.75,4.8125,7.0625,5.25],"tintindex":0,"rotation":0,"texture":"#1"},"west":{"uv":[6.1875,0.0,6.625,0.4375],"tintindex":0,"rotation":0,"texture":"#1"},"up":{"uv":[7.125,5.6875,6.8125,5.25],"tintindex":0,"rotation":0,"texture":"#1"},"down":{"uv":[7.125,5.6875,6.8125,6.125],"tintindex":0,"rotation":0,"texture":"#1"}}}],"display":{"head":{"rotation":[0.0,0.0,0.0]},"firstperson_righthand":{"rotation":[0.0,0.0,0.0]},"thirdperson_lefthand":{"rotation":[0.0,-0.0,-0.0]},"firstperson_lefthand":{"rotation":[0.0,-0.0,-0.0]},"fixed":{"rotation":[0.0,0.0,0.0]},"ground":{"rotation":[0.0,0.0,0.0]},"thirdperson_righthand":{"rotation":[0.0,0.0,0.0]},"gui":{"rotation":[-150.0,-45.0,180.0]}}}