{"textures":{"1":"modelengine:entity/em_pirate_b2","particle":"#1"},"elements":[{"from":[3.125,1.75,4.5],"to":[8.125,8.75,11.5],"faces":{"east":{"uv":[1.0,6.0625,1.4375,6.5],"tintindex":0,"rotation":0,"texture":"#1"},"south":{"uv":[5.8125,6.625,6.125,7.0625],"tintindex":0,"rotation":0,"texture":"#1"},"north":{"uv":[4.8125,6.625,5.125,7.0625],"tintindex":0,"rotation":0,"texture":"#1"},"west":{"uv":[6.0625,1.9375,6.5,2.375],"tintindex":0,"rotation":0,"texture":"#1"},"up":{"uv":[6.4375,7.0625,6.125,6.625],"tintindex":0,"rotation":0,"texture":"#1"},"down":{"uv":[7.0,2.875,6.6875,3.3125],"tintindex":0,"rotation":0,"texture":"#1"}}},{"from":[4.125,-0.25,5.5],"to":[8.125,1.75,10.5],"faces":{"east":{"uv":[3.0,7.6875,3.3125,7.8125],"tintindex":0,"rotation":0,"texture":"#1"},"south":{"uv":[0.625,6.875,0.875,7.0],"tintindex":0,"rotation":0,"texture":"#1"},"north":{"uv":[6.8125,2.1875,7.0625,2.3125],"tintindex":0,"rotation":0,"texture":"#1"},"west":{"uv":[3.3125,7.6875,3.625,7.8125],"tintindex":0,"rotation":0,"texture":"#1"},"up":{"uv":[3.75,7.6875,3.5,7.375],"tintindex":0,"rotation":0,"texture":"#1"},"down":{"uv":[4.0,7.375,3.75,7.6875],"tintindex":0,"rotation":0,"texture":"#1"}}}],"display":{"head":{"rotation":[0.0,0.0,0.0]},"firstperson_righthand":{"rotation":[0.0,0.0,0.0]},"thirdperson_lefthand":{"rotation":[0.0,-0.0,-0.0]},"firstperson_lefthand":{"rotation":[0.0,-0.0,-0.0]},"fixed":{"rotation":[0.0,0.0,0.0]},"ground":{"rotation":[0.0,0.0,0.0]},"thirdperson_righthand":{"rotation":[0.0,0.0,0.0]},"gui":{"rotation":[-150.0,-45.0,180.0]}}}