{"textures":{"1":"modelengine:entity/em_pirate_b2","particle":"#1"},"elements":[{"from":[3.125,1.75,4.5],"to":[8.125,8.75,11.5],"faces":{"east":{"uv":[5.9375,2.5,6.375,2.9375],"tintindex":0,"rotation":0,"texture":"#1"},"south":{"uv":[0.3125,6.5625,0.625,7.0],"tintindex":0,"rotation":0,"texture":"#1"},"north":{"uv":[0.0,6.5625,0.3125,7.0],"tintindex":0,"rotation":0,"texture":"#1"},"west":{"uv":[6.0,1.5,6.4375,1.9375],"tintindex":0,"rotation":0,"texture":"#1"},"up":{"uv":[6.9375,0.4375,6.625,0.0],"tintindex":0,"rotation":0,"texture":"#1"},"down":{"uv":[6.9375,0.4375,6.625,0.875],"tintindex":0,"rotation":0,"texture":"#1"}}},{"from":[4.125,-0.25,5.5],"to":[8.125,1.75,10.5],"faces":{"east":{"uv":[5.1875,5.6875,5.5,5.8125],"tintindex":0,"rotation":0,"texture":"#1"},"south":{"uv":[6.1875,1.3125,6.4375,1.4375],"tintindex":0,"rotation":0,"texture":"#1"},"north":{"uv":[1.0,4.9375,1.25,5.0625],"tintindex":0,"rotation":0,"texture":"#1"},"west":{"uv":[6.0625,2.375,6.375,2.5],"tintindex":0,"rotation":0,"texture":"#1"},"up":{"uv":[5.5,5.1875,5.25,4.875],"tintindex":0,"rotation":0,"texture":"#1"},"down":{"uv":[4.0,5.3125,3.75,5.625],"tintindex":0,"rotation":0,"texture":"#1"}}}],"display":{"head":{"rotation":[0.0,0.0,0.0]},"firstperson_righthand":{"rotation":[0.0,0.0,0.0]},"thirdperson_lefthand":{"rotation":[0.0,-0.0,-0.0]},"firstperson_lefthand":{"rotation":[0.0,-0.0,-0.0]},"fixed":{"rotation":[0.0,0.0,0.0]},"ground":{"rotation":[0.0,0.0,0.0]},"thirdperson_righthand":{"rotation":[0.0,0.0,0.0]},"gui":{"rotation":[-150.0,-45.0,180.0]}}}