{"textures":{"2":"modelengine:entity/captain_octo","particle":"#2"},"elements":[{"from":[2.8255997,2.9127998,7.1376],"to":[13.1744,8.0872,8.8624],"faces":{"east":{"uv":[9.0,0.5,9.125,0.875],"tintindex":0,"rotation":0,"texture":"#2"},"south":{"uv":[2.25,5.75,3.0,6.125],"tintindex":0,"rotation":0,"texture":"#2"},"north":{"uv":[5.25,5.625,6.0,6.0],"tintindex":0,"rotation":0,"texture":"#2"},"west":{"uv":[9.0,1.0,9.125,1.375],"tintindex":0,"rotation":0,"texture":"#2"},"up":{"uv":[8.75,5.125,8.0,5.0],"tintindex":0,"rotation":0,"texture":"#2"},"down":{"uv":[8.75,6.875,8.0,7.0],"tintindex":0,"rotation":0,"texture":"#2"}}}],"display":{"head":{"rotation":[0.0,0.0,0.0]},"firstperson_righthand":{"rotation":[0.0,0.0,0.0]},"thirdperson_lefthand":{"rotation":[0.0,-0.0,-0.0]},"firstperson_lefthand":{"rotation":[0.0,-0.0,-0.0]},"fixed":{"rotation":[0.0,0.0,0.0]},"ground":{"rotation":[0.0,0.0,0.0]},"thirdperson_righthand":{"rotation":[0.0,0.0,0.0]},"gui":{"rotation":[-150.0,-45.0,180.0]}}}