{"textures":{"2":"modelengine:entity/captain_octo","particle":"#2"},"elements":[{"from":[2.8255997,0.2098198,7.34656],"to":[13.1744,5.38422,9.07136],"faces":{"east":{"uv":[8.875,1.875,9.0,2.25],"tintindex":0,"rotation":0,"texture":"#2"},"south":{"uv":[5.625,3.125,6.375,3.5],"tintindex":0,"rotation":0,"texture":"#2"},"north":{"uv":[1.375,5.625,2.125,6.0],"tintindex":0,"rotation":0,"texture":"#2"},"west":{"uv":[8.875,2.375,9.0,2.75],"tintindex":0,"rotation":0,"texture":"#2"},"up":{"uv":[8.75,0.375,8.0,0.25],"tintindex":0,"rotation":0,"texture":"#2"},"down":{"uv":[8.75,4.25,8.0,4.375],"tintindex":0,"rotation":0,"texture":"#2"}},"rotation":{"origin":[8.0,5.81542,0.87856007],"angle":-22.5,"axis":"x"}}],"display":{"head":{"rotation":[0.0,0.0,0.0]},"firstperson_righthand":{"rotation":[0.0,0.0,0.0]},"thirdperson_lefthand":{"rotation":[0.0,-0.0,-0.0]},"firstperson_lefthand":{"rotation":[0.0,-0.0,-0.0]},"fixed":{"rotation":[0.0,0.0,0.0]},"ground":{"rotation":[0.0,0.0,0.0]},"thirdperson_righthand":{"rotation":[0.0,0.0,0.0]},"gui":{"rotation":[-150.0,-45.0,180.0]}}}