{"textures":{"2":"modelengine:entity/captain_octo","particle":"#2"},"elements":[{"from":[2.8255997,2.9127998,7.1376],"to":[13.1744,8.0872,8.8624],"faces":{"east":{"uv":[8.875,2.875,9.0,3.25],"tintindex":0,"rotation":0,"texture":"#2"},"south":{"uv":[4.375,5.625,5.125,6.0],"tintindex":0,"rotation":0,"texture":"#2"},"north":{"uv":[5.625,3.625,6.375,4.0],"tintindex":0,"rotation":0,"texture":"#2"},"west":{"uv":[8.875,3.375,9.0,3.75],"tintindex":0,"rotation":0,"texture":"#2"},"up":{"uv":[8.75,4.625,8.0,4.5],"tintindex":0,"rotation":0,"texture":"#2"},"down":{"uv":[8.75,4.75,8.0,4.875],"tintindex":0,"rotation":0,"texture":"#2"}}}],"display":{"head":{"rotation":[0.0,0.0,0.0]},"firstperson_righthand":{"rotation":[0.0,0.0,0.0]},"thirdperson_lefthand":{"rotation":[0.0,-0.0,-0.0]},"firstperson_lefthand":{"rotation":[0.0,-0.0,-0.0]},"fixed":{"rotation":[0.0,0.0,0.0]},"ground":{"rotation":[0.0,0.0,0.0]},"thirdperson_righthand":{"rotation":[0.0,0.0,0.0]},"gui":{"rotation":[-150.0,-45.0,180.0]}}}