{"textures":{"2":"modelengine:entity/captain_octo","particle":"#2"},"elements":[{"from":[2.8255997,3.2365093,6.34981],"to":[13.1744,8.41091,8.07461],"faces":{"east":{"uv":[8.75,7.625,8.875,8.0],"tintindex":0,"rotation":0,"texture":"#2"},"south":{"uv":[0.5,5.5,1.25,5.875],"tintindex":0,"rotation":0,"texture":"#2"},"north":{"uv":[5.25,2.625,6.0,3.0],"tintindex":0,"rotation":0,"texture":"#2"},"west":{"uv":[8.75,8.125,8.875,8.5],"tintindex":0,"rotation":0,"texture":"#2"},"up":{"uv":[8.625,4.125,7.875,4.0],"tintindex":0,"rotation":0,"texture":"#2"},"down":{"uv":[8.75,0.0,8.0,0.125],"tintindex":0,"rotation":0,"texture":"#2"}},"rotation":{"origin":[8.0,5.8237095,7.21221],"angle":22.5,"axis":"x"}}],"display":{"head":{"rotation":[0.0,0.0,0.0]},"firstperson_righthand":{"rotation":[0.0,0.0,0.0]},"thirdperson_lefthand":{"rotation":[0.0,-0.0,-0.0]},"firstperson_lefthand":{"rotation":[0.0,-0.0,-0.0]},"fixed":{"rotation":[0.0,0.0,0.0]},"ground":{"rotation":[0.0,0.0,0.0]},"thirdperson_righthand":{"rotation":[0.0,0.0,0.0]},"gui":{"rotation":[-150.0,-45.0,180.0]}}}