{"textures":{"2":"modelengine:entity/captain_octo","particle":"#2"},"elements":[{"from":[3.99441,6.8947105,1.17731],"to":[12.61841,15.518711,9.80131],"faces":{"east":{"uv":[4.125,0.0,4.75,0.625],"tintindex":0,"rotation":0,"texture":"#2"},"south":{"uv":[4.125,0.75,4.75,1.375],"tintindex":0,"rotation":0,"texture":"#2"},"north":{"uv":[4.0,2.625,4.625,3.25],"tintindex":0,"rotation":0,"texture":"#2"},"west":{"uv":[1.5,4.25,2.125,4.875],"tintindex":0,"rotation":0,"texture":"#2"},"up":{"uv":[4.875,2.125,4.25,1.5],"tintindex":0,"rotation":0,"texture":"#2"},"down":{"uv":[2.875,4.25,2.25,4.875],"tintindex":0,"rotation":0,"texture":"#2"}}},{"from":[3.56321,10.344311,-0.11629009],"to":[13.04961,18.968311,8.5077095],"faces":{"east":{"uv":[3.0,4.25,3.625,4.875],"tintindex":0,"rotation":0,"texture":"#2"},"south":{"uv":[1.75,3.5,2.4375,4.125],"tintindex":0,"rotation":0,"texture":"#2"},"north":{"uv":[3.375,1.875,4.0625,2.5],"tintindex":0,"rotation":0,"texture":"#2"},"west":{"uv":[3.75,4.25,4.375,4.875],"tintindex":0,"rotation":0,"texture":"#2"},"up":{"uv":[3.3125,4.125,2.625,3.5],"tintindex":0,"rotation":0,"texture":"#2"},"down":{"uv":[4.1875,3.5,3.5,4.125],"tintindex":0,"rotation":0,"texture":"#2"}},"rotation":{"origin":[8.30641,12.931511,3.7645102],"angle":22.5,"axis":"x"}},{"from":[14.37512,14.255222,0.83014965],"to":[17.824718,17.704823,2.5549498],"faces":{"east":{"uv":[7.625,2.125,7.75,2.375],"tintindex":0,"rotation":0,"texture":"#2"},"south":{"uv":[4.0,5.75,4.25,6.0],"tintindex":0,"rotation":0,"texture":"#2"},"north":{"uv":[3.875,1.5,4.125,1.75],"tintindex":0,"rotation":0,"texture":"#2"},"west":{"uv":[0.0,9.125,0.125,9.375],"tintindex":0,"rotation":0,"texture":"#2"},"up":{"uv":[9.375,4.5,9.125,4.375],"tintindex":0,"rotation":0,"texture":"#2"},"down":{"uv":[9.375,4.625,9.125,4.75],"tintindex":0,"rotation":0,"texture":"#2"}},"rotation":{"origin":[13.94392,16.842422,3.4173498],"angle":-45.0,"axis":"y"}},{"from":[3.13201,14.255222,3.15838],"to":[13.48081,19.86082,8.33278],"faces":{"east":{"uv":[6.625,2.0,7.0,2.4375],"tintindex":0,"rotation":0,"texture":"#2"},"south":{"uv":[1.625,5.0,2.375,5.4375],"tintindex":0,"rotation":0,"texture":"#2"},"north":{"uv":[5.0,1.5,5.75,1.9375],"tintindex":0,"rotation":0,"texture":"#2"},"west":{"uv":[6.75,1.375,7.125,1.8125],"tintindex":0,"rotation":0,"texture":"#2"},"up":{"uv":[5.75,4.5,5.0,4.125],"tintindex":0,"rotation":0,"texture":"#2"},"down":{"uv":[5.75,4.625,5.0,5.0],"tintindex":0,"rotation":0,"texture":"#2"}}},{"from":[3.1104498,16.496891,1.8888502],"to":[13.50237,20.37769,5.33845],"faces":{"east":{"uv":[2.25,8.0,2.5,8.3125],"tintindex":0,"rotation":0,"texture":"#2"},"south":{"uv":[5.875,1.5,6.625,1.8125],"tintindex":0,"rotation":0,"texture":"#2"},"north":{"uv":[3.125,5.75,3.875,6.0625],"tintindex":0,"rotation":0,"texture":"#2"},"west":{"uv":[8.0,7.125,8.25,7.4375],"tintindex":0,"rotation":0,"texture":"#2"},"up":{"uv":[6.625,6.375,5.875,6.125],"tintindex":0,"rotation":0,"texture":"#2"},"down":{"uv":[2.75,6.25,2.0,6.5],"tintindex":0,"rotation":0,"texture":"#2"}},"rotation":{"origin":[8.28485,17.57489,4.47605],"angle":22.5,"axis":"x"}},{"from":[3.13201,14.255222,-0.2912197],"to":[13.48081,22.879223,3.15838],"faces":{"east":{"uv":[2.5,6.625,2.75,7.25],"tintindex":0,"rotation":0,"texture":"#2"},"south":{"uv":[0.0,2.875,0.75,3.5],"tintindex":0,"rotation":0,"texture":"#2"},"north":{"uv":[2.25,2.75,3.0,3.375],"tintindex":0,"rotation":0,"texture":"#2"},"west":{"uv":[2.875,6.75,3.125,7.375],"tintindex":0,"rotation":0,"texture":"#2"},"up":{"uv":[6.875,3.0,6.125,2.75],"tintindex":0,"rotation":0,"texture":"#2"},"down":{"uv":[6.875,5.625,6.125,5.875],"tintindex":0,"rotation":0,"texture":"#2"}}},{"from":[1.4072099,14.255222,-0.2912197],"to":[4.85681,19.429623,1.4335804],"faces":{"east":{"uv":[2.625,8.625,2.75,9.0],"tintindex":0,"rotation":0,"texture":"#2"},"south":{"uv":[6.5,7.75,6.75,8.125],"tintindex":0,"rotation":0,"texture":"#2"},"north":{"uv":[7.75,1.125,8.0,1.5],"tintindex":0,"rotation":0,"texture":"#2"},"west":{"uv":[2.875,8.625,3.0,9.0],"tintindex":0,"rotation":0,"texture":"#2"},"up":{"uv":[9.375,5.0,9.125,4.875],"tintindex":0,"rotation":0,"texture":"#2"},"down":{"uv":[9.375,5.125,9.125,5.25],"tintindex":0,"rotation":0,"texture":"#2"}},"rotation":{"origin":[5.71921,18.567223,4.02078],"angle":22.5,"axis":"y"}},{"from":[11.75601,14.255222,-0.2912197],"to":[15.20561,19.429623,1.4335804],"faces":{"east":{"uv":[8.625,2.0,8.75,2.375],"tintindex":0,"rotation":0,"texture":"#2"},"south":{"uv":[6.125,7.625,6.375,8.0],"tintindex":0,"rotation":0,"texture":"#2"},"north":{"uv":[5.75,7.625,6.0,8.0],"tintindex":0,"rotation":0,"texture":"#2"},"west":{"uv":[8.625,2.5,8.75,2.875],"tintindex":0,"rotation":0,"texture":"#2"},"up":{"uv":[5.5,3.25,5.25,3.125],"tintindex":0,"rotation":0,"texture":"#2"},"down":{"uv":[7.25,5.75,7.0,5.875],"tintindex":0,"rotation":0,"texture":"#2"}},"rotation":{"origin":[10.89361,18.567223,4.02078],"angle":-22.5,"axis":"y"}},{"from":[-1.2118998,14.255222,0.83014965],"to":[2.2377,17.704823,2.5549498],"faces":{"east":{"uv":[5.125,9.125,5.25,9.375],"tintindex":0,"rotation":0,"texture":"#2"},"south":{"uv":[7.25,1.625,7.5,1.875],"tintindex":0,"rotation":0,"texture":"#2"},"north":{"uv":[5.5,6.75,5.75,7.0],"tintindex":0,"rotation":0,"texture":"#2"},"west":{"uv":[9.125,5.375,9.25,5.625],"tintindex":0,"rotation":0,"texture":"#2"},"up":{"uv":[9.375,5.875,9.125,5.75],"tintindex":0,"rotation":0,"texture":"#2"},"down":{"uv":[9.375,6.0,9.125,6.125],"tintindex":0,"rotation":0,"texture":"#2"}},"rotation":{"origin":[2.6689,16.842422,3.4173498],"angle":45.0,"axis":"y"}}],"display":{"head":{"rotation":[0.0,0.0,0.0]},"firstperson_righthand":{"rotation":[0.0,0.0,0.0]},"thirdperson_lefthand":{"rotation":[0.0,-0.0,-0.0]},"firstperson_lefthand":{"rotation":[0.0,-0.0,-0.0]},"fixed":{"rotation":[0.0,0.0,0.0]},"ground":{"rotation":[0.0,0.0,0.0]},"thirdperson_righthand":{"rotation":[0.0,0.0,0.0]},"gui":{"rotation":[-150.0,-45.0,180.0]}}}