{"textures":{"2":"modelengine:entity/captain_octo","particle":"#2"},"elements":[{"from":[4.5140104,2.0700703,6.31781],"to":[7.9636097,8.969269,9.76741],"faces":{"east":{"uv":[0.5,7.5,0.75,8.0],"tintindex":0,"rotation":0,"texture":"#2"},"south":{"uv":[1.5,7.5,1.75,8.0],"tintindex":0,"rotation":0,"texture":"#2"},"north":{"uv":[2.5,7.375,2.75,7.875],"tintindex":0,"rotation":0,"texture":"#2"},"west":{"uv":[7.5,2.5,7.75,3.0],"tintindex":0,"rotation":0,"texture":"#2"},"up":{"uv":[7.75,5.625,7.5,5.375],"tintindex":0,"rotation":0,"texture":"#2"},"down":{"uv":[7.125,8.375,6.875,8.625],"tintindex":0,"rotation":0,"texture":"#2"}},"rotation":{"origin":[6.6891403,4.61108,9.55181],"angle":-22.5,"axis":"z"}}],"display":{"head":{"rotation":[0.0,0.0,0.0]},"firstperson_righthand":{"rotation":[0.0,0.0,0.0]},"thirdperson_lefthand":{"rotation":[0.0,-0.0,-0.0]},"firstperson_lefthand":{"rotation":[0.0,-0.0,-0.0]},"fixed":{"rotation":[0.0,0.0,0.0]},"ground":{"rotation":[0.0,0.0,0.0]},"thirdperson_righthand":{"rotation":[0.0,0.0,0.0]},"gui":{"rotation":[-150.0,-45.0,180.0]}}}