{"textures":{"2":"modelengine:entity/captain_octo","particle":"#2"},"elements":[{"from":[5.964281,4.833481,7.18876],"to":[9.41388,6.558281,8.82732],"faces":{"east":{"uv":[9.5,3.375,9.625,3.5],"tintindex":0,"rotation":0,"texture":"#2"},"south":{"uv":[9.125,6.5,9.375,6.625],"tintindex":0,"rotation":0,"texture":"#2"},"north":{"uv":[9.125,6.25,9.375,6.375],"tintindex":0,"rotation":0,"texture":"#2"},"west":{"uv":[3.625,9.5,3.75,9.625],"tintindex":0,"rotation":0,"texture":"#2"},"up":{"uv":[9.375,7.25,9.125,7.125],"tintindex":0,"rotation":0,"texture":"#2"},"down":{"uv":[9.375,7.375,9.125,7.5],"tintindex":0,"rotation":0,"texture":"#2"}},"rotation":{"origin":[8.813821,15.89179,9.517241],"angle":22.5,"axis":"z"}},{"from":[8.04487,4.8526096,7.23188],"to":[9.7696705,8.30221,8.74108],"faces":{"east":{"uv":[8.75,9.125,8.875,9.375],"tintindex":0,"rotation":0,"texture":"#2"},"south":{"uv":[9.0,9.125,9.125,9.375],"tintindex":0,"rotation":0,"texture":"#2"},"north":{"uv":[8.0,9.125,8.125,9.375],"tintindex":0,"rotation":0,"texture":"#2"},"west":{"uv":[9.25,0.375,9.375,0.625],"tintindex":0,"rotation":0,"texture":"#2"},"up":{"uv":[9.625,3.75,9.5,3.625],"tintindex":0,"rotation":0,"texture":"#2"},"down":{"uv":[4.0,9.5,3.875,9.625],"tintindex":0,"rotation":0,"texture":"#2"}},"rotation":{"origin":[8.813821,15.89179,9.517241],"angle":22.5,"axis":"z"}},{"from":[1.6786613,6.7337894,7.14564],"to":[3.4034595,11.90819,8.87044],"faces":{"east":{"uv":[8.75,1.375,8.875,1.75],"tintindex":0,"rotation":0,"texture":"#2"},"south":{"uv":[3.375,8.75,3.5,9.125],"tintindex":0,"rotation":0,"texture":"#2"},"north":{"uv":[8.75,0.875,8.875,1.25],"tintindex":0,"rotation":0,"texture":"#2"},"west":{"uv":[3.625,8.75,3.75,9.125],"tintindex":0,"rotation":0,"texture":"#2"},"up":{"uv":[9.625,3.25,9.5,3.125],"tintindex":0,"rotation":0,"texture":"#2"},"down":{"uv":[3.5,9.5,3.375,9.625],"tintindex":0,"rotation":0,"texture":"#2"}},"rotation":{"origin":[8.813821,15.89179,9.517241],"angle":45.0,"axis":"z"}}],"display":{"head":{"rotation":[0.0,0.0,0.0]},"firstperson_righthand":{"rotation":[0.0,0.0,0.0]},"thirdperson_lefthand":{"rotation":[0.0,-0.0,-0.0]},"firstperson_lefthand":{"rotation":[0.0,-0.0,-0.0]},"fixed":{"rotation":[0.0,0.0,0.0]},"ground":{"rotation":[0.0,0.0,0.0]},"thirdperson_righthand":{"rotation":[0.0,0.0,0.0]},"gui":{"rotation":[-150.0,-45.0,180.0]}}}