{"textures":{"2":"modelengine:entity/captain_octo","particle":"#2"},"elements":[{"from":[6.3815603,6.7063103,2.77522],"to":[8.96876,9.29351,7.9496202],"faces":{"east":{"uv":[4.25,2.25,4.625,2.4375],"tintindex":0,"rotation":0,"texture":"#2"},"south":{"uv":[9.0,8.75,9.1875,8.9375],"tintindex":0,"rotation":0,"texture":"#2"},"north":{"uv":[9.0,8.375,9.1875,8.5625],"tintindex":0,"rotation":0,"texture":"#2"},"west":{"uv":[6.5,3.75,6.875,3.9375],"tintindex":0,"rotation":0,"texture":"#2"},"up":{"uv":[1.3125,8.5,1.125,8.125],"tintindex":0,"rotation":0,"texture":"#2"},"down":{"uv":[1.6875,8.125,1.5,8.5],"tintindex":0,"rotation":0,"texture":"#2"}},"rotation":{"origin":[8.1063595,6.2751083,6.65602],"angle":45.0,"axis":"y"}}],"display":{"head":{"rotation":[0.0,0.0,0.0]},"firstperson_righthand":{"rotation":[0.0,0.0,0.0]},"thirdperson_lefthand":{"rotation":[0.0,-0.0,-0.0]},"firstperson_lefthand":{"rotation":[0.0,-0.0,-0.0]},"fixed":{"rotation":[0.0,0.0,0.0]},"ground":{"rotation":[0.0,0.0,0.0]},"thirdperson_righthand":{"rotation":[0.0,0.0,0.0]},"gui":{"rotation":[-150.0,-45.0,180.0]}}}