{"textures":{"2":"modelengine:entity/captain_octo","particle":"#2"},"elements":[{"from":[7.5688,-4.2134,7.5688],"to":[8.4312,-0.76379967,8.4312],"faces":{"east":{"uv":[3.375,8.125,3.5,8.625],"tintindex":0,"rotation":0,"texture":"#2"},"south":{"uv":[8.5,0.875,8.625,1.375],"tintindex":0,"rotation":0,"texture":"#2"},"north":{"uv":[1.5,3.625,1.625,4.125],"tintindex":0,"rotation":0,"texture":"#2"},"west":{"uv":[1.875,8.5,2.0,9.0],"tintindex":0,"rotation":0,"texture":"#2"},"up":{"uv":[9.625,5.75,9.5,5.625],"tintindex":0,"rotation":0,"texture":"#2"},"down":{"uv":[9.625,5.875,9.5,6.0],"tintindex":0,"rotation":0,"texture":"#2"}}},{"from":[6.7064,0.96099997,6.7064],"to":[9.2936,8.7226,9.2936],"faces":{"east":{"uv":[3.625,0.0,4.0,1.125],"tintindex":0,"rotation":0,"texture":"#2"},"south":{"uv":[0.5,3.625,0.875,4.75],"tintindex":0,"rotation":0,"texture":"#2"},"north":{"uv":[0.0,3.625,0.375,4.75],"tintindex":0,"rotation":0,"texture":"#2"},"west":{"uv":[1.0,3.625,1.375,4.75],"tintindex":0,"rotation":0,"texture":"#2"},"up":{"uv":[7.375,5.625,7.0,5.25],"tintindex":0,"rotation":0,"texture":"#2"},"down":{"uv":[7.5,0.625,7.125,1.0],"tintindex":0,"rotation":0,"texture":"#2"}}},{"from":[7.1376,1.8234,7.1376],"to":[8.8624,4.4105997,8.8624],"faces":{"east":{"uv":[7.875,5.375,8.125,5.75],"tintindex":0,"rotation":0,"texture":"#2"},"south":{"uv":[7.875,5.875,8.125,6.25],"tintindex":0,"rotation":0,"texture":"#2"},"north":{"uv":[4.75,7.875,5.0,8.25],"tintindex":0,"rotation":0,"texture":"#2"},"west":{"uv":[7.875,6.375,8.125,6.75],"tintindex":0,"rotation":0,"texture":"#2"},"up":{"uv":[8.625,8.625,8.375,8.375],"tintindex":0,"rotation":0,"texture":"#2"},"down":{"uv":[8.75,0.5,8.5,0.75],"tintindex":0,"rotation":0,"texture":"#2"}}},{"from":[7.1376,-0.76379967,7.1376],"to":[8.8624,1.8234,8.8624],"faces":{"east":{"uv":[7.875,5.375,8.125,5.75],"tintindex":0,"rotation":0,"texture":"#2"},"south":{"uv":[7.875,5.875,8.125,6.25],"tintindex":0,"rotation":0,"texture":"#2"},"north":{"uv":[4.75,7.875,5.0,8.25],"tintindex":0,"rotation":0,"texture":"#2"},"west":{"uv":[7.875,6.375,8.125,6.75],"tintindex":0,"rotation":0,"texture":"#2"},"up":{"uv":[8.625,8.625,8.375,8.375],"tintindex":0,"rotation":0,"texture":"#2"},"down":{"uv":[8.75,0.5,8.5,0.75],"tintindex":0,"rotation":0,"texture":"#2"}}}],"display":{"head":{"rotation":[0.0,0.0,0.0]},"firstperson_righthand":{"rotation":[0.0,0.0,0.0]},"thirdperson_lefthand":{"rotation":[0.0,-0.0,-0.0]},"firstperson_lefthand":{"rotation":[0.0,-0.0,-0.0]},"fixed":{"rotation":[0.0,0.0,0.0]},"ground":{"rotation":[0.0,0.0,0.0]},"thirdperson_righthand":{"rotation":[0.0,0.0,0.0]},"gui":{"rotation":[-150.0,-45.0,180.0]}}}