{"textures":{"2":"modelengine:entity/captain_octo","particle":"#2"},"elements":[{"from":[7.1376,3.3215904,7.35295],"to":[8.8624,8.495991,9.07775],"faces":{"east":{"uv":[7.5,8.5,7.625,8.875],"tintindex":0,"rotation":0,"texture":"#2"},"south":{"uv":[7.75,8.5,7.875,8.875],"tintindex":0,"rotation":0,"texture":"#2"},"north":{"uv":[7.25,8.5,7.375,8.875],"tintindex":0,"rotation":0,"texture":"#2"},"west":{"uv":[0.0,8.625,0.125,9.0],"tintindex":0,"rotation":0,"texture":"#2"},"up":{"uv":[0.125,9.625,0.0,9.5],"tintindex":0,"rotation":0,"texture":"#2"},"down":{"uv":[9.625,0.0,9.5,0.125],"tintindex":0,"rotation":0,"texture":"#2"}},"rotation":{"origin":[8.0,8.149998,7.7695503],"angle":45.0,"axis":"x"}}],"display":{"head":{"rotation":[0.0,0.0,0.0]},"firstperson_righthand":{"rotation":[0.0,0.0,0.0]},"thirdperson_lefthand":{"rotation":[0.0,-0.0,-0.0]},"firstperson_lefthand":{"rotation":[0.0,-0.0,-0.0]},"fixed":{"rotation":[0.0,0.0,0.0]},"ground":{"rotation":[0.0,0.0,0.0]},"thirdperson_righthand":{"rotation":[0.0,0.0,0.0]},"gui":{"rotation":[-150.0,-45.0,180.0]}}}