{"textures":{"2":"modelengine:entity/captain_octo","particle":"#2"},"elements":[{"from":[-0.8273897,1.6174088,6.97503],"to":[3.4846096,8.516609,11.28703],"faces":{"east":{"uv":[4.5,6.75,4.8125,7.25],"tintindex":0,"rotation":0,"texture":"#2"},"south":{"uv":[5.0,6.75,5.3125,7.25],"tintindex":0,"rotation":0,"texture":"#2"},"north":{"uv":[4.0,6.75,4.3125,7.25],"tintindex":0,"rotation":0,"texture":"#2"},"west":{"uv":[0.0,6.875,0.3125,7.375],"tintindex":0,"rotation":0,"texture":"#2"},"up":{"uv":[7.8125,4.6875,7.5,4.375],"tintindex":0,"rotation":0,"texture":"#2"},"down":{"uv":[7.8125,4.875,7.5,5.1875],"tintindex":0,"rotation":0,"texture":"#2"}},"rotation":{"origin":[3.18684,-1.5973892,10.64023],"angle":-45.0,"axis":"z"}},{"from":[5.21348,5.8344917,6.36557],"to":[10.38788,11.008892,13.2647705],"faces":{"east":{"uv":[2.875,6.25,3.375,6.625],"tintindex":0,"rotation":0,"texture":"#2"},"south":{"uv":[7.0,3.75,7.375,4.125],"tintindex":0,"rotation":0,"texture":"#2"},"north":{"uv":[7.0,3.25,7.375,3.625],"tintindex":0,"rotation":0,"texture":"#2"},"west":{"uv":[6.375,4.125,6.875,4.5],"tintindex":0,"rotation":0,"texture":"#2"},"up":{"uv":[2.125,3.375,1.75,2.875],"tintindex":0,"rotation":0,"texture":"#2"},"down":{"uv":[3.875,6.25,3.5,6.75],"tintindex":0,"rotation":0,"texture":"#2"}},"rotation":{"origin":[16.424679,3.6784897,9.81517],"angle":-22.5,"axis":"x"}},{"from":[-2.5521898,-0.10738754,6.11263],"to":[1.7598095,6.791809,12.14943],"faces":{"east":{"uv":[6.0,0.875,6.4375,1.375],"tintindex":0,"rotation":0,"texture":"#2"},"south":{"uv":[1.5,6.875,1.8125,7.375],"tintindex":0,"rotation":0,"texture":"#2"},"north":{"uv":[0.5,6.875,0.8125,7.375],"tintindex":0,"rotation":0,"texture":"#2"},"west":{"uv":[4.0,6.125,4.4375,6.625],"tintindex":0,"rotation":0,"texture":"#2"},"up":{"uv":[7.6875,6.1875,7.375,5.75],"tintindex":0,"rotation":0,"texture":"#2"},"down":{"uv":[7.6875,6.375,7.375,6.8125],"tintindex":0,"rotation":0,"texture":"#2"}},"rotation":{"origin":[3.18684,-1.5973892,10.64023],"angle":-45.0,"axis":"z"}}],"display":{"head":{"rotation":[0.0,0.0,0.0]},"firstperson_righthand":{"rotation":[0.0,0.0,0.0]},"thirdperson_lefthand":{"rotation":[0.0,-0.0,-0.0]},"firstperson_lefthand":{"rotation":[0.0,-0.0,-0.0]},"fixed":{"rotation":[0.0,0.0,0.0]},"ground":{"rotation":[0.0,0.0,0.0]},"thirdperson_righthand":{"rotation":[0.0,0.0,0.0]},"gui":{"rotation":[-150.0,-45.0,180.0]}}}