{"textures":{"2":"modelengine:entity/captain_octo","particle":"#2"},"elements":[{"from":[6.7064295,1.4978199,6.59844],"to":[9.29363,8.397018,9.18564],"faces":{"east":{"uv":[1.875,7.875,2.0625,8.375],"tintindex":0,"rotation":0,"texture":"#2"},"south":{"uv":[7.875,2.125,8.0625,2.625],"tintindex":0,"rotation":0,"texture":"#2"},"north":{"uv":[6.875,7.75,7.0625,8.25],"tintindex":0,"rotation":0,"texture":"#2"},"west":{"uv":[7.875,2.75,8.0625,3.25],"tintindex":0,"rotation":0,"texture":"#2"},"up":{"uv":[3.1875,9.3125,3.0,9.125],"tintindex":0,"rotation":0,"texture":"#2"},"down":{"uv":[9.3125,3.25,9.125,3.4375],"tintindex":0,"rotation":0,"texture":"#2"}}}],"display":{"head":{"rotation":[0.0,0.0,0.0]},"firstperson_righthand":{"rotation":[0.0,0.0,0.0]},"thirdperson_lefthand":{"rotation":[0.0,-0.0,-0.0]},"firstperson_lefthand":{"rotation":[0.0,-0.0,-0.0]},"fixed":{"rotation":[0.0,0.0,0.0]},"ground":{"rotation":[0.0,0.0,0.0]},"thirdperson_righthand":{"rotation":[0.0,0.0,0.0]},"gui":{"rotation":[-150.0,-45.0,180.0]}}}