{"textures":{"2":"modelengine:entity/captain_octo","particle":"#2"},"elements":[{"from":[7.01281,3.6796608,4.6276503],"to":[9.60001,8.854061,7.21485],"faces":{"east":{"uv":[8.125,0.5,8.3125,0.875],"tintindex":0,"rotation":0,"texture":"#2"},"south":{"uv":[0.75,8.125,0.9375,8.5],"tintindex":0,"rotation":0,"texture":"#2"},"north":{"uv":[0.375,8.125,0.5625,8.5],"tintindex":0,"rotation":0,"texture":"#2"},"west":{"uv":[8.125,1.0,8.3125,1.375],"tintindex":0,"rotation":0,"texture":"#2"},"up":{"uv":[9.1875,7.8125,9.0,7.625],"tintindex":0,"rotation":0,"texture":"#2"},"down":{"uv":[9.1875,8.0,9.0,8.1875],"tintindex":0,"rotation":0,"texture":"#2"}},"rotation":{"origin":[8.30641,4.02565,6.36706],"angle":22.5,"axis":"x"}}],"display":{"head":{"rotation":[0.0,0.0,0.0]},"firstperson_righthand":{"rotation":[0.0,0.0,0.0]},"thirdperson_lefthand":{"rotation":[0.0,-0.0,-0.0]},"firstperson_lefthand":{"rotation":[0.0,-0.0,-0.0]},"fixed":{"rotation":[0.0,0.0,0.0]},"ground":{"rotation":[0.0,0.0,0.0]},"thirdperson_righthand":{"rotation":[0.0,0.0,0.0]},"gui":{"rotation":[-150.0,-45.0,180.0]}}}