{"textures":{"2":"modelengine:entity/captain_octo","particle":"#2"},"elements":[{"from":[7.87521,0.14850807,8.25888],"to":[8.73761,3.5981102,9.12128],"faces":{"east":{"uv":[7.75,9.375,7.8125,9.625],"tintindex":0,"rotation":0,"texture":"#2"},"south":{"uv":[9.375,8.0,9.4375,8.25],"tintindex":0,"rotation":0,"texture":"#2"},"north":{"uv":[9.375,7.625,9.4375,7.875],"tintindex":0,"rotation":0,"texture":"#2"},"west":{"uv":[9.375,8.375,9.4375,8.625],"tintindex":0,"rotation":0,"texture":"#2"},"up":{"uv":[9.5625,6.1875,9.5,6.125],"tintindex":0,"rotation":0,"texture":"#2"},"down":{"uv":[9.5625,6.375,9.5,6.4375],"tintindex":0,"rotation":0,"texture":"#2"}},"rotation":{"origin":[8.30641,5.6678696,7.8276796],"angle":22.5,"axis":"x"}},{"from":[7.44401,3.0806694,6.9652796],"to":[9.16881,8.25507,8.69008],"faces":{"east":{"uv":[8.5,1.5,8.625,1.875],"tintindex":0,"rotation":0,"texture":"#2"},"south":{"uv":[2.125,8.5,2.25,8.875],"tintindex":0,"rotation":0,"texture":"#2"},"north":{"uv":[3.75,6.875,3.875,7.25],"tintindex":0,"rotation":0,"texture":"#2"},"west":{"uv":[2.375,8.5,2.5,8.875],"tintindex":0,"rotation":0,"texture":"#2"},"up":{"uv":[2.625,1.375,2.5,1.25],"tintindex":0,"rotation":0,"texture":"#2"},"down":{"uv":[4.0,1.25,3.875,1.375],"tintindex":0,"rotation":0,"texture":"#2"}}}],"display":{"head":{"rotation":[0.0,0.0,0.0]},"firstperson_righthand":{"rotation":[0.0,0.0,0.0]},"thirdperson_lefthand":{"rotation":[0.0,-0.0,-0.0]},"firstperson_lefthand":{"rotation":[0.0,-0.0,-0.0]},"fixed":{"rotation":[0.0,0.0,0.0]},"ground":{"rotation":[0.0,0.0,0.0]},"thirdperson_righthand":{"rotation":[0.0,0.0,0.0]},"gui":{"rotation":[-150.0,-45.0,180.0]}}}