{"textures":{"1":"modelengine:entity/pirate_pistol","2":"modelengine:entity/captain_octo","particle":"#1"},"elements":[{"from":[6.96994,9.2482605,-6.39631],"to":[9.50531,11.78363,1.2098098],"faces":{"east":{"uv":[0.0,0.0,4.0,1.5],"tintindex":0,"rotation":0,"texture":"#1"},"south":{"uv":[5.5,1.5,7.0,3.0],"tintindex":0,"rotation":0,"texture":"#1"},"north":{"uv":[4.0,1.5,5.5,3.0],"tintindex":0,"rotation":0,"texture":"#1"},"west":{"uv":[0.0,1.5,4.0,3.0],"tintindex":0,"rotation":0,"texture":"#1"},"up":{"uv":[1.5,7.0,0.0,3.0],"tintindex":0,"rotation":0,"texture":"#1"},"down":{"uv":[3.0,3.0,1.5,7.0],"tintindex":0,"rotation":0,"texture":"#1"}},"rotation":{"origin":[6.1655607,17.13332,9.51753],"angle":-22.5,"axis":"x"}},{"from":[6.96994,12.20619,1.2098098],"to":[9.50531,13.051319,3.7451801],"faces":{"east":{"uv":[9.0,7.5,10.5,8.0],"tintindex":0,"rotation":0,"texture":"#1"},"south":{"uv":[9.0,8.0,10.5,8.5],"tintindex":0,"rotation":0,"texture":"#1"},"north":{"uv":[7.5,9.0,9.0,9.5],"tintindex":0,"rotation":0,"texture":"#1"},"west":{"uv":[9.0,8.5,10.5,9.0],"tintindex":0,"rotation":0,"texture":"#1"},"up":{"uv":[8.5,4.5,7.0,3.0],"tintindex":0,"rotation":0,"texture":"#1"},"down":{"uv":[6.0,7.0,4.5,8.5],"tintindex":0,"rotation":0,"texture":"#1"}},"rotation":{"origin":[6.1655607,17.13332,9.51753],"angle":-22.5,"axis":"x"}},{"from":[5.7269,13.454689,0.51584005],"to":[6.57203,14.29981,3.89634],"faces":{"east":{"uv":[9.0,9.0,10.5,9.5],"tintindex":0,"rotation":0,"texture":"#1"},"south":{"uv":[9.5,1.0,10.0,1.5],"tintindex":0,"rotation":0,"texture":"#1"},"north":{"uv":[9.5,0.5,10.0,1.0],"tintindex":0,"rotation":0,"texture":"#1"},"west":{"uv":[9.5,0.0,11.0,0.5],"tintindex":0,"rotation":0,"texture":"#1"},"up":{"uv":[8.0,11.0,7.5,9.5],"tintindex":0,"rotation":0,"texture":"#1"},"down":{"uv":[8.5,9.5,8.0,11.0],"tintindex":0,"rotation":0,"texture":"#1"}},"rotation":{"origin":[6.1655607,17.13332,9.51753],"angle":-45.0,"axis":"x"}},{"from":[6.96994,7.1170197,9.93008],"to":[9.50531,9.652399,13.310579],"faces":{"east":{"uv":[6.0,7.5,7.5,9.0],"tintindex":0,"rotation":90,"texture":"#1"},"south":{"uv":[1.5,8.5,0.0,10.0],"tintindex":0,"rotation":0,"texture":"#1"},"north":{"uv":[9.5,1.5,8.0,0.0],"tintindex":0,"rotation":180,"texture":"#1"},"west":{"uv":[7.5,7.5,9.0,9.0],"tintindex":0,"rotation":270,"texture":"#1"},"up":{"uv":[7.5,6.0,9.0,7.5],"tintindex":0,"rotation":0,"texture":"#1"},"down":{"uv":[7.5,4.5,9.0,6.0],"tintindex":0,"rotation":180,"texture":"#1"}},"rotation":{"origin":[6.1655607,17.13332,9.51753],"angle":22.5,"axis":"x"}},{"from":[8.23762,6.2903194,1.2098098],"to":[8.23762,8.825699,4.5903],"faces":{"east":{"uv":[6.0,9.0,7.5,10.5],"tintindex":0,"rotation":0,"texture":"#1"},"west":{"uv":[9.0,6.0,10.5,7.5],"tintindex":0,"rotation":0,"texture":"#1"}},"rotation":{"origin":[6.1655607,17.13332,9.51753],"angle":-22.5,"axis":"x"}},{"from":[6.5473804,8.825699,-3.86094],"to":[9.927871,11.361069,1.2098098],"faces":{"east":{"uv":[3.0,3.0,5.5,4.5],"tintindex":0,"rotation":0,"texture":"#1"},"south":{"uv":[3.0,7.0,4.5,8.5],"tintindex":0,"rotation":0,"texture":"#1"},"north":{"uv":[7.0,1.5,8.5,3.0],"tintindex":0,"rotation":0,"texture":"#1"},"west":{"uv":[4.0,0.0,6.5,1.5],"tintindex":0,"rotation":0,"texture":"#1"},"up":{"uv":[4.5,7.0,3.0,4.5],"tintindex":0,"rotation":0,"texture":"#1"},"down":{"uv":[6.0,4.5,4.5,7.0],"tintindex":0,"rotation":0,"texture":"#1"}},"rotation":{"origin":[6.1655607,17.13332,9.51753],"angle":-22.5,"axis":"x"}},{"from":[6.5473804,8.825699,1.2098098],"to":[9.927871,12.20619,4.5903],"faces":{"east":{"uv":[6.0,4.5,7.5,6.0],"tintindex":0,"rotation":0,"texture":"#1"},"south":{"uv":[6.0,6.0,7.5,7.5],"tintindex":0,"rotation":0,"texture":"#1"},"north":{"uv":[5.5,3.0,7.0,4.5],"tintindex":0,"rotation":0,"texture":"#1"},"west":{"uv":[6.5,0.0,8.0,1.5],"tintindex":0,"rotation":0,"texture":"#1"},"up":{"uv":[1.5,8.5,0.0,7.0],"tintindex":0,"rotation":0,"texture":"#1"},"down":{"uv":[3.0,7.0,1.5,8.5],"tintindex":0,"rotation":0,"texture":"#1"}},"rotation":{"origin":[6.1655607,17.13332,9.51753],"angle":-22.5,"axis":"x"}},{"from":[6.46239,9.168419,7.27529],"to":[9.91199,10.893219,8.69825],"faces":{"east":{"uv":[9.5,3.875,9.625,4.0],"tintindex":0,"rotation":0,"texture":"#2"},"south":{"uv":[9.25,1.0,9.5,1.125],"tintindex":0,"rotation":0,"texture":"#2"},"north":{"uv":[9.25,0.75,9.5,0.875],"tintindex":0,"rotation":0,"texture":"#2"},"west":{"uv":[4.125,9.5,4.25,9.625],"tintindex":0,"rotation":0,"texture":"#2"},"up":{"uv":[9.5,1.375,9.25,1.25],"tintindex":0,"rotation":0,"texture":"#2"},"down":{"uv":[2.25,9.25,2.0,9.375],"tintindex":0,"rotation":0,"texture":"#2"}}},{"from":[6.96994,7.3874493,1.5195799],"to":[9.50531,10.76795,4.05495],"faces":{"east":{"uv":[8.5,1.5,10.0,3.0],"tintindex":0,"rotation":0,"texture":"#1"},"south":{"uv":[3.0,8.5,4.5,10.0],"tintindex":0,"rotation":0,"texture":"#1"},"north":{"uv":[1.5,8.5,3.0,10.0],"tintindex":0,"rotation":0,"texture":"#1"},"west":{"uv":[8.5,3.0,10.0,4.5],"tintindex":0,"rotation":0,"texture":"#1"},"up":{"uv":[6.0,10.0,4.5,8.5],"tintindex":0,"rotation":0,"texture":"#1"},"down":{"uv":[10.5,4.5,9.0,6.0],"tintindex":0,"rotation":0,"texture":"#1"}},"rotation":{"origin":[6.1655607,17.13332,9.51753],"angle":-45.0,"axis":"x"}}],"display":{"head":{"rotation":[0.0,0.0,0.0]},"firstperson_righthand":{"rotation":[0.0,0.0,0.0]},"thirdperson_lefthand":{"rotation":[0.0,-0.0,-0.0]},"firstperson_lefthand":{"rotation":[0.0,-0.0,-0.0]},"fixed":{"rotation":[0.0,0.0,0.0]},"ground":{"rotation":[0.0,0.0,0.0]},"thirdperson_righthand":{"rotation":[0.0,0.0,0.0]},"gui":{"rotation":[-150.0,-45.0,180.0]}}}