{"textures":{"2":"modelengine:entity/captain_octo","particle":"#2"},"elements":[{"from":[5.8871202,7.58002,2.1659498],"to":[10.11288,9.30482,6.47795],"faces":{"east":{"uv":[4.125,9.0,4.4375,9.125],"tintindex":0,"rotation":0,"texture":"#2"},"south":{"uv":[5.375,9.0,5.6875,9.125],"tintindex":0,"rotation":0,"texture":"#2"},"north":{"uv":[2.125,9.0,2.4375,9.125],"tintindex":0,"rotation":0,"texture":"#2"},"west":{"uv":[5.875,9.0,6.1875,9.125],"tintindex":0,"rotation":0,"texture":"#2"},"up":{"uv":[7.9375,1.9375,7.625,1.625],"tintindex":0,"rotation":0,"texture":"#2"},"down":{"uv":[5.5625,7.625,5.25,7.9375],"tintindex":0,"rotation":0,"texture":"#2"}},"rotation":{"origin":[8.0,8.44242,6.04675],"angle":-22.5,"axis":"x"}},{"from":[5.844,5.85522,2.1659498],"to":[10.156,7.58002,9.92755],"faces":{"east":{"uv":[8.375,7.125,8.9375,7.25],"tintindex":0,"rotation":0,"texture":"#2"},"south":{"uv":[9.0,1.5,9.3125,1.625],"tintindex":0,"rotation":0,"texture":"#2"},"north":{"uv":[8.875,6.875,9.1875,7.0],"tintindex":0,"rotation":0,"texture":"#2"},"west":{"uv":[8.375,7.375,8.9375,7.5],"tintindex":0,"rotation":0,"texture":"#2"},"up":{"uv":[6.9375,1.1875,6.625,0.625],"tintindex":0,"rotation":0,"texture":"#2"},"down":{"uv":[2.3125,6.625,2.0,7.1875],"tintindex":0,"rotation":0,"texture":"#2"}}}],"display":{"head":{"rotation":[0.0,0.0,0.0]},"firstperson_righthand":{"rotation":[0.0,0.0,0.0]},"thirdperson_lefthand":{"rotation":[0.0,-0.0,-0.0]},"firstperson_lefthand":{"rotation":[0.0,-0.0,-0.0]},"fixed":{"rotation":[0.0,0.0,0.0]},"ground":{"rotation":[0.0,0.0,0.0]},"thirdperson_righthand":{"rotation":[0.0,0.0,0.0]},"gui":{"rotation":[-150.0,-45.0,180.0]}}}