{"textures":{"2":"modelengine:entity/captain_octo","particle":"#2"},"elements":[{"from":[6.2303295,4.8526096,7.23188],"to":[7.9551296,8.30221,8.74108],"faces":{"east":{"uv":[9.375,0.375,9.25,0.625],"tintindex":0,"rotation":0,"texture":"#2"},"south":{"uv":[9.125,9.125,9.0,9.375],"tintindex":0,"rotation":0,"texture":"#2"},"north":{"uv":[8.125,9.125,8.0,9.375],"tintindex":0,"rotation":0,"texture":"#2"},"west":{"uv":[8.875,9.125,8.75,9.375],"tintindex":0,"rotation":0,"texture":"#2"},"up":{"uv":[9.5,3.75,9.625,3.625],"tintindex":0,"rotation":0,"texture":"#2"},"down":{"uv":[3.875,9.5,4.0,9.625],"tintindex":0,"rotation":0,"texture":"#2"}},"rotation":{"origin":[7.186179,15.89179,9.517241],"angle":-22.5,"axis":"z"}},{"from":[12.59654,6.7337894,7.14564],"to":[14.321339,11.90819,8.87044],"faces":{"east":{"uv":[3.75,8.75,3.625,9.125],"tintindex":0,"rotation":0,"texture":"#2"},"south":{"uv":[3.5,8.75,3.375,9.125],"tintindex":0,"rotation":0,"texture":"#2"},"north":{"uv":[8.875,0.875,8.75,1.25],"tintindex":0,"rotation":0,"texture":"#2"},"west":{"uv":[8.875,1.375,8.75,1.75],"tintindex":0,"rotation":0,"texture":"#2"},"up":{"uv":[9.5,3.25,9.625,3.125],"tintindex":0,"rotation":0,"texture":"#2"},"down":{"uv":[3.375,9.5,3.5,9.625],"tintindex":0,"rotation":0,"texture":"#2"}},"rotation":{"origin":[7.186179,15.89179,9.517241],"angle":-45.0,"axis":"z"}},{"from":[6.5861197,4.833481,7.18876],"to":[10.035719,6.558281,8.82732],"faces":{"east":{"uv":[3.75,9.5,3.625,9.625],"tintindex":0,"rotation":0,"texture":"#2"},"south":{"uv":[9.375,6.5,9.125,6.625],"tintindex":0,"rotation":0,"texture":"#2"},"north":{"uv":[9.375,6.25,9.125,6.375],"tintindex":0,"rotation":0,"texture":"#2"},"west":{"uv":[9.625,3.375,9.5,3.5],"tintindex":0,"rotation":0,"texture":"#2"},"up":{"uv":[9.125,7.25,9.375,7.125],"tintindex":0,"rotation":0,"texture":"#2"},"down":{"uv":[9.125,7.375,9.375,7.5],"tintindex":0,"rotation":0,"texture":"#2"}},"rotation":{"origin":[7.186179,15.89179,9.517241],"angle":-22.5,"axis":"z"}}],"display":{"head":{"rotation":[0.0,0.0,0.0]},"firstperson_righthand":{"rotation":[0.0,0.0,0.0]},"thirdperson_lefthand":{"rotation":[0.0,-0.0,-0.0]},"firstperson_lefthand":{"rotation":[0.0,-0.0,-0.0]},"fixed":{"rotation":[0.0,0.0,0.0]},"ground":{"rotation":[0.0,0.0,0.0]},"thirdperson_righthand":{"rotation":[0.0,0.0,0.0]},"gui":{"rotation":[-150.0,-45.0,180.0]}}}