{"textures":{"2":"modelengine:entity/captain_octo","particle":"#2"},"elements":[{"from":[5.4128,-4.09179,5.17358],"to":[10.5872,9.70661,10.34798],"faces":{"east":{"uv":[4.5,4.5,4.875,5.5],"tintindex":0,"rotation":0,"texture":"#2"},"south":{"uv":[4.75,2.25,5.125,3.25],"tintindex":0,"rotation":0,"texture":"#2"},"north":{"uv":[4.5,3.375,4.875,4.375],"tintindex":0,"rotation":0,"texture":"#2"},"west":{"uv":[0.0,4.875,0.375,5.875],"tintindex":0,"rotation":0,"texture":"#2"},"up":{"uv":[7.5,2.375,7.125,2.0],"tintindex":0,"rotation":0,"texture":"#2"},"down":{"uv":[5.875,7.125,5.5,7.5],"tintindex":0,"rotation":0,"texture":"#2"}}}],"display":{"head":{"rotation":[0.0,0.0,0.0]},"firstperson_righthand":{"rotation":[0.0,0.0,0.0]},"thirdperson_lefthand":{"rotation":[0.0,-0.0,-0.0]},"firstperson_lefthand":{"rotation":[0.0,-0.0,-0.0]},"fixed":{"rotation":[0.0,0.0,0.0]},"ground":{"rotation":[0.0,0.0,0.0]},"thirdperson_righthand":{"rotation":[0.0,0.0,0.0]},"gui":{"rotation":[-150.0,-45.0,180.0]}}}