{"textures":{"2":"modelengine:entity/captain_octo","particle":"#2"},"elements":[{"from":[6.39999,3.6540108,5.1521997],"to":[8.98719,8.828411,7.7394],"faces":{"east":{"uv":[0.1875,8.125,0.0,8.5],"tintindex":0,"rotation":0,"texture":"#2"},"south":{"uv":[8.1875,7.625,8.0,8.0],"tintindex":0,"rotation":0,"texture":"#2"},"north":{"uv":[7.4375,8.0,7.25,8.375],"tintindex":0,"rotation":0,"texture":"#2"},"west":{"uv":[7.8125,8.0,7.625,8.375],"tintindex":0,"rotation":0,"texture":"#2"},"up":{"uv":[7.25,9.1875,7.4375,9.0],"tintindex":0,"rotation":0,"texture":"#2"},"down":{"uv":[7.625,9.0,7.8125,9.1875],"tintindex":0,"rotation":0,"texture":"#2"}},"rotation":{"origin":[7.69359,4.0,6.0],"angle":22.5,"axis":"x"}}],"display":{"head":{"rotation":[0.0,0.0,0.0]},"firstperson_righthand":{"rotation":[0.0,0.0,0.0]},"thirdperson_lefthand":{"rotation":[0.0,-0.0,-0.0]},"firstperson_lefthand":{"rotation":[0.0,-0.0,-0.0]},"fixed":{"rotation":[0.0,0.0,0.0]},"ground":{"rotation":[0.0,0.0,0.0]},"thirdperson_righthand":{"rotation":[0.0,0.0,0.0]},"gui":{"rotation":[-150.0,-45.0,180.0]}}}