{"textures":{"2":"modelengine:entity/captain_octo","particle":"#2"},"elements":[{"from":[7.5206404,0.88180923,5.4128],"to":[9.24544,6.0562096,10.5872],"faces":{"east":{"uv":[7.375,7.25,7.0,7.625],"tintindex":0,"rotation":0,"texture":"#2"},"south":{"uv":[0.625,8.875,0.5,9.25],"tintindex":0,"rotation":0,"texture":"#2"},"north":{"uv":[0.375,8.875,0.25,9.25],"tintindex":0,"rotation":0,"texture":"#2"},"west":{"uv":[6.875,7.25,6.5,7.625],"tintindex":0,"rotation":0,"texture":"#2"},"up":{"uv":[0.75,9.25,0.875,8.875],"tintindex":0,"rotation":0,"texture":"#2"},"down":{"uv":[1.0,8.875,1.125,9.25],"tintindex":0,"rotation":0,"texture":"#2"}},"rotation":{"origin":[3.29488,5.538769,4.9816],"angle":22.5,"axis":"z"}}],"display":{"head":{"rotation":[0.0,0.0,0.0]},"firstperson_righthand":{"rotation":[0.0,0.0,0.0]},"thirdperson_lefthand":{"rotation":[0.0,-0.0,-0.0]},"firstperson_lefthand":{"rotation":[0.0,-0.0,-0.0]},"fixed":{"rotation":[0.0,0.0,0.0]},"ground":{"rotation":[0.0,0.0,0.0]},"thirdperson_righthand":{"rotation":[0.0,0.0,0.0]},"gui":{"rotation":[-150.0,-45.0,180.0]}}}