{"textures":{"2":"modelengine:entity/captain_octo","particle":"#2"},"elements":[{"from":[14.2401905,-0.10738754,6.11263],"to":[18.552189,6.791809,12.14943],"faces":{"east":{"uv":[4.4375,6.125,4.0,6.625],"tintindex":0,"rotation":0,"texture":"#2"},"south":{"uv":[1.8125,6.875,1.5,7.375],"tintindex":0,"rotation":0,"texture":"#2"},"north":{"uv":[0.8125,6.875,0.5,7.375],"tintindex":0,"rotation":0,"texture":"#2"},"west":{"uv":[6.4375,0.875,6.0,1.375],"tintindex":0,"rotation":0,"texture":"#2"},"up":{"uv":[7.375,6.1875,7.6875,5.75],"tintindex":0,"rotation":0,"texture":"#2"},"down":{"uv":[7.375,6.375,7.6875,6.8125],"tintindex":0,"rotation":0,"texture":"#2"}},"rotation":{"origin":[12.81316,-1.5973892,10.64023],"angle":45.0,"axis":"z"}},{"from":[12.51539,1.6174088,6.97503],"to":[16.827389,8.516609,11.28703],"faces":{"east":{"uv":[0.3125,6.875,0.0,7.375],"tintindex":0,"rotation":0,"texture":"#2"},"south":{"uv":[5.3125,6.75,5.0,7.25],"tintindex":0,"rotation":0,"texture":"#2"},"north":{"uv":[4.3125,6.75,4.0,7.25],"tintindex":0,"rotation":0,"texture":"#2"},"west":{"uv":[4.8125,6.75,4.5,7.25],"tintindex":0,"rotation":0,"texture":"#2"},"up":{"uv":[7.5,4.6875,7.8125,4.375],"tintindex":0,"rotation":0,"texture":"#2"},"down":{"uv":[7.5,4.875,7.8125,5.1875],"tintindex":0,"rotation":0,"texture":"#2"}},"rotation":{"origin":[12.81316,-1.5973892,10.64023],"angle":45.0,"axis":"z"}},{"from":[5.61212,5.8344917,6.36557],"to":[10.78652,11.008892,13.2647705],"faces":{"east":{"uv":[6.875,4.125,6.375,4.5],"tintindex":0,"rotation":0,"texture":"#2"},"south":{"uv":[7.375,3.75,7.0,4.125],"tintindex":0,"rotation":0,"texture":"#2"},"north":{"uv":[7.375,3.25,7.0,3.625],"tintindex":0,"rotation":0,"texture":"#2"},"west":{"uv":[3.375,6.25,2.875,6.625],"tintindex":0,"rotation":0,"texture":"#2"},"up":{"uv":[1.75,3.375,2.125,2.875],"tintindex":0,"rotation":0,"texture":"#2"},"down":{"uv":[3.5,6.25,3.875,6.75],"tintindex":0,"rotation":0,"texture":"#2"}},"rotation":{"origin":[-0.42467976,3.6784897,9.81517],"angle":-22.5,"axis":"x"}}],"display":{"head":{"rotation":[0.0,0.0,0.0]},"firstperson_righthand":{"rotation":[0.0,0.0,0.0]},"thirdperson_lefthand":{"rotation":[0.0,-0.0,-0.0]},"firstperson_lefthand":{"rotation":[0.0,-0.0,-0.0]},"fixed":{"rotation":[0.0,0.0,0.0]},"ground":{"rotation":[0.0,0.0,0.0]},"thirdperson_righthand":{"rotation":[0.0,0.0,0.0]},"gui":{"rotation":[-150.0,-45.0,180.0]}}}