{"textures":{"2":"modelengine:entity/captain_octo","particle":"#2"},"elements":[{"from":[7.5356402,7.1376,2.84067],"to":[9.260441,8.8624,8.01507],"faces":{"east":{"uv":[4.0,8.5,3.625,8.625],"tintindex":0,"rotation":0,"texture":"#2"},"south":{"uv":[7.375,7.75,7.25,7.875],"tintindex":0,"rotation":0,"texture":"#2"},"north":{"uv":[5.375,7.375,5.25,7.5],"tintindex":0,"rotation":0,"texture":"#2"},"west":{"uv":[3.125,1.875,2.75,2.0],"tintindex":0,"rotation":0,"texture":"#2"},"up":{"uv":[4.125,8.875,4.25,8.5],"tintindex":0,"rotation":0,"texture":"#2"},"down":{"uv":[4.375,8.5,4.5,8.875],"tintindex":0,"rotation":0,"texture":"#2"}},"rotation":{"origin":[8.05308,6.835762,7.1526704],"angle":-45.0,"axis":"y"}},{"from":[7.9668403,7.568802,-1.4713287],"to":[8.829241,8.431202,2.84067],"faces":{"east":{"uv":[1.0625,9.375,0.75,9.4375],"tintindex":0,"rotation":0,"texture":"#2"},"south":{"uv":[6.8125,9.5,6.75,9.5625],"tintindex":0,"rotation":0,"texture":"#2"},"north":{"uv":[6.5625,9.5,6.5,9.5625],"tintindex":0,"rotation":0,"texture":"#2"},"west":{"uv":[0.5625,9.375,0.25,9.4375],"tintindex":0,"rotation":0,"texture":"#2"},"up":{"uv":[4.5,9.6875,4.5625,9.375],"tintindex":0,"rotation":0,"texture":"#2"},"down":{"uv":[4.75,9.375,4.8125,9.6875],"tintindex":0,"rotation":0,"texture":"#2"}},"rotation":{"origin":[8.05308,6.835762,7.1526704],"angle":-45.0,"axis":"y"}}],"display":{"head":{"rotation":[0.0,0.0,0.0]},"firstperson_righthand":{"rotation":[0.0,0.0,0.0]},"thirdperson_lefthand":{"rotation":[0.0,-0.0,-0.0]},"firstperson_lefthand":{"rotation":[0.0,-0.0,-0.0]},"fixed":{"rotation":[0.0,0.0,0.0]},"ground":{"rotation":[0.0,0.0,0.0]},"thirdperson_righthand":{"rotation":[0.0,0.0,0.0]},"gui":{"rotation":[-150.0,-45.0,180.0]}}}