{"textures":{"2":"modelengine:entity/captain_octo","particle":"#2"},"elements":[{"from":[7.1376,2.9127998,5.4128],"to":[8.8624,8.0872,10.5872],"faces":{"east":{"uv":[4.125,7.375,3.75,7.75],"tintindex":0,"rotation":0,"texture":"#2"},"south":{"uv":[9.0,4.375,8.875,4.75],"tintindex":0,"rotation":0,"texture":"#2"},"north":{"uv":[9.0,3.875,8.875,4.25],"tintindex":0,"rotation":0,"texture":"#2"},"west":{"uv":[2.375,7.375,2.0,7.75],"tintindex":0,"rotation":0,"texture":"#2"},"up":{"uv":[4.625,9.25,4.75,8.875],"tintindex":0,"rotation":0,"texture":"#2"},"down":{"uv":[4.875,8.875,5.0,9.25],"tintindex":0,"rotation":0,"texture":"#2"}}}],"display":{"head":{"rotation":[0.0,0.0,0.0]},"firstperson_righthand":{"rotation":[0.0,0.0,0.0]},"thirdperson_lefthand":{"rotation":[0.0,-0.0,-0.0]},"firstperson_lefthand":{"rotation":[0.0,-0.0,-0.0]},"fixed":{"rotation":[0.0,0.0,0.0]},"ground":{"rotation":[0.0,0.0,0.0]},"thirdperson_righthand":{"rotation":[0.0,0.0,0.0]},"gui":{"rotation":[-150.0,-45.0,180.0]}}}