{"textures":{"2":"modelengine:entity/captain_octo","particle":"#2"},"elements":[{"from":[7.9787397,3.679657,6.7064],"to":[10.56594,8.854057,9.2936],"faces":{"east":{"uv":[4.9375,8.375,4.75,8.75],"tintindex":0,"rotation":0,"texture":"#2"},"south":{"uv":[6.6875,8.25,6.5,8.625],"tintindex":0,"rotation":0,"texture":"#2"},"north":{"uv":[8.4375,5.75,8.25,6.125],"tintindex":0,"rotation":0,"texture":"#2"},"west":{"uv":[8.4375,6.25,8.25,6.625],"tintindex":0,"rotation":0,"texture":"#2"},"up":{"uv":[2.625,9.3125,2.8125,9.125],"tintindex":0,"rotation":0,"texture":"#2"},"down":{"uv":[9.125,2.875,9.3125,3.0625],"tintindex":0,"rotation":0,"texture":"#2"}},"rotation":{"origin":[8.82654,4.02565,8.0],"angle":22.5,"axis":"z"}}],"display":{"head":{"rotation":[0.0,0.0,0.0]},"firstperson_righthand":{"rotation":[0.0,0.0,0.0]},"thirdperson_lefthand":{"rotation":[0.0,-0.0,-0.0]},"firstperson_lefthand":{"rotation":[0.0,-0.0,-0.0]},"fixed":{"rotation":[0.0,0.0,0.0]},"ground":{"rotation":[0.0,0.0,0.0]},"thirdperson_righthand":{"rotation":[0.0,0.0,0.0]},"gui":{"rotation":[-150.0,-45.0,180.0]}}}