{"textures":{"2":"modelengine:entity/captain_octo","particle":"#2"},"elements":[{"from":[6.5723095,0.39850998,7.5688],"to":[7.43471,3.8481102,8.4312],"faces":{"east":{"uv":[2.9375,9.5,2.875,9.75],"tintindex":0,"rotation":0,"texture":"#2"},"south":{"uv":[2.6875,9.5,2.625,9.75],"tintindex":0,"rotation":0,"texture":"#2"},"north":{"uv":[9.5625,2.125,9.5,2.375],"tintindex":0,"rotation":0,"texture":"#2"},"west":{"uv":[9.5625,2.5,9.5,2.75],"tintindex":0,"rotation":0,"texture":"#2"},"up":{"uv":[8.25,9.5625,8.3125,9.5],"tintindex":0,"rotation":0,"texture":"#2"},"down":{"uv":[8.5,9.5,8.5625,9.5625],"tintindex":0,"rotation":0,"texture":"#2"}},"rotation":{"origin":[7.86591,5.9178696,8.0],"angle":22.5,"axis":"z"}},{"from":[7.0035095,3.3306694,7.1376],"to":[8.72831,8.50507,8.8624],"faces":{"east":{"uv":[8.125,8.625,8.0,9.0],"tintindex":0,"rotation":0,"texture":"#2"},"south":{"uv":[8.75,6.25,8.625,6.625],"tintindex":0,"rotation":0,"texture":"#2"},"north":{"uv":[8.75,5.25,8.625,5.625],"tintindex":0,"rotation":0,"texture":"#2"},"west":{"uv":[8.75,5.75,8.625,6.125],"tintindex":0,"rotation":0,"texture":"#2"},"up":{"uv":[9.5,3.0,9.625,2.875],"tintindex":0,"rotation":0,"texture":"#2"},"down":{"uv":[3.125,9.5,3.25,9.625],"tintindex":0,"rotation":0,"texture":"#2"}}}],"display":{"head":{"rotation":[0.0,0.0,0.0]},"firstperson_righthand":{"rotation":[0.0,0.0,0.0]},"thirdperson_lefthand":{"rotation":[0.0,-0.0,-0.0]},"firstperson_lefthand":{"rotation":[0.0,-0.0,-0.0]},"fixed":{"rotation":[0.0,0.0,0.0]},"ground":{"rotation":[0.0,0.0,0.0]},"thirdperson_righthand":{"rotation":[0.0,0.0,0.0]},"gui":{"rotation":[-150.0,-45.0,180.0]}}}