{"textures":{"2":"modelengine:entity/captain_octo","particle":"#2"},"elements":[{"from":[5.844,-2.5047894,5.52503],"to":[10.156,7.8440104,9.83703],"faces":{"east":{"uv":[6.0,0.0,6.3125,0.75],"tintindex":0,"rotation":0,"texture":"#2"},"south":{"uv":[0.5,6.0,0.8125,6.75],"tintindex":0,"rotation":0,"texture":"#2"},"north":{"uv":[0.0,6.0,0.3125,6.75],"tintindex":0,"rotation":0,"texture":"#2"},"west":{"uv":[1.0,6.125,1.3125,6.875],"tintindex":0,"rotation":0,"texture":"#2"},"up":{"uv":[7.9375,0.9375,7.625,0.625],"tintindex":0,"rotation":0,"texture":"#2"},"down":{"uv":[1.1875,7.625,0.875,7.9375],"tintindex":0,"rotation":0,"texture":"#2"}}}],"display":{"head":{"rotation":[0.0,0.0,0.0]},"firstperson_righthand":{"rotation":[0.0,0.0,0.0]},"thirdperson_lefthand":{"rotation":[0.0,-0.0,-0.0]},"firstperson_lefthand":{"rotation":[0.0,-0.0,-0.0]},"fixed":{"rotation":[0.0,0.0,0.0]},"ground":{"rotation":[0.0,0.0,0.0]},"thirdperson_righthand":{"rotation":[0.0,0.0,0.0]},"gui":{"rotation":[-150.0,-45.0,180.0]}}}