{"textures":{"0":"modelengine:entity/pirate_swordsman","particle":"#0"},"elements":[{"from":[7.0629797,0.3197298,0.09997988],"to":[8.937019,4.06781,1.97402],"faces":{"east":{"uv":[0.75,11.25,1.25,11.5],"tintindex":0,"rotation":90,"texture":"#0"},"south":{"uv":[11.5,6.0,11.25,6.5],"tintindex":0,"rotation":0,"texture":"#0"},"north":{"uv":[8.25,4.75,8.0,4.25],"tintindex":0,"rotation":180,"texture":"#0"},"west":{"uv":[11.25,5.5,11.75,5.75],"tintindex":0,"rotation":270,"texture":"#0"},"up":{"uv":[3.5,11.5,3.75,11.75],"tintindex":0,"rotation":0,"texture":"#0"},"down":{"uv":[10.0,7.5,10.25,7.75],"tintindex":0,"rotation":180,"texture":"#0"}},"rotation":{"origin":[8.0,8.0,0.0],"angle":-45.0,"axis":"x"}},{"from":[7.76575,5.30995,10.97649],"to":[8.23426,9.058029,11.913509],"faces":{"east":{"uv":[6.75,11.5,7.25,11.625],"tintindex":0,"rotation":90,"texture":"#0"},"south":{"uv":[8.875,11.5,8.75,12.0],"tintindex":0,"rotation":0,"texture":"#0"},"north":{"uv":[8.375,12.0,8.25,11.5],"tintindex":0,"rotation":180,"texture":"#0"},"west":{"uv":[7.5,11.5,8.0,11.625],"tintindex":0,"rotation":270,"texture":"#0"},"up":{"uv":[11.75,7.5,11.875,7.625],"tintindex":0,"rotation":0,"texture":"#0"},"down":{"uv":[11.75,7.0,11.875,7.125],"tintindex":0,"rotation":180,"texture":"#0"}}},{"from":[7.55492,3.6130505,-12.906],"to":[8.445089,6.4241104,-7.28388],"faces":{"east":{"uv":[9.25,7.0,9.625,7.75],"tintindex":0,"rotation":90,"texture":"#0"},"south":{"uv":[2.625,11.75,2.5,12.125],"tintindex":0,"rotation":0,"texture":"#0"},"north":{"uv":[2.125,12.125,2.0,11.75],"tintindex":0,"rotation":180,"texture":"#0"},"west":{"uv":[0.75,9.5,1.125,10.25],"tintindex":0,"rotation":270,"texture":"#0"},"up":{"uv":[11.5,1.0,11.625,1.75],"tintindex":0,"rotation":0,"texture":"#0"},"down":{"uv":[11.5,0.0,11.625,0.75],"tintindex":0,"rotation":180,"texture":"#0"}},"rotation":{"origin":[8.0,8.0,0.0],"angle":22.5,"axis":"x"}},{"from":[7.0629797,7.3743095,3.4642901],"to":[8.937019,9.24835,12.36599],"faces":{"east":{"uv":[5.5,8.25,5.75,9.5],"tintindex":0,"rotation":90,"texture":"#0"},"south":{"uv":[3.0,9.75,2.75,10.0],"tintindex":0,"rotation":0,"texture":"#0"},"north":{"uv":[2.25,8.0,2.0,7.75],"tintindex":0,"rotation":180,"texture":"#0"},"west":{"uv":[3.25,8.75,3.5,10.0],"tintindex":0,"rotation":270,"texture":"#0"},"up":{"uv":[1.5,8.5,1.75,9.75],"tintindex":0,"rotation":0,"texture":"#0"},"down":{"uv":[2.75,8.25,3.0,9.5],"tintindex":0,"rotation":180,"texture":"#0"}}},{"from":[7.5783396,-0.99193,-15.8668995],"to":[8.421659,1.8191395,-10.24478],"faces":{"east":{"uv":[5.25,9.75,5.625,10.5],"tintindex":0,"rotation":90,"texture":"#0"},"south":{"uv":[11.875,3.75,11.75,4.125],"tintindex":0,"rotation":0,"texture":"#0"},"north":{"uv":[11.875,3.375,11.75,3.0],"tintindex":0,"rotation":180,"texture":"#0"},"west":{"uv":[9.75,8.0,10.125,8.75],"tintindex":0,"rotation":270,"texture":"#0"},"up":{"uv":[3.0,11.5,3.125,12.25],"tintindex":0,"rotation":0,"texture":"#0"},"down":{"uv":[11.5,2.0,11.625,2.75],"tintindex":0,"rotation":180,"texture":"#0"}},"rotation":{"origin":[8.0,8.0,0.0],"angle":45.0,"axis":"x"}},{"from":[7.2972393,2.6399193,5.50147],"to":[8.702769,4.04545,9.24956],"faces":{"east":{"uv":[11.25,7.5,11.5,8.0],"tintindex":0,"rotation":90,"texture":"#0"},"south":{"uv":[4.75,11.5,4.5,11.75],"tintindex":0,"rotation":0,"texture":"#0"},"north":{"uv":[4.25,11.75,4.0,11.5],"tintindex":0,"rotation":180,"texture":"#0"},"west":{"uv":[11.25,9.0,11.5,9.5],"tintindex":0,"rotation":270,"texture":"#0"},"up":{"uv":[11.25,8.25,11.5,8.75],"tintindex":0,"rotation":0,"texture":"#0"},"down":{"uv":[11.25,6.75,11.5,7.25],"tintindex":0,"rotation":180,"texture":"#0"}}},{"from":[7.6017694,19.252718,-14.37973],"to":[8.39824,23.0008,-12.974201],"faces":{"east":{"uv":[10.25,11.25,10.75,11.5],"tintindex":0,"rotation":90,"texture":"#0"},"south":{"uv":[0.625,11.75,0.5,12.25],"tintindex":0,"rotation":0,"texture":"#0"},"north":{"uv":[0.125,12.25,0.0,11.75],"tintindex":0,"rotation":180,"texture":"#0"},"west":{"uv":[11.25,10.25,11.75,10.5],"tintindex":0,"rotation":270,"texture":"#0"},"up":{"uv":[11.75,6.5,11.875,6.75],"tintindex":0,"rotation":0,"texture":"#0"},"down":{"uv":[11.75,6.0,11.875,6.25],"tintindex":0,"rotation":180,"texture":"#0"}},"rotation":{"origin":[8.0,8.0,0.0],"angle":-22.5,"axis":"x"}},{"from":[6.59447,5.2902203,2.85118],"to":[9.40553,10.91234,4.7252197],"faces":{"east":{"uv":[10.75,4.5,11.5,4.75],"tintindex":0,"rotation":90,"texture":"#0"},"south":{"uv":[9.625,6.0,9.25,6.75],"tintindex":0,"rotation":0,"texture":"#0"},"north":{"uv":[9.625,5.75,9.25,5.0],"tintindex":0,"rotation":180,"texture":"#0"},"west":{"uv":[10.75,5.0,11.5,5.25],"tintindex":0,"rotation":270,"texture":"#0"},"up":{"uv":[11.0,11.25,11.375,11.5],"tintindex":0,"rotation":0,"texture":"#0"},"down":{"uv":[11.25,10.75,11.625,11.0],"tintindex":0,"rotation":180,"texture":"#0"}}},{"from":[7.5314894,6.6957493,-8.39307],"to":[8.46851,9.506809,2.85118],"faces":{"east":{"uv":[2.5,6.5,2.875,8.0],"tintindex":0,"rotation":90,"texture":"#0"},"south":{"uv":[1.625,11.75,1.5,12.125],"tintindex":0,"rotation":0,"texture":"#0"},"north":{"uv":[1.125,12.125,1.0,11.75],"tintindex":0,"rotation":180,"texture":"#0"},"west":{"uv":[3.25,7.0,3.625,8.5],"tintindex":0,"rotation":270,"texture":"#0"},"up":{"uv":[10.75,5.5,10.875,7.0],"tintindex":0,"rotation":0,"texture":"#0"},"down":{"uv":[5.25,10.75,5.375,12.25],"tintindex":0,"rotation":180,"texture":"#0"}}},{"from":[7.5314894,10.788031,8.9628],"to":[8.46851,14.536119,10.36833],"faces":{"east":{"uv":[9.5,11.25,10.0,11.5],"tintindex":0,"rotation":90,"texture":"#0"},"south":{"uv":[6.375,11.5,6.25,12.0],"tintindex":0,"rotation":0,"texture":"#0"},"north":{"uv":[5.875,12.0,5.75,11.5],"tintindex":0,"rotation":180,"texture":"#0"},"west":{"uv":[11.25,9.75,11.75,10.0],"tintindex":0,"rotation":270,"texture":"#0"},"up":{"uv":[11.75,5.0,11.875,5.25],"tintindex":0,"rotation":0,"texture":"#0"},"down":{"uv":[11.75,4.5,11.875,4.75],"tintindex":0,"rotation":180,"texture":"#0"}},"rotation":{"origin":[8.0,8.0,0.0],"angle":45.0,"axis":"x"}}],"display":{"head":{"rotation":[0.0,0.0,0.0]},"firstperson_righthand":{"rotation":[0.0,0.0,0.0]},"thirdperson_lefthand":{"rotation":[0.0,-0.0,-0.0]},"firstperson_lefthand":{"rotation":[0.0,-0.0,-0.0]},"fixed":{"rotation":[0.0,0.0,0.0]},"ground":{"rotation":[0.0,0.0,0.0]},"thirdperson_righthand":{"rotation":[0.0,0.0,0.0]},"gui":{"rotation":[-150.0,-45.0,180.0]}}}