{"textures":{"2":"modelengine:entity/captain_octo","particle":"#2"},"elements":[{"from":[1.1008,6.3790283,8.24943],"to":[14.8992,13.278229,13.42383],"faces":{"east":{"uv":[5.875,6.5,6.25,7.0],"tintindex":0,"rotation":0,"texture":"#2"},"south":{"uv":[2.75,1.25,3.75,1.75],"tintindex":0,"rotation":0,"texture":"#2"},"north":{"uv":[2.5,0.625,3.5,1.125],"tintindex":0,"rotation":0,"texture":"#2"},"west":{"uv":[6.375,6.5,6.75,7.0],"tintindex":0,"rotation":0,"texture":"#2"},"up":{"uv":[5.875,1.375,4.875,1.0],"tintindex":0,"rotation":0,"texture":"#2"},"down":{"uv":[1.5,5.0,0.5,5.375],"tintindex":0,"rotation":0,"texture":"#2"}}},{"from":[1.1008,15.11232,3.5773],"to":[14.8992,23.73632,10.4765],"faces":{"east":{"uv":[2.5,5.0,3.0,5.625],"tintindex":0,"rotation":0,"texture":"#2"},"south":{"uv":[1.375,0.75,2.375,1.375],"tintindex":0,"rotation":0,"texture":"#2"},"north":{"uv":[1.375,0.0,2.375,0.625],"tintindex":0,"rotation":0,"texture":"#2"},"west":{"uv":[3.125,5.0,3.625,5.625],"tintindex":0,"rotation":0,"texture":"#2"},"up":{"uv":[3.25,2.625,2.25,2.125],"tintindex":0,"rotation":0,"texture":"#2"},"down":{"uv":[3.5,0.0,2.5,0.5],"tintindex":0,"rotation":0,"texture":"#2"}},"rotation":{"origin":[7.1376,18.130718,7.0269003],"angle":-22.5,"axis":"x"}},{"from":[1.1008,18.388779,7.92843],"to":[14.8992,27.01278,13.102831],"faces":{"east":{"uv":[1.5,6.125,1.875,6.75],"tintindex":0,"rotation":0,"texture":"#2"},"south":{"uv":[1.125,2.125,2.125,2.75],"tintindex":0,"rotation":0,"texture":"#2"},"north":{"uv":[0.0,2.125,1.0,2.75],"tintindex":0,"rotation":0,"texture":"#2"},"west":{"uv":[6.125,2.0,6.5,2.625],"tintindex":0,"rotation":0,"texture":"#2"},"up":{"uv":[5.875,0.375,4.875,0.0],"tintindex":0,"rotation":0,"texture":"#2"},"down":{"uv":[5.875,0.5,4.875,0.875],"tintindex":0,"rotation":0,"texture":"#2"}},"rotation":{"origin":[8.0,21.838379,10.515631],"angle":-45.0,"axis":"x"}},{"from":[2.8255997,7.736229,5.34764],"to":[13.1744,16.36023,10.522039],"faces":{"east":{"uv":[5.875,4.125,6.25,4.75],"tintindex":0,"rotation":0,"texture":"#2"},"south":{"uv":[3.125,2.75,3.875,3.375],"tintindex":0,"rotation":0,"texture":"#2"},"north":{"uv":[0.875,2.875,1.625,3.5],"tintindex":0,"rotation":0,"texture":"#2"},"west":{"uv":[5.875,4.875,6.25,5.5],"tintindex":0,"rotation":0,"texture":"#2"},"up":{"uv":[5.75,5.5,5.0,5.125],"tintindex":0,"rotation":0,"texture":"#2"},"down":{"uv":[6.0,2.125,5.25,2.5],"tintindex":0,"rotation":0,"texture":"#2"}}},{"from":[-0.62400055,13.278229,8.24943],"to":[16.624,21.90223,15.14863],"faces":{"east":{"uv":[5.0,3.375,5.5,4.0],"tintindex":0,"rotation":0,"texture":"#2"},"south":{"uv":[0.0,0.75,1.25,1.375],"tintindex":0,"rotation":0,"texture":"#2"},"north":{"uv":[0.0,0.0,1.25,0.625],"tintindex":0,"rotation":0,"texture":"#2"},"west":{"uv":[3.75,5.0,4.25,5.625],"tintindex":0,"rotation":0,"texture":"#2"},"up":{"uv":[1.25,2.0,0.0,1.5],"tintindex":0,"rotation":0,"texture":"#2"},"down":{"uv":[2.625,1.5,1.375,2.0],"tintindex":0,"rotation":0,"texture":"#2"}}}],"display":{"head":{"rotation":[0.0,0.0,0.0]},"firstperson_righthand":{"rotation":[0.0,0.0,0.0]},"thirdperson_lefthand":{"rotation":[0.0,-0.0,-0.0]},"firstperson_lefthand":{"rotation":[0.0,-0.0,-0.0]},"fixed":{"rotation":[0.0,0.0,0.0]},"ground":{"rotation":[0.0,0.0,0.0]},"thirdperson_righthand":{"rotation":[0.0,0.0,0.0]},"gui":{"rotation":[-150.0,-45.0,180.0]}}}