{
	"credit": "Made with Blockbench",
	"texture_size": [32, 32],
	"textures": {
		"0": "pirate_texture/pirate_pistol",
		"particle": "pirate_texture/pirate_pistol"
	},
	"elements": [
		{
			"from": [6.46239, 10.79263, 9.27529],
			"to": [9.91199, 12.51743, 10.69825],
			"rotation": {"angle": 22.5, "axis": "x", "origin": [8, 9.62421, 8]},
			"faces": {
				"north": {"uv": [9.25, 0.75, 9.5, 0.875], "texture": "#0"},
				"east": {"uv": [9.5, 3.875, 9.625, 4], "texture": "#0"},
				"south": {"uv": [9.25, 1, 9.5, 1.125], "texture": "#0"},
				"west": {"uv": [4.125, 9.5, 4.25, 9.625], "texture": "#0"},
				"up": {"uv": [9.5, 1.375, 9.25, 1.25], "texture": "#0"},
				"down": {"uv": [2.25, 9.25, 2, 9.375], "texture": "#0"}
			}
		},
		{
			"from": [6.96994, 8.83114, -1.1689],
			"to": [9.50531, 11.36651, 6.43722],
			"rotation": {"angle": 0, "axis": "x", "origin": [8, 9.62421, 8]},
			"faces": {
				"north": {"uv": [4, 1.5, 5.5, 3], "texture": "#0"},
				"east": {"uv": [0, 0, 4, 1.5], "texture": "#0"},
				"south": {"uv": [5.5, 1.5, 7, 3], "texture": "#0"},
				"west": {"uv": [0, 1.5, 4, 3], "texture": "#0"},
				"up": {"uv": [1.5, 7, 0, 3], "texture": "#0"},
				"down": {"uv": [3, 3, 1.5, 7], "texture": "#0"}
			}
		},
		{
			"from": [6.54737, 8.40857, 6.43722],
			"to": [9.92787, 11.78907, 9.81771],
			"rotation": {"angle": 0, "axis": "x", "origin": [8, 9.62421, 8]},
			"faces": {
				"north": {"uv": [5.5, 3, 7, 4.5], "texture": "#0"},
				"east": {"uv": [6, 4.5, 7.5, 6], "texture": "#0"},
				"south": {"uv": [6, 6, 7.5, 7.5], "texture": "#0"},
				"west": {"uv": [6.5, 0, 8, 1.5], "texture": "#0"},
				"up": {"uv": [1.5, 8.5, 0, 7], "texture": "#0"},
				"down": {"uv": [3, 7, 1.5, 8.5], "texture": "#0"}
			}
		},
		{
			"from": [6.54737, 8.40857, 1.36647],
			"to": [9.92787, 10.94395, 6.43722],
			"rotation": {"angle": 0, "axis": "x", "origin": [8, 9.62421, 8]},
			"faces": {
				"north": {"uv": [7, 1.5, 8.5, 3], "texture": "#0"},
				"east": {"uv": [3, 3, 5.5, 4.5], "texture": "#0"},
				"south": {"uv": [3, 7, 4.5, 8.5], "texture": "#0"},
				"west": {"uv": [4, 0, 6.5, 1.5], "texture": "#0"},
				"up": {"uv": [4.5, 7, 3, 4.5], "texture": "#0"},
				"down": {"uv": [6, 4.5, 4.5, 7], "texture": "#0"}
			}
		},
		{
			"from": [6.96994, 11.78907, 6.43722],
			"to": [9.50531, 12.6342, 8.97259],
			"rotation": {"angle": 0, "axis": "x", "origin": [8, 9.62421, 8]},
			"faces": {
				"north": {"uv": [7.5, 9, 9, 9.5], "texture": "#0"},
				"east": {"uv": [9, 7.5, 10.5, 8], "texture": "#0"},
				"south": {"uv": [9, 8, 10.5, 8.5], "texture": "#0"},
				"west": {"uv": [9, 8.5, 10.5, 9], "texture": "#0"},
				"up": {"uv": [8.5, 4.5, 7, 3], "texture": "#0"},
				"down": {"uv": [6, 7, 4.5, 8.5], "texture": "#0"}
			}
		},
		{
			"from": [6.96994, 9.3921, 8.16715],
			"to": [9.50531, 11.92747, 11.54765],
			"rotation": {"angle": 45, "axis": "x", "origin": [8, 9.62421, 8]},
			"faces": {
				"north": {"uv": [9.5, 1.5, 8, 0], "rotation": 180, "texture": "#0"},
				"east": {"uv": [6, 7.5, 7.5, 9], "rotation": 90, "texture": "#0"},
				"south": {"uv": [1.5, 8.5, 0, 10], "texture": "#0"},
				"west": {"uv": [7.5, 7.5, 9, 9], "rotation": 270, "texture": "#0"},
				"up": {"uv": [7.5, 6, 9, 7.5], "texture": "#0"},
				"down": {"uv": [7.5, 4.5, 9, 6], "rotation": 180, "texture": "#0"}
			}
		},
		{
			"from": [6.96994, 3.8493, 8.94754],
			"to": [9.50531, 7.2298, 11.48292],
			"rotation": {"angle": -22.5, "axis": "x", "origin": [8, 9.62421, 8]},
			"faces": {
				"north": {"uv": [1.5, 8.5, 3, 10], "texture": "#0"},
				"east": {"uv": [8.5, 1.5, 10, 3], "texture": "#0"},
				"south": {"uv": [3, 8.5, 4.5, 10], "texture": "#0"},
				"west": {"uv": [8.5, 3, 10, 4.5], "texture": "#0"},
				"up": {"uv": [6, 10, 4.5, 8.5], "texture": "#0"},
				"down": {"uv": [10.5, 4.5, 9, 6], "texture": "#0"}
			}
		},
		{
			"from": [8.23762, 5.8732, 6.43722],
			"to": [8.23762, 8.40857, 9.81771],
			"rotation": {"angle": 0, "axis": "x", "origin": [8, 9.62421, 8]},
			"faces": {
				"north": {"uv": [0, 0, 0, 1.5], "texture": "#0"},
				"east": {"uv": [6, 9, 7.5, 10.5], "texture": "#0"},
				"south": {"uv": [0, 0, 0, 1.5], "texture": "#0"},
				"west": {"uv": [9, 6, 10.5, 7.5], "texture": "#0"},
				"up": {"uv": [0, 1.5, 0, 0], "texture": "#0"},
				"down": {"uv": [0, 0, 0, 1.5], "texture": "#0"}
			}
		},
		{
			"from": [5.7269, 9.91654, 7.94381],
			"to": [6.57202, 10.76166, 11.3243],
			"rotation": {"angle": -22.5, "axis": "x", "origin": [8, 9.62421, 8]},
			"faces": {
				"north": {"uv": [9.5, 0.5, 10, 1], "texture": "#0"},
				"east": {"uv": [9, 9, 10.5, 9.5], "texture": "#0"},
				"south": {"uv": [9.5, 1, 10, 1.5], "texture": "#0"},
				"west": {"uv": [9.5, 0, 11, 0.5], "texture": "#0"},
				"up": {"uv": [8, 11, 7.5, 9.5], "texture": "#0"},
				"down": {"uv": [8.5, 9.5, 8, 11], "texture": "#0"}
			}
		}
	],
	"gui_light": "front",
	"display": {
		"thirdperson_righthand": {
			"rotation": [14, 0, 0],
			"translation": [0, -0.5, -0.75],
			"scale": [0.9, 0.9, 0.9]
		},
		"thirdperson_lefthand": {
			"rotation": [14, 0, 0],
			"translation": [0, -0.5, -0.75],
			"scale": [0.9, 0.9, 0.9]
		},
		"firstperson_righthand": {
			"rotation": [14, 0, 0],
			"translation": [1.25, 2.75, 0.25],
			"scale": [0.9, 0.9, 0.9]
		},
		"firstperson_lefthand": {
			"rotation": [14, 0, 0],
			"translation": [1.25, 2.75, 0.25],
			"scale": [0.9, 0.9, 0.9]
		},
		"ground": {
			"rotation": [0, 0, 90],
			"translation": [1, -0.75, 0.5]
		},
		"gui": {
			"rotation": [-90, 127, 90],
			"translation": [1.5, -1.5, -1.5]
		},
		"fixed": {
			"rotation": [-90, -132, -90],
			"translation": [-1.25, -2, -1.5]
		}
	},
	"groups": [
		{
			"name": "pistol",
			"origin": [-12.57221, 22.62421, 1.36314],
			"color": 0,
			"children": [0, 1, 2, 3, 4, 5, 6, 7, 8]
		}
	]
}