{
	"credit": "Made with Blockbench",
	"texture_size": [32, 32],
	"textures": {
		"0": "pirate_texture/pirate_swordsman",
		"particle": "pirate_texture/pirate_swordsman"
	},
	"elements": [
		{
			"from": [7.55492, 14.24752, 3.61305],
			"to": [8.44508, 19.86964, 6.42411],
			"rotation": {"angle": 22.5, "axis": "x", "origin": [8, 6.96364, 8]},
			"faces": {
				"north": {"uv": [11.5, 0, 11.625, 0.75], "texture": "#0"},
				"east": {"uv": [9.25, 7, 9.625, 7.75], "texture": "#0"},
				"south": {"uv": [11.5, 1, 11.625, 1.75], "texture": "#0"},
				"west": {"uv": [0.75, 9.5, 1.125, 10.25], "texture": "#0"},
				"up": {"uv": [2.125, 12.125, 2, 11.75], "texture": "#0"},
				"down": {"uv": [2.625, 11.75, 2.5, 12.125], "texture": "#0"}
			}
		},
		{
			"from": [7.57834, 17.20842, -0.99193],
			"to": [8.42166, 22.83054, 1.81914],
			"rotation": {"angle": 45, "axis": "x", "origin": [8, 6.96364, 8]},
			"faces": {
				"north": {"uv": [11.5, 2, 11.625, 2.75], "texture": "#0"},
				"east": {"uv": [5.25, 9.75, 5.625, 10.5], "texture": "#0"},
				"south": {"uv": [3, 11.5, 3.125, 12.25], "texture": "#0"},
				"west": {"uv": [9.75, 8, 10.125, 8.75], "texture": "#0"},
				"up": {"uv": [11.875, 3.375, 11.75, 3], "texture": "#0"},
				"down": {"uv": [11.875, 3.75, 11.75, 4.125], "texture": "#0"}
			}
		},
		{
			"from": [7.60177, 19.93784, 19.25272],
			"to": [8.39823, 21.34337, 23.0008],
			"rotation": {"angle": -22.5, "axis": "x", "origin": [8, 6.96364, 8]},
			"faces": {
				"north": {"uv": [11.75, 6, 11.875, 6.25], "texture": "#0"},
				"east": {"uv": [10.25, 11.25, 10.75, 11.5], "texture": "#0"},
				"south": {"uv": [11.75, 6.5, 11.875, 6.75], "texture": "#0"},
				"west": {"uv": [11.25, 10.25, 11.75, 10.5], "texture": "#0"},
				"up": {"uv": [0.125, 12.25, 0, 11.75], "texture": "#0"},
				"down": {"uv": [0.625, 11.75, 0.5, 12.25], "texture": "#0"}
			}
		},
		{
			"from": [7.06298, 4.98962, 0.31973],
			"to": [8.93702, 6.86366, 4.06781],
			"rotation": {"angle": -45, "axis": "x", "origin": [8, 6.96364, 8]},
			"faces": {
				"north": {"uv": [10, 7.5, 10.25, 7.75], "texture": "#0"},
				"east": {"uv": [0.75, 11.25, 1.25, 11.5], "texture": "#0"},
				"south": {"uv": [3.5, 11.5, 3.75, 11.75], "texture": "#0"},
				"west": {"uv": [11.25, 5.5, 11.75, 5.75], "texture": "#0"},
				"up": {"uv": [8.25, 4.75, 8, 4.25], "texture": "#0"},
				"down": {"uv": [11.5, 6, 11.25, 6.5], "texture": "#0"}
			}
		},
		{
			"from": [6.59447, 2.23842, 5.29022],
			"to": [9.40553, 4.11246, 10.91234],
			"rotation": {"angle": 0, "axis": "y", "origin": [8, 6.96364, 8]},
			"faces": {
				"north": {"uv": [11.25, 10.75, 11.625, 11], "texture": "#0"},
				"east": {"uv": [10.75, 4.5, 11.5, 4.75], "texture": "#0"},
				"south": {"uv": [11, 11.25, 11.375, 11.5], "texture": "#0"},
				"west": {"uv": [10.75, 5, 11.5, 5.25], "texture": "#0"},
				"up": {"uv": [9.625, 5.75, 9.25, 5], "texture": "#0"},
				"down": {"uv": [9.625, 6, 9.25, 6.75], "texture": "#0"}
			}
		},
		{
			"from": [7.53149, 4.11246, 6.69575],
			"to": [8.46851, 15.35671, 9.50681],
			"rotation": {"angle": 0, "axis": "y", "origin": [8, 6.96364, 8]},
			"faces": {
				"north": {"uv": [5.25, 10.75, 5.375, 12.25], "texture": "#0"},
				"east": {"uv": [2.5, 6.5, 2.875, 8], "texture": "#0"},
				"south": {"uv": [10.75, 5.5, 10.875, 7], "texture": "#0"},
				"west": {"uv": [3.25, 7, 3.625, 8.5], "texture": "#0"},
				"up": {"uv": [1.125, 12.125, 1, 11.75], "texture": "#0"},
				"down": {"uv": [1.625, 11.75, 1.5, 12.125], "texture": "#0"}
			}
		},
		{
			"from": [7.06298, -5.40235, 7.37431],
			"to": [8.93702, 3.49935, 9.24835],
			"rotation": {"angle": 0, "axis": "y", "origin": [8, 6.96364, 8]},
			"faces": {
				"north": {"uv": [2.75, 8.25, 3, 9.5], "texture": "#0"},
				"east": {"uv": [5.5, 8.25, 5.75, 9.5], "texture": "#0"},
				"south": {"uv": [1.5, 8.5, 1.75, 9.75], "texture": "#0"},
				"west": {"uv": [3.25, 8.75, 3.5, 10], "texture": "#0"},
				"up": {"uv": [2.25, 8, 2, 7.75], "texture": "#0"},
				"down": {"uv": [3, 9.75, 2.75, 10], "texture": "#0"}
			}
		},
		{
			"from": [7.53149, -3.40469, 10.78804],
			"to": [8.46851, -1.99916, 14.53612],
			"rotation": {"angle": 45, "axis": "x", "origin": [8, 6.96364, 8]},
			"faces": {
				"north": {"uv": [11.75, 4.5, 11.875, 4.75], "texture": "#0"},
				"east": {"uv": [9.5, 11.25, 10, 11.5], "texture": "#0"},
				"south": {"uv": [11.75, 5, 11.875, 5.25], "texture": "#0"},
				"west": {"uv": [11.25, 9.75, 11.75, 10], "texture": "#0"},
				"up": {"uv": [5.875, 12, 5.75, 11.5], "texture": "#0"},
				"down": {"uv": [6.375, 11.5, 6.25, 12], "texture": "#0"}
			}
		},
		{
			"from": [7.76574, -4.94987, 5.30995],
			"to": [8.23426, -4.01285, 9.05803],
			"rotation": {"angle": 0, "axis": "y", "origin": [8, 6.96364, 8]},
			"faces": {
				"north": {"uv": [11.75, 7, 11.875, 7.125], "texture": "#0"},
				"east": {"uv": [6.75, 11.5, 7.25, 11.625], "texture": "#0"},
				"south": {"uv": [11.75, 7.5, 11.875, 7.625], "texture": "#0"},
				"west": {"uv": [7.5, 11.5, 8, 11.625], "texture": "#0"},
				"up": {"uv": [8.375, 12, 8.25, 11.5], "texture": "#0"},
				"down": {"uv": [8.875, 11.5, 8.75, 12], "texture": "#0"}
			}
		},
		{
			"from": [7.29723, -2.28592, 2.63992],
			"to": [8.70277, 1.46217, 4.04546],
			"rotation": {"angle": 0, "axis": "y", "origin": [8, 6.96364, 8]},
			"faces": {
				"north": {"uv": [11.25, 6.75, 11.5, 7.25], "texture": "#0"},
				"east": {"uv": [11.25, 7.5, 11.5, 8], "texture": "#0"},
				"south": {"uv": [11.25, 8.25, 11.5, 8.75], "texture": "#0"},
				"west": {"uv": [11.25, 9, 11.5, 9.5], "texture": "#0"},
				"up": {"uv": [4.25, 11.75, 4, 11.5], "texture": "#0"},
				"down": {"uv": [4.75, 11.5, 4.5, 11.75], "texture": "#0"}
			}
		}
	],
	"gui_light": "front",
	"display": {
		"thirdperson_righthand": {
			"translation": [0, 6.5, 1.25]
		},
		"thirdperson_lefthand": {
			"translation": [0, 6.5, 1.25]
		},
		"firstperson_righthand": {
			"translation": [1, 6.5, 0.5]
		},
		"firstperson_lefthand": {
			"translation": [1, 6.5, 0.5]
		},
		"ground": {
			"rotation": [0, 0, 90],
			"translation": [1, -4, 0.5]
		},
		"gui": {
			"rotation": [-90, -34, -90],
			"translation": [0, -2, -1.5],
			"scale": [0.6, 0.6, 0.6]
		},
		"fixed": {
			"rotation": [90, 146, -90],
			"translation": [0.25, -2.75, -1.5],
			"scale": [0.8, 0.8, 0.8]
		}
	},
	"groups": [
		{
			"name": "sword",
			"origin": [12.1294, 22.96364, 1.24188],
			"color": 0,
			"children": [0, 1, 2, 3, 4, 5, 6, 7, 8, 9]
		}
	]
}