{"textures":{"0":"modelengine:entity/barrel_bomb","particle":"#0"},"elements":[{"from":[11.915,0.3098197,2.68679],"to":[13.219999,1.6148195,13.12679],"faces":{"east":{"uv":[9.5,5.5,11.0,5.75],"tintindex":0,"rotation":0,"texture":"#0"},"south":{"uv":[9.0,10.25,9.25,10.5],"tintindex":0,"rotation":0,"texture":"#0"},"north":{"uv":[8.5,10.25,8.75,10.5],"tintindex":0,"rotation":0,"texture":"#0"},"west":{"uv":[9.5,6.0,11.0,6.25],"tintindex":0,"rotation":0,"texture":"#0"},"up":{"uv":[6.75,11.0,6.5,9.5],"tintindex":0,"rotation":0,"texture":"#0"},"down":{"uv":[7.25,9.5,7.0,11.0],"tintindex":0,"rotation":0,"texture":"#0"}}},{"from":[2.7800002,0.3098197,2.68679],"to":[4.085,1.6148195,13.12679],"faces":{"east":{"uv":[4.75,9.5,6.25,9.75],"tintindex":0,"rotation":0,"texture":"#0"},"south":{"uv":[8.0,10.25,8.25,10.5],"tintindex":0,"rotation":0,"texture":"#0"},"north":{"uv":[7.5,10.25,7.75,10.5],"tintindex":0,"rotation":0,"texture":"#0"},"west":{"uv":[9.5,5.0,11.0,5.25],"tintindex":0,"rotation":0,"texture":"#0"},"up":{"uv":[2.75,11.0,2.5,9.5],"tintindex":0,"rotation":0,"texture":"#0"},"down":{"uv":[3.25,9.5,3.0,11.0],"tintindex":0,"rotation":0,"texture":"#0"}}},{"from":[1.4749999,1.6148195,1.3817902],"to":[14.525,14.66482,14.431789],"faces":{"east":{"uv":[5.0,0.0,6.875,1.875],"tintindex":0,"rotation":0,"texture":"#0"},"south":{"uv":[2.25,5.0,4.125,6.875],"tintindex":0,"rotation":0,"texture":"#0"},"north":{"uv":[0.0,5.0,1.875,6.875],"tintindex":0,"rotation":0,"texture":"#0"},"west":{"uv":[5.0,2.25,6.875,4.125],"tintindex":0,"rotation":0,"texture":"#0"},"up":{"uv":[6.375,6.875,4.5,5.0],"tintindex":0,"rotation":0,"texture":"#0"},"down":{"uv":[8.625,4.5,6.75,6.375],"tintindex":0,"rotation":0,"texture":"#0"}}},{"from":[4.085,14.66482,11.82179],"to":[11.915,15.96982,13.12679],"faces":{"east":{"uv":[0.5,10.0,0.75,10.25],"tintindex":0,"rotation":0,"texture":"#0"},"south":{"uv":[9.75,1.5,10.875,1.75],"tintindex":0,"rotation":0,"texture":"#0"},"north":{"uv":[9.75,1.0,10.875,1.25],"tintindex":0,"rotation":0,"texture":"#0"},"west":{"uv":[1.0,10.0,1.25,10.25],"tintindex":0,"rotation":0,"texture":"#0"},"up":{"uv":[10.875,2.25,9.75,2.0],"tintindex":0,"rotation":0,"texture":"#0"},"down":{"uv":[10.875,2.5,9.75,2.75],"tintindex":0,"rotation":0,"texture":"#0"}}},{"from":[0.8225002,9.444819,0.72929],"to":[15.1775,12.05482,15.08429],"faces":{"east":{"uv":[7.25,0.75,9.375,1.125],"tintindex":0,"rotation":0,"texture":"#0"},"south":{"uv":[7.25,1.5,9.375,1.875],"tintindex":0,"rotation":0,"texture":"#0"},"north":{"uv":[7.25,0.0,9.375,0.375],"tintindex":0,"rotation":0,"texture":"#0"},"west":{"uv":[1.75,7.25,3.875,7.625],"tintindex":0,"rotation":0,"texture":"#0"},"up":{"uv":[2.125,2.125,0.0,0.0],"tintindex":0,"rotation":0,"texture":"#0"},"down":{"uv":[2.125,2.5,0.0,4.625],"tintindex":0,"rotation":0,"texture":"#0"}}},{"from":[4.085,0.3098197,11.82179],"to":[11.915,1.6148195,13.12679],"faces":{"east":{"uv":[10.25,9.0,10.5,9.25],"tintindex":0,"rotation":0,"texture":"#0"},"south":{"uv":[9.75,3.5,10.875,3.75],"tintindex":0,"rotation":0,"texture":"#0"},"north":{"uv":[9.75,3.0,10.875,3.25],"tintindex":0,"rotation":0,"texture":"#0"},"west":{"uv":[9.5,10.25,9.75,10.5],"tintindex":0,"rotation":0,"texture":"#0"},"up":{"uv":[10.875,4.25,9.75,4.0],"tintindex":0,"rotation":0,"texture":"#0"},"down":{"uv":[8.625,9.75,7.5,10.0],"tintindex":0,"rotation":0,"texture":"#0"}}},{"from":[11.915,14.66482,2.68679],"to":[13.219999,15.96982,13.12679],"faces":{"east":{"uv":[5.0,4.5,6.5,4.75],"tintindex":0,"rotation":0,"texture":"#0"},"south":{"uv":[4.75,10.0,5.0,10.25],"tintindex":0,"rotation":0,"texture":"#0"},"north":{"uv":[1.5,10.0,1.75,10.25],"tintindex":0,"rotation":0,"texture":"#0"},"west":{"uv":[2.0,9.0,3.5,9.25],"tintindex":0,"rotation":0,"texture":"#0"},"up":{"uv":[4.0,10.5,3.75,9.0],"tintindex":0,"rotation":0,"texture":"#0"},"down":{"uv":[4.5,9.0,4.25,10.5],"tintindex":0,"rotation":0,"texture":"#0"}}},{"from":[0.8225002,4.2248197,0.72929],"to":[15.1775,6.83482,15.08429],"faces":{"east":{"uv":[7.25,3.0,9.375,3.375],"tintindex":0,"rotation":0,"texture":"#0"},"south":{"uv":[7.25,3.75,9.375,4.125],"tintindex":0,"rotation":0,"texture":"#0"},"north":{"uv":[7.25,2.25,9.375,2.625],"tintindex":0,"rotation":0,"texture":"#0"},"west":{"uv":[4.25,7.25,6.375,7.625],"tintindex":0,"rotation":0,"texture":"#0"},"up":{"uv":[4.625,2.125,2.5,0.0],"tintindex":0,"rotation":0,"texture":"#0"},"down":{"uv":[4.625,2.5,2.5,4.625],"tintindex":0,"rotation":0,"texture":"#0"}}},{"from":[4.085,0.3098197,2.68679],"to":[11.915,1.6148195,3.9917898],"faces":{"east":{"uv":[10.0,10.25,10.25,10.5],"tintindex":0,"rotation":0,"texture":"#0"},"south":{"uv":[9.75,8.0,10.875,8.25],"tintindex":0,"rotation":0,"texture":"#0"},"north":{"uv":[9.75,7.5,10.875,7.75],"tintindex":0,"rotation":0,"texture":"#0"},"west":{"uv":[0.0,10.5,0.25,10.75],"tintindex":0,"rotation":0,"texture":"#0"},"up":{"uv":[10.875,8.75,9.75,8.5],"tintindex":0,"rotation":0,"texture":"#0"},"down":{"uv":[10.125,9.75,9.0,10.0],"tintindex":0,"rotation":0,"texture":"#0"}}},{"from":[4.085,14.66482,2.68679],"to":[11.915,15.96982,3.9917898],"faces":{"east":{"uv":[9.75,9.0,10.0,9.25],"tintindex":0,"rotation":0,"texture":"#0"},"south":{"uv":[9.5,7.0,10.625,7.25],"tintindex":0,"rotation":0,"texture":"#0"},"north":{"uv":[9.5,6.5,10.625,6.75],"tintindex":0,"rotation":0,"texture":"#0"},"west":{"uv":[0.0,10.0,0.25,10.25],"tintindex":0,"rotation":0,"texture":"#0"},"up":{"uv":[10.875,0.25,9.75,0.0],"tintindex":0,"rotation":0,"texture":"#0"},"down":{"uv":[10.875,0.5,9.75,0.75],"tintindex":0,"rotation":0,"texture":"#0"}}},{"from":[2.7800002,14.66482,2.68679],"to":[4.085,15.96982,13.12679],"faces":{"east":{"uv":[9.0,4.5,10.5,4.75],"tintindex":0,"rotation":0,"texture":"#0"},"south":{"uv":[5.75,10.0,6.0,10.25],"tintindex":0,"rotation":0,"texture":"#0"},"north":{"uv":[5.25,10.0,5.5,10.25],"tintindex":0,"rotation":0,"texture":"#0"},"west":{"uv":[4.75,9.0,6.25,9.25],"tintindex":0,"rotation":0,"texture":"#0"},"up":{"uv":[9.25,6.5,9.0,5.0],"tintindex":0,"rotation":0,"texture":"#0"},"down":{"uv":[2.25,9.5,2.0,11.0],"tintindex":0,"rotation":0,"texture":"#0"}}}],"display":{"head":{"rotation":[0.0,0.0,0.0]},"firstperson_righthand":{"rotation":[0.0,0.0,0.0]},"thirdperson_lefthand":{"rotation":[0.0,-0.0,-0.0]},"firstperson_lefthand":{"rotation":[0.0,-0.0,-0.0]},"fixed":{"rotation":[0.0,0.0,0.0]},"ground":{"rotation":[0.0,0.0,0.0]},"thirdperson_righthand":{"rotation":[0.0,0.0,0.0]},"gui":{"rotation":[-150.0,-45.0,180.0]}}}