{"textures":{"0":"modelengine:entity/barrel_bomb","particle":"#0"},"elements":[{"from":[6.0425,3.3900003,6.0425],"to":[9.9575,8.610001,9.9575],"faces":{"east":{"uv":[5.375,8.0,4.75,8.75],"tintindex":0,"rotation":0,"texture":"#0"},"south":{"uv":[4.375,8.0,3.75,8.75],"tintindex":0,"rotation":0,"texture":"#0"},"north":{"uv":[2.375,8.0,1.75,8.75],"tintindex":0,"rotation":0,"texture":"#0"},"west":{"uv":[3.375,8.0,2.75,8.75],"tintindex":0,"rotation":0,"texture":"#0"},"up":{"uv":[8.75,8.375,9.375,7.75],"tintindex":0,"rotation":0,"texture":"#0"},"down":{"uv":[8.75,8.75,9.375,9.375],"tintindex":0,"rotation":0,"texture":"#0"}}}],"display":{"head":{"rotation":[0.0,0.0,0.0]},"firstperson_righthand":{"rotation":[0.0,0.0,0.0]},"thirdperson_lefthand":{"rotation":[0.0,-0.0,-0.0]},"firstperson_lefthand":{"rotation":[0.0,-0.0,-0.0]},"fixed":{"rotation":[0.0,0.0,0.0]},"ground":{"rotation":[0.0,0.0,0.0]},"thirdperson_righthand":{"rotation":[0.0,0.0,0.0]},"gui":{"rotation":[-150.0,-45.0,180.0]}}}