{"textures":{"0":"modelengine:entity/barrel_bomb","particle":"#0"},"elements":[{"from":[8.0,7.5300007,3.4325004],"to":[8.0,17.970001,12.5675],"faces":{"east":{"uv":[6.75,6.75,8.125,8.25],"tintindex":0,"rotation":0,"texture":"#0"},"west":{"uv":[0.0,7.25,1.375,8.75],"tintindex":0,"rotation":0,"texture":"#0"}}}],"display":{"head":{"rotation":[0.0,0.0,0.0]},"firstperson_righthand":{"rotation":[0.0,0.0,0.0]},"thirdperson_lefthand":{"rotation":[0.0,-0.0,-0.0]},"firstperson_lefthand":{"rotation":[0.0,-0.0,-0.0]},"fixed":{"rotation":[0.0,0.0,0.0]},"ground":{"rotation":[0.0,0.0,0.0]},"thirdperson_righthand":{"rotation":[0.0,0.0,0.0]},"gui":{"rotation":[-150.0,-45.0,180.0]}}}