{ "custom.empirate.banditem_efforta": { "category": "hostile", "sounds": [ { "name": "custom/mobs/embandit1/banditem_efforta1" }, { "name": "custom/mobs/embandit1/banditem_efforta2" }, { "name": "custom/mobs/embandit1/banditem_efforta3" } ], "subtitle": "Bandit efforts" }, 
"custom.empirate.banditem_effortb": { "category": "hostile", "sounds": [ { "name": "custom/mobs/embandit1/banditem_effortb1" }, { "name": "custom/mobs/embandit1/banditem_effortb2" }, { "name": "custom/mobs/embandit1/banditem_effortb3" } ], "subtitle": "Bandit efforts" }, 
"custom.empirate.banditem_hurtbad": { "category": "hostile", "sounds": [ { "name": "custom/mobs/embandit1/banditem_hurtbad1" }, { "name": "custom/mobs/embandit1/banditem_hurtbad2" }, { "name": "custom/mobs/embandit1/banditem_hurtbad3" } ], "subtitle": "Bandit severely hurt" }, 

"custom.empirate.channelattack": { "category": "hostile", "sounds": [ { "name": "custom/mobs/embandit1/channelattack1" }, { "name": "custom/mobs/embandit1/channelattack2" } ] }, 
"custom.empirate.emweaponclash": { "category": "hostile", "sounds": [ { "name": "custom/mobs/embandit1/emweaponclash1" }, { "name": "custom/mobs/embandit1/emweaponclash2" } ], "subtitle": "Weapon clash" }, 
"custom.empirate.knifewindup": { "category": "hostile", "sounds": [ { "name": "custom/mobs/embandit1/knifewindup1" }, { "name": "custom/mobs/embandit1/knifewindup2" } ] }, 

"custom.empirate.macehit": { "category": "hostile", "sounds": [ { "name": "custom/mobs/embandit1/macehit1" }, { "name": "custom/mobs/embandit1/macehit2" } ], "subtitle": "Brutal hit" }, 
"custom.empirate.macewindup": { "category": "hostile", "sounds": [ { "name": "custom/mobs/embandit1/macewindup1" }, { "name": "custom/mobs/embandit1/macewindup2" } ] }, 

"custom.empirate.reload": { "category": "hostile", "sounds": [ { "name": "custom/mobs/empirate/reload" } ], "subtitle": "Mechanical reload" }, 
"custom.empirate.shoot": { "category": "hostile", "sounds": [ { "name": "custom/mobs/empirate/shoot" } ], "subtitle": "Gunpowder shot" }, 


"custom.empirate.slashhita": { "category": "hostile", "sounds": [ { "name": "custom/mobs/fallenhero/slashhit1" }, { "name": "custom/mobs/fallenhero/slashhit2" }, { "name": "custom/mobs/fallenhero/slashhit3" } ] }, 
"custom.empirate.slashhitb": { "category": "hostile", "sounds": [ { "name": "custom/mobs/fallenhero/slashhitb1" }, { "name": "custom/mobs/fallenhero/slashhitb2" }, { "name": "custom/mobs/fallenhero/slashhitb3" } ] }, 
"custom.empirate.herostun": { "category": "hostile", "sounds": [ { "name": "custom/spell/fallenhero/stun1" }, { "name": "custom/spell/fallenhero/stun2" } ], "subtitle": "Corrupted attack" }, 

"custom.empirate.attackwindup": { "category": "hostile", "sounds": [ { "name": "custom/mobs/fallenhero/attackwindup1" }, { "name": "custom/mobs/fallenhero/attackwindup2" }, { "name": "custom/mobs/fallenhero/attackwindup3" }, { "name": "custom/mobs/fallenhero/attackwindup4" } ], "subtitle": "Strong blow", "attenuation_distance": "0.8"  }, 

"custom.empirate.attack4reaper": { "category": "hostile", "sounds": [ { "name": "custom/spell/fallenreaper/attack4reaper1" }, { "name": "custom/spell/fallenhero/attack4reaper2" }, { "name": "custom/spell/fallenhero/attack4reaper3" } ], "subtitle": "Strong swing" }, 
"custom.empirate.grandslashcast": { "category": "hostile", "sounds": [ { "name": "custom/spell/fallenhero/granslashcast1" }, { "name": "custom/spell/fallenhero/granslashcast2" } ] },

"custom.empirate.ost": { "category": "music", "sounds": [ { "name": "custom/musicem/the_encounter" } ] },
"custom.empirate.ostfader": { "category": "music", "sounds": [ { "name": "custom/musicem/the_encounter_fader" }, { "name": "custom/musicem/the_encounter_fader_b" } ] }
}