{"textures":{"3":"modelengine:entity/em_pirate_a2","particle":"#3"},"elements":[{"from":[4.0960197,8.239998,3.8843117],"to":[12.09602,16.239998,11.884312],"faces":{"east":{"uv":[1.125,3.9375,1.625,4.4375],"tintindex":0,"rotation":0,"texture":"#3"},"south":{"uv":[1.6875,3.9375,2.1875,4.4375],"tintindex":0,"rotation":0,"texture":"#3"},"north":{"uv":[0.0,3.9375,0.5,4.4375],"tintindex":0,"rotation":0,"texture":"#3"},"west":{"uv":[2.25,3.9375,2.75,4.4375],"tintindex":0,"rotation":0,"texture":"#3"},"up":{"uv":[4.4375,2.75,3.9375,2.25],"tintindex":0,"rotation":0,"texture":"#3"},"down":{"uv":[3.3125,3.9375,2.8125,4.4375],"tintindex":0,"rotation":0,"texture":"#3"}}}],"display":{"head":{"rotation":[0.0,0.0,0.0]},"firstperson_righthand":{"rotation":[0.0,0.0,0.0]},"thirdperson_lefthand":{"rotation":[0.0,-0.0,-0.0]},"firstperson_lefthand":{"rotation":[0.0,-0.0,-0.0]},"fixed":{"rotation":[0.0,0.0,0.0]},"ground":{"rotation":[0.0,0.0,0.0]},"thirdperson_righthand":{"rotation":[0.0,0.0,0.0]},"gui":{"rotation":[-150.0,-45.0,180.0]}}}