{"textures":{"2":"modelengine:entity/em_pirate_a1","particle":"#2"},"elements":[{"from":[4.0960197,8.24,3.8843098],"to":[12.09602,16.24,11.88431],"faces":{"east":{"uv":[0.5625,2.0625,1.0625,2.5625],"tintindex":0,"rotation":0,"texture":"#2"},"south":{"uv":[1.125,2.0625,1.625,2.5625],"tintindex":0,"rotation":0,"texture":"#2"},"north":{"uv":[0.0,2.0625,0.5,2.5625],"tintindex":0,"rotation":0,"texture":"#2"},"west":{"uv":[1.6875,2.0625,2.1875,2.5625],"tintindex":0,"rotation":0,"texture":"#2"},"up":{"uv":[2.75,1.625,2.25,1.125],"tintindex":0,"rotation":0,"texture":"#2"},"down":{"uv":[2.75,1.6875,2.25,2.1875],"tintindex":0,"rotation":0,"texture":"#2"}}}],"display":{"head":{"rotation":[0.0,0.0,0.0]},"firstperson_righthand":{"rotation":[0.0,0.0,0.0]},"thirdperson_lefthand":{"rotation":[0.0,-0.0,-0.0]},"firstperson_lefthand":{"rotation":[0.0,-0.0,-0.0]},"fixed":{"rotation":[0.0,0.0,0.0]},"ground":{"rotation":[0.0,0.0,0.0]},"thirdperson_righthand":{"rotation":[0.0,0.0,0.0]},"gui":{"rotation":[-150.0,-45.0,180.0]}}}