{"textures":{"1":"modelengine:entity/em_pirate_a3","particle":"#1"},"elements":[{"from":[4.0960197,8.239998,3.8843117],"to":[12.09602,16.239998,11.884312],"faces":{"east":{"uv":[2.75,0.0,3.75,1.0],"tintindex":0,"rotation":0,"texture":"#1"},"south":{"uv":[2.75,1.0,3.75,2.0],"tintindex":0,"rotation":0,"texture":"#1"},"north":{"uv":[0.0,2.0,1.0,3.0],"tintindex":0,"rotation":0,"texture":"#1"},"west":{"uv":[2.75,2.0,3.75,3.0],"tintindex":0,"rotation":0,"texture":"#1"},"up":{"uv":[1.0,4.0,0.0,3.0],"tintindex":0,"rotation":0,"texture":"#1"},"down":{"uv":[3.75,3.0,2.75,4.0],"tintindex":0,"rotation":0,"texture":"#1"}}}],"display":{"head":{"rotation":[0.0,0.0,0.0]},"firstperson_righthand":{"rotation":[0.0,0.0,0.0]},"thirdperson_lefthand":{"rotation":[0.0,-0.0,-0.0]},"firstperson_lefthand":{"rotation":[0.0,-0.0,-0.0]},"fixed":{"rotation":[0.0,0.0,0.0]},"ground":{"rotation":[0.0,0.0,0.0]},"thirdperson_righthand":{"rotation":[0.0,0.0,0.0]},"gui":{"rotation":[-150.0,-45.0,180.0]}}}