{"textures":{"2":"modelengine:entity/em_pirate_a1","particle":"#2"},"elements":[{"from":[4.0960197,8.239998,3.8843098],"to":[12.09602,16.239998,11.88431],"faces":{"east":{"uv":[0.0,2.625,0.5,3.125],"tintindex":0,"rotation":0,"texture":"#2"},"south":{"uv":[0.5625,2.625,1.0625,3.125],"tintindex":0,"rotation":0,"texture":"#2"},"north":{"uv":[2.25,2.25,2.75,2.75],"tintindex":0,"rotation":0,"texture":"#2"},"west":{"uv":[1.125,2.625,1.625,3.125],"tintindex":0,"rotation":0,"texture":"#2"},"up":{"uv":[2.1875,3.125,1.6875,2.625],"tintindex":0,"rotation":0,"texture":"#2"},"down":{"uv":[3.3125,0.0,2.8125,0.5],"tintindex":0,"rotation":0,"texture":"#2"}}}],"display":{"head":{"rotation":[0.0,0.0,0.0]},"firstperson_righthand":{"rotation":[0.0,0.0,0.0]},"thirdperson_lefthand":{"rotation":[0.0,-0.0,-0.0]},"firstperson_lefthand":{"rotation":[0.0,-0.0,-0.0]},"fixed":{"rotation":[0.0,0.0,0.0]},"ground":{"rotation":[0.0,0.0,0.0]},"thirdperson_righthand":{"rotation":[0.0,0.0,0.0]},"gui":{"rotation":[-150.0,-45.0,180.0]}}}