{"textures":{"2":"modelengine:entity/em_pirate_a1","particle":"#2"},"elements":[{"from":[8.09602,12.239998,11.88431],"to":[8.09602,17.239998,15.88431],"faces":{"east":{"uv":[6.375,1.5,6.625,1.8125],"tintindex":0,"rotation":0,"texture":"#2"},"west":{"uv":[6.375,1.875,6.625,2.1875],"tintindex":0,"rotation":0,"texture":"#2"}},"rotation":{"origin":[8.09602,14.739998,11.88431],"angle":-45.0,"axis":"y"}},{"from":[3.9960198,13.1399975,3.7843099],"to":[12.19602,16.339998,11.98431],"faces":{"east":{"uv":[6.0625,2.625,6.5625,2.8125],"tintindex":0,"rotation":0,"texture":"#2"},"south":{"uv":[6.0625,2.875,6.5625,3.0625],"tintindex":0,"rotation":0,"texture":"#2"},"north":{"uv":[2.25,6.0625,2.75,6.25],"tintindex":0,"rotation":0,"texture":"#2"},"west":{"uv":[6.0625,3.125,6.5625,3.3125],"tintindex":0,"rotation":0,"texture":"#2"},"up":{"uv":[3.875,1.625,3.375,1.125],"tintindex":0,"rotation":0,"texture":"#2"},"down":{"uv":[3.875,1.6875,3.375,2.1875],"tintindex":0,"rotation":0,"texture":"#2"}}},{"from":[8.09602,12.239998,11.88431],"to":[8.09602,17.239998,15.88431],"faces":{"east":{"uv":[6.375,2.25,6.625,2.5625],"tintindex":0,"rotation":0,"texture":"#2"},"west":{"uv":[5.8125,6.375,6.0625,6.6875],"tintindex":0,"rotation":0,"texture":"#2"}},"rotation":{"origin":[8.09602,14.739998,11.88431],"angle":45.0,"axis":"y"}},{"from":[4.0960197,8.239998,3.8843098],"to":[12.09602,16.239998,11.88431],"faces":{"east":{"uv":[2.8125,1.125,3.3125,1.625],"tintindex":0,"rotation":0,"texture":"#2"},"south":{"uv":[2.8125,1.6875,3.3125,2.1875],"tintindex":0,"rotation":0,"texture":"#2"},"north":{"uv":[2.8125,0.5625,3.3125,1.0625],"tintindex":0,"rotation":0,"texture":"#2"},"west":{"uv":[2.25,2.8125,2.75,3.3125],"tintindex":0,"rotation":0,"texture":"#2"},"up":{"uv":[3.3125,2.75,2.8125,2.25],"tintindex":0,"rotation":0,"texture":"#2"},"down":{"uv":[3.3125,2.8125,2.8125,3.3125],"tintindex":0,"rotation":0,"texture":"#2"}}}],"display":{"head":{"rotation":[0.0,0.0,0.0]},"firstperson_righthand":{"rotation":[0.0,0.0,0.0]},"thirdperson_lefthand":{"rotation":[0.0,-0.0,-0.0]},"firstperson_lefthand":{"rotation":[0.0,-0.0,-0.0]},"fixed":{"rotation":[0.0,0.0,0.0]},"ground":{"rotation":[0.0,0.0,0.0]},"thirdperson_righthand":{"rotation":[0.0,0.0,0.0]},"gui":{"rotation":[-150.0,-45.0,180.0]}}}