{"textures":{"3":"modelengine:entity/em_pirate_a2","particle":"#3"},"elements":[{"from":[4.0960197,8.2400055,3.8843117],"to":[12.09602,16.240005,11.884312],"faces":{"east":{"uv":[1.6875,3.375,2.1875,3.875],"tintindex":0,"rotation":0,"texture":"#3"},"south":{"uv":[2.25,3.375,2.75,3.875],"tintindex":0,"rotation":0,"texture":"#3"},"north":{"uv":[1.125,3.375,1.625,3.875],"tintindex":0,"rotation":0,"texture":"#3"},"west":{"uv":[3.375,2.25,3.875,2.75],"tintindex":0,"rotation":0,"texture":"#3"},"up":{"uv":[3.3125,3.875,2.8125,3.375],"tintindex":0,"rotation":0,"texture":"#3"},"down":{"uv":[3.875,2.8125,3.375,3.3125],"tintindex":0,"rotation":0,"texture":"#3"}}}],"display":{"head":{"rotation":[0.0,0.0,0.0]},"firstperson_righthand":{"rotation":[0.0,0.0,0.0]},"thirdperson_lefthand":{"rotation":[0.0,-0.0,-0.0]},"firstperson_lefthand":{"rotation":[0.0,-0.0,-0.0]},"fixed":{"rotation":[0.0,0.0,0.0]},"ground":{"rotation":[0.0,0.0,0.0]},"thirdperson_righthand":{"rotation":[0.0,0.0,0.0]},"gui":{"rotation":[-150.0,-45.0,180.0]}}}