{"textures":{"3":"modelengine:entity/em_pirate_a2","particle":"#3"},"elements":[{"from":[4.0960197,8.239998,3.8843117],"to":[12.09602,16.239998,11.884312],"faces":{"east":{"uv":[0.5625,3.5625,1.0625,4.0625],"tintindex":0,"rotation":0,"texture":"#3"},"south":{"uv":[3.75,0.0,4.25,0.5],"tintindex":0,"rotation":0,"texture":"#3"},"north":{"uv":[3.375,3.375,3.875,3.875],"tintindex":0,"rotation":0,"texture":"#3"},"west":{"uv":[3.75,0.5625,4.25,1.0625],"tintindex":0,"rotation":0,"texture":"#3"},"up":{"uv":[4.25,1.625,3.75,1.125],"tintindex":0,"rotation":0,"texture":"#3"},"down":{"uv":[4.25,1.6875,3.75,2.1875],"tintindex":0,"rotation":0,"texture":"#3"}}}],"display":{"head":{"rotation":[0.0,0.0,0.0]},"firstperson_righthand":{"rotation":[0.0,0.0,0.0]},"thirdperson_lefthand":{"rotation":[0.0,-0.0,-0.0]},"firstperson_lefthand":{"rotation":[0.0,-0.0,-0.0]},"fixed":{"rotation":[0.0,0.0,0.0]},"ground":{"rotation":[0.0,0.0,0.0]},"thirdperson_righthand":{"rotation":[0.0,0.0,0.0]},"gui":{"rotation":[-150.0,-45.0,180.0]}}}