{"textures":{"1":"modelengine:entity/em_pirate_a3","particle":"#1"},"elements":[{"from":[3.9960198,13.1399975,3.7843118],"to":[12.19602,16.339998,11.984312],"faces":{"east":{"uv":[10.25,6.875,11.25,7.25],"tintindex":0,"rotation":0,"texture":"#1"},"south":{"uv":[10.25,7.25,11.25,7.625],"tintindex":0,"rotation":0,"texture":"#1"},"north":{"uv":[10.0,3.0,11.0,3.375],"tintindex":0,"rotation":0,"texture":"#1"},"west":{"uv":[10.25,7.625,11.25,8.0],"tintindex":0,"rotation":0,"texture":"#1"},"up":{"uv":[3.0,5.0,2.0,4.0],"tintindex":0,"rotation":0,"texture":"#1"},"down":{"uv":[4.0,4.0,3.0,5.0],"tintindex":0,"rotation":0,"texture":"#1"}}},{"from":[8.09602,12.239998,11.884312],"to":[8.09602,17.239998,15.884312],"faces":{"east":{"uv":[10.75,6.0,11.25,6.625],"tintindex":0,"rotation":0,"texture":"#1"},"west":{"uv":[6.875,10.75,7.375,11.375],"tintindex":0,"rotation":0,"texture":"#1"}},"rotation":{"origin":[8.09602,14.739998,11.884312],"angle":-45.0,"axis":"y"}},{"from":[4.0960197,8.239998,3.8843117],"to":[12.09602,16.239998,11.884312],"faces":{"east":{"uv":[3.75,0.0,4.75,1.0],"tintindex":0,"rotation":0,"texture":"#1"},"south":{"uv":[3.75,1.0,4.75,2.0],"tintindex":0,"rotation":0,"texture":"#1"},"north":{"uv":[1.0,3.5,2.0,4.5],"tintindex":0,"rotation":0,"texture":"#1"},"west":{"uv":[3.75,2.0,4.75,3.0],"tintindex":0,"rotation":0,"texture":"#1"},"up":{"uv":[4.75,4.0,3.75,3.0],"tintindex":0,"rotation":0,"texture":"#1"},"down":{"uv":[1.0,4.0,0.0,5.0],"tintindex":0,"rotation":0,"texture":"#1"}}},{"from":[8.09602,12.239998,11.884312],"to":[8.09602,17.239998,15.884312],"faces":{"east":{"uv":[7.375,10.75,7.875,11.375],"tintindex":0,"rotation":0,"texture":"#1"},"west":{"uv":[8.375,10.75,8.875,11.375],"tintindex":0,"rotation":0,"texture":"#1"}},"rotation":{"origin":[8.09602,14.739998,11.884312],"angle":45.0,"axis":"y"}}],"display":{"head":{"rotation":[0.0,0.0,0.0]},"firstperson_righthand":{"rotation":[0.0,0.0,0.0]},"thirdperson_lefthand":{"rotation":[0.0,-0.0,-0.0]},"firstperson_lefthand":{"rotation":[0.0,-0.0,-0.0]},"fixed":{"rotation":[0.0,0.0,0.0]},"ground":{"rotation":[0.0,0.0,0.0]},"thirdperson_righthand":{"rotation":[0.0,0.0,0.0]},"gui":{"rotation":[-150.0,-45.0,180.0]}}}