{"textures":{"0":"modelengine:entity/em_pirate_a4","particle":"#0"},"elements":[{"from":[4.0960197,8.2400055,3.8843079],"to":[12.09602,16.240005,11.884308],"faces":{"east":{"uv":[2.8125,2.8125,3.3125,3.3125],"tintindex":0,"rotation":0,"texture":"#0"},"south":{"uv":[0.5625,3.0,1.0625,3.5],"tintindex":0,"rotation":0,"texture":"#0"},"north":{"uv":[2.8125,2.25,3.3125,2.75],"tintindex":0,"rotation":0,"texture":"#0"},"west":{"uv":[3.1875,0.0,3.6875,0.5],"tintindex":0,"rotation":0,"texture":"#0"},"up":{"uv":[3.6875,1.0625,3.1875,0.5625],"tintindex":0,"rotation":0,"texture":"#0"},"down":{"uv":[3.6875,1.125,3.1875,1.625],"tintindex":0,"rotation":0,"texture":"#0"}}},{"from":[8.09602,12.2400055,11.884308],"to":[8.09602,17.240005,15.884308],"faces":{"east":{"uv":[4.375,6.375,4.625,6.6875],"tintindex":0,"rotation":0,"texture":"#0"},"west":{"uv":[4.6875,6.375,4.9375,6.6875],"tintindex":0,"rotation":0,"texture":"#0"}},"rotation":{"origin":[8.09602,14.7400055,11.884308],"angle":-45.0,"axis":"y"}},{"from":[3.9960198,13.140005,3.784308],"to":[12.19602,16.340006,11.984308],"faces":{"east":{"uv":[0.0,6.0625,0.5,6.25],"tintindex":0,"rotation":0,"texture":"#0"},"south":{"uv":[0.5625,6.0625,1.0625,6.25],"tintindex":0,"rotation":0,"texture":"#0"},"north":{"uv":[6.0,5.9375,6.5,6.125],"tintindex":0,"rotation":0,"texture":"#0"},"west":{"uv":[6.0625,1.75,6.5625,1.9375],"tintindex":0,"rotation":0,"texture":"#0"},"up":{"uv":[3.6875,2.1875,3.1875,1.6875],"tintindex":0,"rotation":0,"texture":"#0"},"down":{"uv":[0.5,3.375,0.0,3.875],"tintindex":0,"rotation":0,"texture":"#0"}}},{"from":[8.09602,12.2400055,11.884308],"to":[8.09602,17.240005,15.884308],"faces":{"east":{"uv":[5.0,6.375,5.25,6.6875],"tintindex":0,"rotation":0,"texture":"#0"},"west":{"uv":[5.3125,6.375,5.5625,6.6875],"tintindex":0,"rotation":0,"texture":"#0"}},"rotation":{"origin":[8.09602,14.7400055,11.884308],"angle":45.0,"axis":"y"}}],"display":{"head":{"rotation":[0.0,0.0,0.0]},"firstperson_righthand":{"rotation":[0.0,0.0,0.0]},"thirdperson_lefthand":{"rotation":[0.0,-0.0,-0.0]},"firstperson_lefthand":{"rotation":[0.0,-0.0,-0.0]},"fixed":{"rotation":[0.0,0.0,0.0]},"ground":{"rotation":[0.0,0.0,0.0]},"thirdperson_righthand":{"rotation":[0.0,0.0,0.0]},"gui":{"rotation":[-150.0,-45.0,180.0]}}}