{"textures":{"3":"modelengine:entity/em_pirate_a2","particle":"#3"},"elements":[{"from":[3.9960198,13.1399975,3.7843118],"to":[12.19602,16.339998,11.984312],"faces":{"east":{"uv":[6.0,2.625,6.5,2.8125],"tintindex":0,"rotation":0,"texture":"#3"},"south":{"uv":[6.0,2.875,6.5,3.0625],"tintindex":0,"rotation":0,"texture":"#3"},"north":{"uv":[6.0,2.375,6.5,2.5625],"tintindex":0,"rotation":0,"texture":"#3"},"west":{"uv":[6.0,3.125,6.5,3.3125],"tintindex":0,"rotation":0,"texture":"#3"},"up":{"uv":[1.0625,2.375,0.5625,1.875],"tintindex":0,"rotation":0,"texture":"#3"},"down":{"uv":[2.5625,0.0,2.0625,0.5],"tintindex":0,"rotation":0,"texture":"#3"}}},{"from":[4.0960197,8.239998,3.8843117],"to":[12.09602,16.239998,11.884312],"faces":{"east":{"uv":[1.5,0.0,2.0,0.5],"tintindex":0,"rotation":0,"texture":"#3"},"south":{"uv":[1.5,0.5625,2.0,1.0625],"tintindex":0,"rotation":0,"texture":"#3"},"north":{"uv":[0.0,1.125,0.5,1.625],"tintindex":0,"rotation":0,"texture":"#3"},"west":{"uv":[1.5,1.125,2.0,1.625],"tintindex":0,"rotation":0,"texture":"#3"},"up":{"uv":[0.5,2.1875,0.0,1.6875],"tintindex":0,"rotation":0,"texture":"#3"},"down":{"uv":[2.0,1.6875,1.5,2.1875],"tintindex":0,"rotation":0,"texture":"#3"}}},{"from":[8.09602,12.239998,11.884312],"to":[8.09602,17.239998,15.884312],"faces":{"east":{"uv":[6.0,6.1875,6.25,6.5],"tintindex":0,"rotation":0,"texture":"#3"},"west":{"uv":[6.25,0.0,6.5,0.3125],"tintindex":0,"rotation":0,"texture":"#3"}},"rotation":{"origin":[8.09602,14.739998,11.884312],"angle":-45.0,"axis":"y"}},{"from":[8.09602,12.239998,11.884312],"to":[8.09602,17.239998,15.884312],"faces":{"east":{"uv":[0.0,6.3125,0.25,6.625],"tintindex":0,"rotation":0,"texture":"#3"},"west":{"uv":[0.3125,6.3125,0.5625,6.625],"tintindex":0,"rotation":0,"texture":"#3"}},"rotation":{"origin":[8.09602,14.739998,11.884312],"angle":45.0,"axis":"y"}}],"display":{"head":{"rotation":[0.0,0.0,0.0]},"firstperson_righthand":{"rotation":[0.0,0.0,0.0]},"thirdperson_lefthand":{"rotation":[0.0,-0.0,-0.0]},"firstperson_lefthand":{"rotation":[0.0,-0.0,-0.0]},"fixed":{"rotation":[0.0,0.0,0.0]},"ground":{"rotation":[0.0,0.0,0.0]},"thirdperson_righthand":{"rotation":[0.0,0.0,0.0]},"gui":{"rotation":[-150.0,-45.0,180.0]}}}