{"textures":{"3":"modelengine:entity/em_pirate_a2","particle":"#3"},"elements":[{"from":[4.0960197,8.239998,3.8843117],"to":[12.09602,16.239998,11.884312],"faces":{"east":{"uv":[2.0625,1.125,2.5625,1.625],"tintindex":0,"rotation":0,"texture":"#3"},"south":{"uv":[2.0625,1.6875,2.5625,2.1875],"tintindex":0,"rotation":0,"texture":"#3"},"north":{"uv":[2.0625,0.5625,2.5625,1.0625],"tintindex":0,"rotation":0,"texture":"#3"},"west":{"uv":[0.0,2.25,0.5,2.75],"tintindex":0,"rotation":0,"texture":"#3"},"up":{"uv":[1.625,2.75,1.125,2.25],"tintindex":0,"rotation":0,"texture":"#3"},"down":{"uv":[2.1875,2.25,1.6875,2.75],"tintindex":0,"rotation":0,"texture":"#3"}}},{"from":[3.9960198,13.1399975,3.7843118],"to":[12.19602,16.339998,11.984312],"faces":{"east":{"uv":[6.0,3.625,6.5,3.8125],"tintindex":0,"rotation":0,"texture":"#3"},"south":{"uv":[6.0,3.875,6.5,4.0625],"tintindex":0,"rotation":0,"texture":"#3"},"north":{"uv":[6.0,3.375,6.5,3.5625],"tintindex":0,"rotation":0,"texture":"#3"},"west":{"uv":[6.0,4.125,6.5,4.3125],"tintindex":0,"rotation":0,"texture":"#3"},"up":{"uv":[2.75,2.75,2.25,2.25],"tintindex":0,"rotation":0,"texture":"#3"},"down":{"uv":[1.0625,2.4375,0.5625,2.9375],"tintindex":0,"rotation":0,"texture":"#3"}}},{"from":[8.09602,12.239998,11.884312],"to":[8.09602,17.239998,15.884312],"faces":{"east":{"uv":[0.625,6.3125,0.875,6.625],"tintindex":0,"rotation":0,"texture":"#3"},"west":{"uv":[2.5625,6.3125,2.8125,6.625],"tintindex":0,"rotation":0,"texture":"#3"}},"rotation":{"origin":[8.09602,14.739998,11.884312],"angle":-45.0,"axis":"y"}},{"from":[8.09602,12.239998,11.884312],"to":[8.09602,17.239998,15.884312],"faces":{"east":{"uv":[6.3125,6.1875,6.5625,6.5],"tintindex":0,"rotation":0,"texture":"#3"},"west":{"uv":[1.4375,6.375,1.6875,6.6875],"tintindex":0,"rotation":0,"texture":"#3"}},"rotation":{"origin":[8.09602,14.739998,11.884312],"angle":45.0,"axis":"y"}}],"display":{"head":{"rotation":[0.0,0.0,0.0]},"firstperson_righthand":{"rotation":[0.0,0.0,0.0]},"thirdperson_lefthand":{"rotation":[0.0,-0.0,-0.0]},"firstperson_lefthand":{"rotation":[0.0,-0.0,-0.0]},"fixed":{"rotation":[0.0,0.0,0.0]},"ground":{"rotation":[0.0,0.0,0.0]},"thirdperson_righthand":{"rotation":[0.0,0.0,0.0]},"gui":{"rotation":[-150.0,-45.0,180.0]}}}