{"textures":{"2":"modelengine:entity/em_pirate_a1","particle":"#2"},"elements":[{"from":[3.8743396,7.07901,10.098209],"to":[6.87434,11.07901,11.098209],"faces":{"east":{"uv":[6.9375,0.5625,7.0,0.8125],"tintindex":0,"rotation":0,"texture":"#2"},"south":{"uv":[7.0625,2.875,7.25,3.125],"tintindex":0,"rotation":0,"texture":"#2"},"north":{"uv":[7.0625,2.5625,7.25,2.8125],"tintindex":0,"rotation":0,"texture":"#2"},"west":{"uv":[2.0,7.1875,2.0625,7.4375],"tintindex":0,"rotation":0,"texture":"#2"},"up":{"uv":[6.3125,0.8125,6.125,0.75],"tintindex":0,"rotation":0,"texture":"#2"},"down":{"uv":[2.75,6.3125,2.5625,6.375],"tintindex":0,"rotation":0,"texture":"#2"}}},{"from":[11.87434,8.07901,6.09821],"to":[12.87434,11.07901,10.098209],"faces":{"east":{"uv":[0.6875,4.875,0.9375,5.0625],"tintindex":0,"rotation":0,"texture":"#2"},"south":{"uv":[0.5625,5.25,0.625,5.4375],"tintindex":0,"rotation":0,"texture":"#2"},"north":{"uv":[1.0,4.875,1.0625,5.0625],"tintindex":0,"rotation":0,"texture":"#2"},"west":{"uv":[7.0625,1.625,7.3125,1.8125],"tintindex":0,"rotation":0,"texture":"#2"},"up":{"uv":[5.875,6.3125,5.8125,6.0625],"tintindex":0,"rotation":0,"texture":"#2"},"down":{"uv":[6.1875,4.5625,6.125,4.8125],"tintindex":0,"rotation":0,"texture":"#2"}}},{"from":[3.7243395,7.92901,5.94821],"to":[12.02434,9.22901,10.248209],"faces":{"east":{"uv":[6.6875,8.1875,6.9375,8.25],"tintindex":0,"rotation":0,"texture":"#2"},"south":{"uv":[7.625,7.3125,8.125,7.375],"tintindex":0,"rotation":0,"texture":"#2"},"north":{"uv":[7.5625,3.0,8.0625,3.0625],"tintindex":0,"rotation":0,"texture":"#2"},"west":{"uv":[8.1875,7.3125,8.4375,7.375],"tintindex":0,"rotation":0,"texture":"#2"},"up":{"uv":[5.6875,2.0,5.1875,1.75],"tintindex":0,"rotation":0,"texture":"#2"},"down":{"uv":[5.6875,2.0625,5.1875,2.3125],"tintindex":0,"rotation":0,"texture":"#2"}}},{"from":[2.87036,12.97901,5.99821],"to":[13.07036,19.17901,11.19821],"faces":{"east":{"uv":[0.5625,5.5,0.875,5.875],"tintindex":0,"rotation":0,"texture":"#2"},"south":{"uv":[4.5,0.0,5.125,0.375],"tintindex":0,"rotation":0,"texture":"#2"},"north":{"uv":[1.125,4.3125,1.75,4.6875],"tintindex":0,"rotation":0,"texture":"#2"},"west":{"uv":[0.9375,5.5,1.25,5.875],"tintindex":0,"rotation":0,"texture":"#2"},"up":{"uv":[5.125,3.375,4.5,3.0625],"tintindex":0,"rotation":0,"texture":"#2"},"down":{"uv":[3.8125,4.5,3.1875,4.8125],"tintindex":0,"rotation":0,"texture":"#2"}}},{"from":[6.97036,6.07901,6.09821],"to":[8.97036,8.07901,9.79821],"faces":{"east":{"uv":[7.6875,3.125,7.9375,3.25],"tintindex":0,"rotation":0,"texture":"#2"},"south":{"uv":[8.1875,7.8125,8.3125,7.9375],"tintindex":0,"rotation":0,"texture":"#2"},"north":{"uv":[7.375,8.1875,7.5,8.3125],"tintindex":0,"rotation":0,"texture":"#2"},"west":{"uv":[3.5625,7.6875,3.8125,7.8125],"tintindex":0,"rotation":0,"texture":"#2"},"up":{"uv":[0.5,5.8125,0.375,5.5625],"tintindex":0,"rotation":0,"texture":"#2"},"down":{"uv":[5.875,5.3125,5.75,5.5625],"tintindex":0,"rotation":0,"texture":"#2"}}},{"from":[3.9703598,8.07901,6.09821],"to":[11.97036,13.07901,10.098209],"faces":{"east":{"uv":[6.25,5.875,6.5,6.1875],"tintindex":0,"rotation":0,"texture":"#2"},"south":{"uv":[1.8125,4.9375,2.3125,5.25],"tintindex":0,"rotation":0,"texture":"#2"},"north":{"uv":[3.875,4.875,4.375,5.1875],"tintindex":0,"rotation":0,"texture":"#2"},"west":{"uv":[6.25,6.25,6.5,6.5625],"tintindex":0,"rotation":0,"texture":"#2"},"up":{"uv":[5.6875,1.375,5.1875,1.125],"tintindex":0,"rotation":0,"texture":"#2"},"down":{"uv":[5.6875,1.4375,5.1875,1.6875],"tintindex":0,"rotation":0,"texture":"#2"}}},{"from":[6.87434,7.32901,5.34821],"to":[8.87434,9.32901,5.84821],"faces":{"east":{"uv":[7.0,6.6875,7.0625,6.8125],"tintindex":0,"rotation":0,"texture":"#2"},"south":{"uv":[6.0625,8.1875,6.1875,8.3125],"tintindex":0,"rotation":0,"texture":"#2"},"north":{"uv":[5.625,8.1875,5.75,8.3125],"tintindex":0,"rotation":0,"texture":"#2"},"west":{"uv":[6.4375,8.25,6.5,8.375],"tintindex":0,"rotation":0,"texture":"#2"},"up":{"uv":[6.5,7.25,6.375,7.1875],"tintindex":0,"rotation":0,"texture":"#2"},"down":{"uv":[2.4375,7.5625,2.3125,7.625],"tintindex":0,"rotation":0,"texture":"#2"}}}],"display":{"head":{"rotation":[0.0,0.0,0.0]},"firstperson_righthand":{"rotation":[0.0,0.0,0.0]},"thirdperson_lefthand":{"rotation":[0.0,-0.0,-0.0]},"firstperson_lefthand":{"rotation":[0.0,-0.0,-0.0]},"fixed":{"rotation":[0.0,0.0,0.0]},"ground":{"rotation":[0.0,0.0,0.0]},"thirdperson_righthand":{"rotation":[0.0,0.0,0.0]},"gui":{"rotation":[-150.0,-45.0,180.0]}}}