{"textures":{"3":"modelengine:entity/em_pirate_a2","particle":"#3"},"elements":[{"from":[3.9703598,8.07901,6.0982094],"to":[11.97036,13.07901,10.098209],"faces":{"east":{"uv":[2.875,6.4375,3.125,6.75],"tintindex":0,"rotation":0,"texture":"#3"},"south":{"uv":[4.75,4.4375,5.25,4.75],"tintindex":0,"rotation":0,"texture":"#3"},"north":{"uv":[4.75,4.0625,5.25,4.375],"tintindex":0,"rotation":0,"texture":"#3"},"west":{"uv":[3.1875,6.4375,3.4375,6.75],"tintindex":0,"rotation":0,"texture":"#3"},"up":{"uv":[3.3125,5.375,2.8125,5.125],"tintindex":0,"rotation":0,"texture":"#3"},"down":{"uv":[2.1875,5.1875,1.6875,5.4375],"tintindex":0,"rotation":0,"texture":"#3"}}},{"from":[6.97036,6.07901,6.0982094],"to":[8.97036,8.07901,9.79821],"faces":{"east":{"uv":[7.625,3.1875,7.875,3.3125],"tintindex":0,"rotation":0,"texture":"#3"},"south":{"uv":[8.125,0.75,8.25,0.875],"tintindex":0,"rotation":0,"texture":"#3"},"north":{"uv":[8.125,0.0,8.25,0.125],"tintindex":0,"rotation":0,"texture":"#3"},"west":{"uv":[7.625,3.375,7.875,3.5],"tintindex":0,"rotation":0,"texture":"#3"},"up":{"uv":[7.75,3.8125,7.625,3.5625],"tintindex":0,"rotation":0,"texture":"#3"},"down":{"uv":[3.75,7.625,3.625,7.875],"tintindex":0,"rotation":0,"texture":"#3"}}},{"from":[2.87036,12.97901,5.9982095],"to":[13.07036,19.17901,11.19821],"faces":{"east":{"uv":[4.3125,5.5,4.625,5.875],"tintindex":0,"rotation":0,"texture":"#3"},"south":{"uv":[4.3125,0.0,4.9375,0.375],"tintindex":0,"rotation":0,"texture":"#3"},"north":{"uv":[4.0625,4.125,4.6875,4.5],"tintindex":0,"rotation":0,"texture":"#3"},"west":{"uv":[4.6875,5.5,5.0,5.875],"tintindex":0,"rotation":0,"texture":"#3"},"up":{"uv":[2.6875,4.8125,2.0625,4.5],"tintindex":0,"rotation":0,"texture":"#3"},"down":{"uv":[5.125,2.1875,4.5,2.5],"tintindex":0,"rotation":0,"texture":"#3"}}},{"from":[3.7243395,7.92901,5.9482093],"to":[12.02434,9.22901,10.248209],"faces":{"east":{"uv":[0.875,8.125,1.125,8.1875],"tintindex":0,"rotation":0,"texture":"#3"},"south":{"uv":[7.625,4.0,8.125,4.0625],"tintindex":0,"rotation":0,"texture":"#3"},"north":{"uv":[7.625,3.875,8.125,3.9375],"tintindex":0,"rotation":0,"texture":"#3"},"west":{"uv":[8.125,0.9375,8.375,1.0],"tintindex":0,"rotation":0,"texture":"#3"},"up":{"uv":[5.5,1.8125,5.0,1.5625],"tintindex":0,"rotation":0,"texture":"#3"},"down":{"uv":[5.5,1.875,5.0,2.125],"tintindex":0,"rotation":0,"texture":"#3"}}},{"from":[11.87434,8.07901,6.0982094],"to":[12.87434,11.07901,10.098209],"faces":{"east":{"uv":[0.9375,7.3125,1.1875,7.5],"tintindex":0,"rotation":0,"texture":"#3"},"south":{"uv":[4.0,8.1875,4.0625,8.375],"tintindex":0,"rotation":0,"texture":"#3"},"north":{"uv":[2.6875,7.5625,2.75,7.75],"tintindex":0,"rotation":0,"texture":"#3"},"west":{"uv":[7.3125,0.9375,7.5625,1.125],"tintindex":0,"rotation":0,"texture":"#3"},"up":{"uv":[1.5,8.375,1.4375,8.125],"tintindex":0,"rotation":0,"texture":"#3"},"down":{"uv":[1.625,8.125,1.5625,8.375],"tintindex":0,"rotation":0,"texture":"#3"}}}],"display":{"head":{"rotation":[0.0,0.0,0.0]},"firstperson_righthand":{"rotation":[0.0,0.0,0.0]},"thirdperson_lefthand":{"rotation":[0.0,-0.0,-0.0]},"firstperson_lefthand":{"rotation":[0.0,-0.0,-0.0]},"fixed":{"rotation":[0.0,0.0,0.0]},"ground":{"rotation":[0.0,0.0,0.0]},"thirdperson_righthand":{"rotation":[0.0,0.0,0.0]},"gui":{"rotation":[-150.0,-45.0,180.0]}}}