{"textures":{"3":"modelengine:entity/em_pirate_a2","particle":"#3"},"elements":[{"from":[2.87036,12.97901,5.9982095],"to":[13.07036,19.17901,11.19821],"faces":{"east":{"uv":[5.0625,5.5,5.375,5.875],"tintindex":0,"rotation":0,"texture":"#3"},"south":{"uv":[4.3125,0.875,4.9375,1.25],"tintindex":0,"rotation":0,"texture":"#3"},"north":{"uv":[4.3125,0.4375,4.9375,0.8125],"tintindex":0,"rotation":0,"texture":"#3"},"west":{"uv":[5.4375,5.5,5.75,5.875],"tintindex":0,"rotation":0,"texture":"#3"},"up":{"uv":[4.6875,4.875,4.0625,4.5625],"tintindex":0,"rotation":0,"texture":"#3"},"down":{"uv":[5.25,2.5625,4.625,2.875],"tintindex":0,"rotation":0,"texture":"#3"}}},{"from":[6.97036,6.07901,6.0982094],"to":[8.97036,8.07901,9.79821],"faces":{"east":{"uv":[3.8125,7.625,4.0625,7.75],"tintindex":0,"rotation":0,"texture":"#3"},"south":{"uv":[1.875,8.125,2.0,8.25],"tintindex":0,"rotation":0,"texture":"#3"},"north":{"uv":[1.6875,8.125,1.8125,8.25],"tintindex":0,"rotation":0,"texture":"#3"},"west":{"uv":[4.4375,7.625,4.6875,7.75],"tintindex":0,"rotation":0,"texture":"#3"},"up":{"uv":[4.875,7.875,4.75,7.625],"tintindex":0,"rotation":0,"texture":"#3"},"down":{"uv":[5.3125,7.625,5.1875,7.875],"tintindex":0,"rotation":0,"texture":"#3"}}},{"from":[3.9703598,8.07901,6.0982094],"to":[11.97036,13.07901,10.098209],"faces":{"east":{"uv":[6.4375,5.375,6.6875,5.6875],"tintindex":0,"rotation":0,"texture":"#3"},"south":{"uv":[0.0,4.875,0.5,5.1875],"tintindex":0,"rotation":0,"texture":"#3"},"north":{"uv":[4.75,4.8125,5.25,5.125],"tintindex":0,"rotation":0,"texture":"#3"},"west":{"uv":[6.5,0.375,6.75,0.6875],"tintindex":0,"rotation":0,"texture":"#3"},"up":{"uv":[4.9375,5.4375,4.4375,5.1875],"tintindex":0,"rotation":0,"texture":"#3"},"down":{"uv":[5.5,5.1875,5.0,5.4375],"tintindex":0,"rotation":0,"texture":"#3"}}},{"from":[11.87434,8.07901,6.0982094],"to":[12.87434,11.07901,10.098209],"faces":{"east":{"uv":[2.5,7.3125,2.75,7.5],"tintindex":0,"rotation":0,"texture":"#3"},"south":{"uv":[6.25,8.1875,6.3125,8.375],"tintindex":0,"rotation":0,"texture":"#3"},"north":{"uv":[4.625,8.1875,4.6875,8.375],"tintindex":0,"rotation":0,"texture":"#3"},"west":{"uv":[7.3125,2.5,7.5625,2.6875],"tintindex":0,"rotation":0,"texture":"#3"},"up":{"uv":[8.1875,3.4375,8.125,3.1875],"tintindex":0,"rotation":0,"texture":"#3"},"down":{"uv":[3.6875,8.125,3.625,8.375],"tintindex":0,"rotation":0,"texture":"#3"}}},{"from":[3.7243395,7.92901,5.9482093],"to":[12.02434,9.22901,10.248209],"faces":{"east":{"uv":[8.125,1.875,8.375,1.9375],"tintindex":0,"rotation":0,"texture":"#3"},"south":{"uv":[7.625,5.0,8.125,5.0625],"tintindex":0,"rotation":0,"texture":"#3"},"north":{"uv":[7.625,4.125,8.125,4.1875],"tintindex":0,"rotation":0,"texture":"#3"},"west":{"uv":[8.125,2.0,8.375,2.0625],"tintindex":0,"rotation":0,"texture":"#3"},"up":{"uv":[5.6875,2.4375,5.1875,2.1875],"tintindex":0,"rotation":0,"texture":"#3"},"down":{"uv":[2.75,5.1875,2.25,5.4375],"tintindex":0,"rotation":0,"texture":"#3"}}},{"from":[3.8743396,7.07901,10.098209],"to":[6.87434,11.07901,11.098209],"faces":{"east":{"uv":[2.0625,8.125,2.125,8.375],"tintindex":0,"rotation":0,"texture":"#3"},"south":{"uv":[7.3125,2.1875,7.5,2.4375],"tintindex":0,"rotation":0,"texture":"#3"},"north":{"uv":[7.3125,1.875,7.5,2.125],"tintindex":0,"rotation":0,"texture":"#3"},"west":{"uv":[8.125,2.125,8.1875,2.375],"tintindex":0,"rotation":0,"texture":"#3"},"up":{"uv":[4.5,8.3125,4.3125,8.25],"tintindex":0,"rotation":0,"texture":"#3"},"down":{"uv":[8.4375,4.625,8.25,4.6875],"tintindex":0,"rotation":0,"texture":"#3"}}}],"display":{"head":{"rotation":[0.0,0.0,0.0]},"firstperson_righthand":{"rotation":[0.0,0.0,0.0]},"thirdperson_lefthand":{"rotation":[0.0,-0.0,-0.0]},"firstperson_lefthand":{"rotation":[0.0,-0.0,-0.0]},"fixed":{"rotation":[0.0,0.0,0.0]},"ground":{"rotation":[0.0,0.0,0.0]},"thirdperson_righthand":{"rotation":[0.0,0.0,0.0]},"gui":{"rotation":[-150.0,-45.0,180.0]}}}