{"textures":{"3":"modelengine:entity/em_pirate_a2","particle":"#3"},"elements":[{"from":[3.8743396,7.07901,10.098209],"to":[6.87434,11.07901,11.098209],"faces":{"east":{"uv":[6.4375,8.0,6.5,8.25],"tintindex":0,"rotation":0,"texture":"#3"},"south":{"uv":[6.5625,7.25,6.75,7.5],"tintindex":0,"rotation":0,"texture":"#3"},"north":{"uv":[7.25,1.5625,7.4375,1.8125],"tintindex":0,"rotation":0,"texture":"#3"},"west":{"uv":[3.5,8.0625,3.5625,8.3125],"tintindex":0,"rotation":0,"texture":"#3"},"up":{"uv":[8.4375,3.1875,8.25,3.125],"tintindex":0,"rotation":0,"texture":"#3"},"down":{"uv":[8.4375,3.25,8.25,3.3125],"tintindex":0,"rotation":0,"texture":"#3"}}},{"from":[2.87036,12.97901,5.9982095],"to":[13.07036,19.17901,11.19821],"faces":{"east":{"uv":[2.0625,5.5,2.375,5.875],"tintindex":0,"rotation":0,"texture":"#3"},"south":{"uv":[4.0625,3.6875,4.6875,4.0625],"tintindex":0,"rotation":0,"texture":"#3"},"north":{"uv":[3.375,3.9375,4.0,4.3125],"tintindex":0,"rotation":0,"texture":"#3"},"west":{"uv":[2.4375,5.5,2.75,5.875],"tintindex":0,"rotation":0,"texture":"#3"},"up":{"uv":[1.3125,4.8125,0.6875,4.5],"tintindex":0,"rotation":0,"texture":"#3"},"down":{"uv":[2.0,4.5,1.375,4.8125],"tintindex":0,"rotation":0,"texture":"#3"}}},{"from":[3.7243395,7.92901,5.9482093],"to":[12.02434,9.22901,10.248209],"faces":{"east":{"uv":[8.0625,7.3125,8.3125,7.375],"tintindex":0,"rotation":0,"texture":"#3"},"south":{"uv":[7.625,3.0625,8.125,3.125],"tintindex":0,"rotation":0,"texture":"#3"},"north":{"uv":[7.625,0.375,8.125,0.4375],"tintindex":0,"rotation":0,"texture":"#3"},"west":{"uv":[7.4375,8.0625,7.6875,8.125],"tintindex":0,"rotation":0,"texture":"#3"},"up":{"uv":[5.5,0.5625,5.0,0.3125],"tintindex":0,"rotation":0,"texture":"#3"},"down":{"uv":[5.5,0.625,5.0,0.875],"tintindex":0,"rotation":0,"texture":"#3"}}},{"from":[11.87434,8.07901,6.0982094],"to":[12.87434,11.07901,10.098209],"faces":{"east":{"uv":[6.8125,7.25,7.0625,7.4375],"tintindex":0,"rotation":0,"texture":"#3"},"south":{"uv":[6.6875,2.125,6.75,2.3125],"tintindex":0,"rotation":0,"texture":"#3"},"north":{"uv":[4.3125,5.25,4.375,5.4375],"tintindex":0,"rotation":0,"texture":"#3"},"west":{"uv":[0.0,7.3125,0.25,7.5],"tintindex":0,"rotation":0,"texture":"#3"},"up":{"uv":[0.0625,8.375,0.0,8.125],"tintindex":0,"rotation":0,"texture":"#3"},"down":{"uv":[0.8125,8.125,0.75,8.375],"tintindex":0,"rotation":0,"texture":"#3"}}},{"from":[3.9703598,8.07901,6.0982094],"to":[11.97036,13.07901,10.098209],"faces":{"east":{"uv":[5.625,6.375,5.875,6.6875],"tintindex":0,"rotation":0,"texture":"#3"},"south":{"uv":[4.75,3.6875,5.25,4.0],"tintindex":0,"rotation":0,"texture":"#3"},"north":{"uv":[3.3125,4.75,3.8125,5.0625],"tintindex":0,"rotation":0,"texture":"#3"},"west":{"uv":[0.9375,6.4375,1.1875,6.75],"tintindex":0,"rotation":0,"texture":"#3"},"up":{"uv":[5.5,1.1875,5.0,0.9375],"tintindex":0,"rotation":0,"texture":"#3"},"down":{"uv":[5.5,1.25,5.0,1.5],"tintindex":0,"rotation":0,"texture":"#3"}}},{"from":[6.97036,6.07901,6.0982094],"to":[8.97036,8.07901,9.79821],"faces":{"east":{"uv":[7.625,2.375,7.875,2.5],"tintindex":0,"rotation":0,"texture":"#3"},"south":{"uv":[3.8125,8.0625,3.9375,8.1875],"tintindex":0,"rotation":0,"texture":"#3"},"north":{"uv":[0.5625,8.0625,0.6875,8.1875],"tintindex":0,"rotation":0,"texture":"#3"},"west":{"uv":[7.625,2.5625,7.875,2.6875],"tintindex":0,"rotation":0,"texture":"#3"},"up":{"uv":[2.1875,7.875,2.0625,7.625],"tintindex":0,"rotation":0,"texture":"#3"},"down":{"uv":[7.75,2.75,7.625,3.0],"tintindex":0,"rotation":0,"texture":"#3"}}}],"display":{"head":{"rotation":[0.0,0.0,0.0]},"firstperson_righthand":{"rotation":[0.0,0.0,0.0]},"thirdperson_lefthand":{"rotation":[0.0,-0.0,-0.0]},"firstperson_lefthand":{"rotation":[0.0,-0.0,-0.0]},"fixed":{"rotation":[0.0,0.0,0.0]},"ground":{"rotation":[0.0,0.0,0.0]},"thirdperson_righthand":{"rotation":[0.0,0.0,0.0]},"gui":{"rotation":[-150.0,-45.0,180.0]}}}