{"textures":{"1":"modelengine:entity/em_pirate_a3","particle":"#1"},"elements":[{"from":[3.8743396,7.07901,10.098209],"to":[6.87434,11.07901,11.098209],"faces":{"east":{"uv":[11.5,12.875,11.625,13.375],"tintindex":0,"rotation":0,"texture":"#1"},"south":{"uv":[11.125,11.5,11.5,12.0],"tintindex":0,"rotation":0,"texture":"#1"},"north":{"uv":[4.0,11.5,4.375,12.0],"tintindex":0,"rotation":0,"texture":"#1"},"west":{"uv":[11.625,12.875,11.75,13.375],"tintindex":0,"rotation":0,"texture":"#1"},"up":{"uv":[13.5,0.5,13.125,0.375],"tintindex":0,"rotation":0,"texture":"#1"},"down":{"uv":[0.875,13.125,0.5,13.25],"tintindex":0,"rotation":0,"texture":"#1"}}},{"from":[11.87434,8.07901,6.0982094],"to":[12.87434,11.07901,10.098209],"faces":{"east":{"uv":[11.5,11.5,12.0,11.875],"tintindex":0,"rotation":0,"texture":"#1"},"south":{"uv":[0.875,13.125,1.0,13.5],"tintindex":0,"rotation":0,"texture":"#1"},"north":{"uv":[13.125,0.5,13.25,0.875],"tintindex":0,"rotation":0,"texture":"#1"},"west":{"uv":[11.625,10.0,12.125,10.375],"tintindex":0,"rotation":0,"texture":"#1"},"up":{"uv":[11.875,13.375,11.75,12.875],"tintindex":0,"rotation":0,"texture":"#1"},"down":{"uv":[12.125,12.875,12.0,13.375],"tintindex":0,"rotation":0,"texture":"#1"}}},{"from":[6.87434,7.32901,5.3482094],"to":[8.87434,9.32901,5.8482094],"faces":{"east":{"uv":[6.25,12.25,6.375,12.5],"tintindex":0,"rotation":0,"texture":"#1"},"south":{"uv":[12.875,10.75,13.125,11.0],"tintindex":0,"rotation":0,"texture":"#1"},"north":{"uv":[12.875,10.125,13.125,10.375],"tintindex":0,"rotation":0,"texture":"#1"},"west":{"uv":[1.0,13.125,1.125,13.375],"tintindex":0,"rotation":0,"texture":"#1"},"up":{"uv":[12.25,11.875,12.0,11.75],"tintindex":0,"rotation":0,"texture":"#1"},"down":{"uv":[2.875,13.125,2.625,13.25],"tintindex":0,"rotation":0,"texture":"#1"}}},{"from":[3.7243395,7.92901,5.9482093],"to":[12.02434,9.22901,10.248209],"faces":{"east":{"uv":[12.875,9.5,13.375,9.625],"tintindex":0,"rotation":0,"texture":"#1"},"south":{"uv":[12.5,4.625,13.5,4.75],"tintindex":0,"rotation":0,"texture":"#1"},"north":{"uv":[12.5,4.5,13.5,4.625],"tintindex":0,"rotation":0,"texture":"#1"},"west":{"uv":[12.875,11.0,13.375,11.125],"tintindex":0,"rotation":0,"texture":"#1"},"up":{"uv":[8.0,9.5,7.0,9.0],"tintindex":0,"rotation":0,"texture":"#1"},"down":{"uv":[9.0,9.0,8.0,9.5],"tintindex":0,"rotation":0,"texture":"#1"}}},{"from":[2.87036,12.97901,5.9982095],"to":[13.07036,19.17901,11.19821],"faces":{"east":{"uv":[0.625,9.25,1.25,10.0],"tintindex":0,"rotation":0,"texture":"#1"},"south":{"uv":[7.75,1.5,9.0,2.25],"tintindex":0,"rotation":0,"texture":"#1"},"north":{"uv":[7.75,0.75,9.0,1.5],"tintindex":0,"rotation":0,"texture":"#1"},"west":{"uv":[1.25,9.25,1.875,10.0],"tintindex":0,"rotation":0,"texture":"#1"},"up":{"uv":[5.0,8.625,3.75,8.0],"tintindex":0,"rotation":0,"texture":"#1"},"down":{"uv":[9.5,3.5,8.25,4.125],"tintindex":0,"rotation":0,"texture":"#1"}}},{"from":[3.9703598,8.07901,6.0982094],"to":[11.97036,13.07901,10.098209],"faces":{"east":{"uv":[10.625,9.25,11.125,9.875],"tintindex":0,"rotation":0,"texture":"#1"},"south":{"uv":[1.0,8.625,2.0,9.25],"tintindex":0,"rotation":0,"texture":"#1"},"north":{"uv":[0.0,8.625,1.0,9.25],"tintindex":0,"rotation":0,"texture":"#1"},"west":{"uv":[10.625,9.875,11.125,10.5],"tintindex":0,"rotation":0,"texture":"#1"},"up":{"uv":[10.0,8.625,9.0,8.125],"tintindex":0,"rotation":0,"texture":"#1"},"down":{"uv":[10.0,8.625,9.0,9.125],"tintindex":0,"rotation":0,"texture":"#1"}}},{"from":[6.97036,6.07901,6.0982094],"to":[8.97036,8.07901,9.79821],"faces":{"east":{"uv":[11.5,12.375,12.0,12.625],"tintindex":0,"rotation":0,"texture":"#1"},"south":{"uv":[12.875,9.875,13.125,10.125],"tintindex":0,"rotation":0,"texture":"#1"},"north":{"uv":[12.875,9.25,13.125,9.5],"tintindex":0,"rotation":0,"texture":"#1"},"west":{"uv":[12.5,4.25,13.0,4.5],"tintindex":0,"rotation":0,"texture":"#1"},"up":{"uv":[12.25,12.875,12.0,12.375],"tintindex":0,"rotation":0,"texture":"#1"},"down":{"uv":[4.0,12.5,3.75,13.0],"tintindex":0,"rotation":0,"texture":"#1"}}}],"display":{"head":{"rotation":[0.0,0.0,0.0]},"firstperson_righthand":{"rotation":[0.0,0.0,0.0]},"thirdperson_lefthand":{"rotation":[0.0,-0.0,-0.0]},"firstperson_lefthand":{"rotation":[0.0,-0.0,-0.0]},"fixed":{"rotation":[0.0,0.0,0.0]},"ground":{"rotation":[0.0,0.0,0.0]},"thirdperson_righthand":{"rotation":[0.0,0.0,0.0]},"gui":{"rotation":[-150.0,-45.0,180.0]}}}