{"textures":{"1":"modelengine:entity/em_pirate_a3","particle":"#1"},"elements":[{"from":[3.8743396,7.07901,10.098209],"to":[6.87434,11.07901,11.098209],"faces":{"east":{"uv":[9.0,12.875,9.125,13.375],"tintindex":0,"rotation":0,"texture":"#1"},"south":{"uv":[11.5,1.75,11.875,2.25],"tintindex":0,"rotation":0,"texture":"#1"},"north":{"uv":[11.5,1.25,11.875,1.75],"tintindex":0,"rotation":0,"texture":"#1"},"west":{"uv":[9.125,12.875,9.25,13.375],"tintindex":0,"rotation":0,"texture":"#1"},"up":{"uv":[13.375,13.125,13.0,13.0],"tintindex":0,"rotation":0,"texture":"#1"},"down":{"uv":[0.375,13.125,0.0,13.25],"tintindex":0,"rotation":0,"texture":"#1"}}},{"from":[6.87434,7.32901,5.3482094],"to":[8.87434,9.32901,5.8482094],"faces":{"east":{"uv":[8.625,12.0,8.75,12.25],"tintindex":0,"rotation":0,"texture":"#1"},"south":{"uv":[5.5,12.875,5.75,13.125],"tintindex":0,"rotation":0,"texture":"#1"},"north":{"uv":[4.875,12.875,5.125,13.125],"tintindex":0,"rotation":0,"texture":"#1"},"west":{"uv":[12.25,2.0,12.375,2.25],"tintindex":0,"rotation":0,"texture":"#1"},"up":{"uv":[7.875,12.0,7.625,11.875],"tintindex":0,"rotation":0,"texture":"#1"},"down":{"uv":[12.125,9.875,11.875,10.0],"tintindex":0,"rotation":0,"texture":"#1"}}},{"from":[3.9703598,8.07901,6.0982094],"to":[11.97036,13.07901,10.098209],"faces":{"east":{"uv":[10.5,8.0,11.0,8.625],"tintindex":0,"rotation":0,"texture":"#1"},"south":{"uv":[8.0,8.375,9.0,9.0],"tintindex":0,"rotation":0,"texture":"#1"},"north":{"uv":[7.0,8.375,8.0,9.0],"tintindex":0,"rotation":0,"texture":"#1"},"west":{"uv":[10.625,8.625,11.125,9.25],"tintindex":0,"rotation":0,"texture":"#1"},"up":{"uv":[6.0,9.5,5.0,9.0],"tintindex":0,"rotation":0,"texture":"#1"},"down":{"uv":[7.0,9.0,6.0,9.5],"tintindex":0,"rotation":0,"texture":"#1"}}},{"from":[3.7243395,7.92901,5.9482093],"to":[12.02434,9.22901,10.248209],"faces":{"east":{"uv":[5.75,12.875,6.25,13.0],"tintindex":0,"rotation":0,"texture":"#1"},"south":{"uv":[12.5,4.125,13.5,4.25],"tintindex":0,"rotation":0,"texture":"#1"},"north":{"uv":[12.5,4.0,13.5,4.125],"tintindex":0,"rotation":0,"texture":"#1"},"west":{"uv":[8.5,12.875,9.0,13.0],"tintindex":0,"rotation":0,"texture":"#1"},"up":{"uv":[10.0,3.0,9.0,2.5],"tintindex":0,"rotation":0,"texture":"#1"},"down":{"uv":[10.0,3.0,9.0,3.5],"tintindex":0,"rotation":0,"texture":"#1"}}},{"from":[2.87036,12.97901,5.9982095],"to":[13.07036,19.17901,11.19821],"faces":{"east":{"uv":[9.0,9.125,9.625,9.875],"tintindex":0,"rotation":0,"texture":"#1"},"south":{"uv":[7.75,0.0,9.0,0.75],"tintindex":0,"rotation":0,"texture":"#1"},"north":{"uv":[7.5,7.0,8.75,7.75],"tintindex":0,"rotation":0,"texture":"#1"},"west":{"uv":[0.0,9.25,0.625,10.0],"tintindex":0,"rotation":0,"texture":"#1"},"up":{"uv":[2.5,8.625,1.25,8.0],"tintindex":0,"rotation":0,"texture":"#1"},"down":{"uv":[3.75,8.0,2.5,8.625],"tintindex":0,"rotation":0,"texture":"#1"}}},{"from":[11.87434,8.07901,6.0982094],"to":[12.87434,11.07901,10.098209],"faces":{"east":{"uv":[11.5,2.25,12.0,2.625],"tintindex":0,"rotation":0,"texture":"#1"},"south":{"uv":[0.375,13.125,0.5,13.5],"tintindex":0,"rotation":0,"texture":"#1"},"north":{"uv":[13.125,0.0,13.25,0.375],"tintindex":0,"rotation":0,"texture":"#1"},"west":{"uv":[11.5,2.625,12.0,3.0],"tintindex":0,"rotation":0,"texture":"#1"},"up":{"uv":[9.875,13.375,9.75,12.875],"tintindex":0,"rotation":0,"texture":"#1"},"down":{"uv":[10.0,12.875,9.875,13.375],"tintindex":0,"rotation":0,"texture":"#1"}}},{"from":[6.97036,6.07901,6.0982094],"to":[8.97036,8.07901,9.79821],"faces":{"east":{"uv":[12.375,10.75,12.875,11.0],"tintindex":0,"rotation":0,"texture":"#1"},"south":{"uv":[4.625,12.875,4.875,13.125],"tintindex":0,"rotation":0,"texture":"#1"},"north":{"uv":[4.375,12.875,4.625,13.125],"tintindex":0,"rotation":0,"texture":"#1"},"west":{"uv":[12.375,11.0,12.875,11.25],"tintindex":0,"rotation":0,"texture":"#1"},"up":{"uv":[10.0,12.875,9.75,12.375],"tintindex":0,"rotation":0,"texture":"#1"},"down":{"uv":[12.625,11.25,12.375,11.75],"tintindex":0,"rotation":0,"texture":"#1"}}}],"display":{"head":{"rotation":[0.0,0.0,0.0]},"firstperson_righthand":{"rotation":[0.0,0.0,0.0]},"thirdperson_lefthand":{"rotation":[0.0,-0.0,-0.0]},"firstperson_lefthand":{"rotation":[0.0,-0.0,-0.0]},"fixed":{"rotation":[0.0,0.0,0.0]},"ground":{"rotation":[0.0,0.0,0.0]},"thirdperson_righthand":{"rotation":[0.0,0.0,0.0]},"gui":{"rotation":[-150.0,-45.0,180.0]}}}