{"textures":{"1":"modelengine:entity/em_pirate_a3","particle":"#1"},"elements":[{"from":[2.87036,12.97901,5.9982095],"to":[13.07036,19.17901,11.19821],"faces":{"east":{"uv":[2.0,9.125,2.625,9.875],"tintindex":0,"rotation":0,"texture":"#1"},"south":{"uv":[7.0,5.5,8.25,6.25],"tintindex":0,"rotation":0,"texture":"#1"},"north":{"uv":[5.0,7.0,6.25,7.75],"tintindex":0,"rotation":0,"texture":"#1"},"west":{"uv":[2.625,9.125,3.25,9.875],"tintindex":0,"rotation":0,"texture":"#1"},"up":{"uv":[6.25,8.375,5.0,7.75],"tintindex":0,"rotation":0,"texture":"#1"},"down":{"uv":[7.5,7.75,6.25,8.375],"tintindex":0,"rotation":0,"texture":"#1"}}},{"from":[6.97036,6.07901,6.0982094],"to":[8.97036,8.07901,9.79821],"faces":{"east":{"uv":[12.375,0.75,12.875,1.0],"tintindex":0,"rotation":0,"texture":"#1"},"south":{"uv":[10.25,12.75,10.5,13.0],"tintindex":0,"rotation":0,"texture":"#1"},"north":{"uv":[4.125,12.0,4.375,12.25],"tintindex":0,"rotation":0,"texture":"#1"},"west":{"uv":[2.25,12.375,2.75,12.625],"tintindex":0,"rotation":0,"texture":"#1"},"up":{"uv":[11.5,12.5,11.25,12.0],"tintindex":0,"rotation":0,"texture":"#1"},"down":{"uv":[5.5,12.25,5.25,12.75],"tintindex":0,"rotation":0,"texture":"#1"}}},{"from":[11.87434,8.07901,6.0982094],"to":[12.87434,11.07901,10.098209],"faces":{"east":{"uv":[11.375,9.625,11.875,10.0],"tintindex":0,"rotation":0,"texture":"#1"},"south":{"uv":[7.0,13.0,7.125,13.375],"tintindex":0,"rotation":0,"texture":"#1"},"north":{"uv":[5.375,13.0,5.5,13.375],"tintindex":0,"rotation":0,"texture":"#1"},"west":{"uv":[0.0,11.5,0.5,11.875],"tintindex":0,"rotation":0,"texture":"#1"},"up":{"uv":[2.5,13.375,2.375,12.875],"tintindex":0,"rotation":0,"texture":"#1"},"down":{"uv":[2.625,12.875,2.5,13.375],"tintindex":0,"rotation":0,"texture":"#1"}}},{"from":[6.87434,7.32901,5.3482094],"to":[8.87434,9.32901,5.8482094],"faces":{"east":{"uv":[1.625,3.25,1.75,3.5],"tintindex":0,"rotation":0,"texture":"#1"},"south":{"uv":[10.75,12.75,11.0,13.0],"tintindex":0,"rotation":0,"texture":"#1"},"north":{"uv":[10.5,12.75,10.75,13.0],"tintindex":0,"rotation":0,"texture":"#1"},"west":{"uv":[10.0,8.875,10.125,9.125],"tintindex":0,"rotation":0,"texture":"#1"},"up":{"uv":[10.5,8.125,10.25,8.0],"tintindex":0,"rotation":0,"texture":"#1"},"down":{"uv":[10.125,11.75,9.875,11.875],"tintindex":0,"rotation":0,"texture":"#1"}}},{"from":[3.9703598,8.07901,6.0982094],"to":[11.97036,13.07901,10.098209],"faces":{"east":{"uv":[10.5,0.0,11.0,0.625],"tintindex":0,"rotation":0,"texture":"#1"},"south":{"uv":[8.25,6.0,9.25,6.625],"tintindex":0,"rotation":0,"texture":"#1"},"north":{"uv":[8.25,5.375,9.25,6.0],"tintindex":0,"rotation":0,"texture":"#1"},"west":{"uv":[10.5,0.625,11.0,1.25],"tintindex":0,"rotation":0,"texture":"#1"},"up":{"uv":[9.75,8.125,8.75,7.625],"tintindex":0,"rotation":0,"texture":"#1"},"down":{"uv":[10.0,0.0,9.0,0.5],"tintindex":0,"rotation":0,"texture":"#1"}}},{"from":[3.7243395,7.92901,5.9482093],"to":[12.02434,9.22901,10.248209],"faces":{"east":{"uv":[12.75,7.375,13.25,7.5],"tintindex":0,"rotation":0,"texture":"#1"},"south":{"uv":[12.25,5.375,13.25,5.5],"tintindex":0,"rotation":0,"texture":"#1"},"north":{"uv":[12.25,3.875,13.25,4.0],"tintindex":0,"rotation":0,"texture":"#1"},"west":{"uv":[12.25,12.75,12.75,12.875],"tintindex":0,"rotation":0,"texture":"#1"},"up":{"uv":[9.75,7.125,8.75,6.625],"tintindex":0,"rotation":0,"texture":"#1"},"down":{"uv":[9.75,7.125,8.75,7.625],"tintindex":0,"rotation":0,"texture":"#1"}}},{"from":[3.8743396,7.07901,10.098209],"to":[6.87434,11.07901,11.098209],"faces":{"east":{"uv":[12.75,12.5,12.875,13.0],"tintindex":0,"rotation":0,"texture":"#1"},"south":{"uv":[11.375,9.125,11.75,9.625],"tintindex":0,"rotation":0,"texture":"#1"},"north":{"uv":[9.125,11.375,9.5,11.875],"tintindex":0,"rotation":0,"texture":"#1"},"west":{"uv":[2.25,12.875,2.375,13.375],"tintindex":0,"rotation":0,"texture":"#1"},"up":{"uv":[11.875,3.125,11.5,3.0],"tintindex":0,"rotation":0,"texture":"#1"},"down":{"uv":[13.375,12.125,13.0,12.25],"tintindex":0,"rotation":0,"texture":"#1"}}}],"display":{"head":{"rotation":[0.0,0.0,0.0]},"firstperson_righthand":{"rotation":[0.0,0.0,0.0]},"thirdperson_lefthand":{"rotation":[0.0,-0.0,-0.0]},"firstperson_lefthand":{"rotation":[0.0,-0.0,-0.0]},"fixed":{"rotation":[0.0,0.0,0.0]},"ground":{"rotation":[0.0,0.0,0.0]},"thirdperson_righthand":{"rotation":[0.0,0.0,0.0]},"gui":{"rotation":[-150.0,-45.0,180.0]}}}