{"textures":{"1":"modelengine:entity/em_pirate_a3","particle":"#1"},"elements":[{"from":[3.9703598,8.07901,6.0982094],"to":[11.97036,13.07901,10.098209],"faces":{"east":{"uv":[7.875,10.375,8.375,11.0],"tintindex":0,"rotation":0,"texture":"#1"},"south":{"uv":[8.25,4.75,9.25,5.375],"tintindex":0,"rotation":0,"texture":"#1"},"north":{"uv":[8.25,4.125,9.25,4.75],"tintindex":0,"rotation":0,"texture":"#1"},"west":{"uv":[10.125,10.375,10.625,11.0],"tintindex":0,"rotation":0,"texture":"#1"},"up":{"uv":[4.0,9.125,3.0,8.625],"tintindex":0,"rotation":0,"texture":"#1"},"down":{"uv":[5.0,8.625,4.0,9.125],"tintindex":0,"rotation":0,"texture":"#1"}}},{"from":[2.87036,12.97901,5.9982095],"to":[13.07036,19.17901,11.19821],"faces":{"east":{"uv":[1.0,2.0,1.625,2.75],"tintindex":0,"rotation":0,"texture":"#1"},"south":{"uv":[7.0,4.75,8.25,5.5],"tintindex":0,"rotation":0,"texture":"#1"},"north":{"uv":[7.0,4.0,8.25,4.75],"tintindex":0,"rotation":0,"texture":"#1"},"west":{"uv":[1.0,2.75,1.625,3.5],"tintindex":0,"rotation":0,"texture":"#1"},"up":{"uv":[9.0,2.875,7.75,2.25],"tintindex":0,"rotation":0,"texture":"#1"},"down":{"uv":[9.0,2.875,7.75,3.5],"tintindex":0,"rotation":0,"texture":"#1"}}},{"from":[6.97036,6.07901,6.0982094],"to":[8.97036,8.07901,9.79821],"faces":{"east":{"uv":[9.25,6.375,9.75,6.625],"tintindex":0,"rotation":0,"texture":"#1"},"south":{"uv":[6.375,11.75,6.625,12.0],"tintindex":0,"rotation":0,"texture":"#1"},"north":{"uv":[8.75,8.125,9.0,8.375],"tintindex":0,"rotation":0,"texture":"#1"},"west":{"uv":[10.75,6.625,11.25,6.875],"tintindex":0,"rotation":0,"texture":"#1"},"up":{"uv":[2.75,4.0,2.5,3.5],"tintindex":0,"rotation":0,"texture":"#1"},"down":{"uv":[7.875,11.375,7.625,11.875],"tintindex":0,"rotation":0,"texture":"#1"}}},{"from":[3.7243395,7.92901,5.9482093],"to":[12.02434,9.22901,10.248209],"faces":{"east":{"uv":[12.75,2.25,13.25,2.375],"tintindex":0,"rotation":0,"texture":"#1"},"south":{"uv":[12.25,3.75,13.25,3.875],"tintindex":0,"rotation":0,"texture":"#1"},"north":{"uv":[12.125,10.625,13.125,10.75],"tintindex":0,"rotation":0,"texture":"#1"},"west":{"uv":[12.75,7.25,13.25,7.375],"tintindex":0,"rotation":0,"texture":"#1"},"up":{"uv":[2.0,8.0,1.0,7.5],"tintindex":0,"rotation":0,"texture":"#1"},"down":{"uv":[3.0,8.625,2.0,9.125],"tintindex":0,"rotation":0,"texture":"#1"}}},{"from":[11.87434,8.07901,6.0982094],"to":[12.87434,11.07901,10.098209],"faces":{"east":{"uv":[8.25,6.625,8.75,7.0],"tintindex":0,"rotation":0,"texture":"#1"},"south":{"uv":[12.625,12.875,12.75,13.25],"tintindex":0,"rotation":0,"texture":"#1"},"north":{"uv":[4.375,9.875,4.5,10.25],"tintindex":0,"rotation":0,"texture":"#1"},"west":{"uv":[4.5,9.125,5.0,9.5],"tintindex":0,"rotation":0,"texture":"#1"},"up":{"uv":[10.125,13.25,10.0,12.75],"tintindex":0,"rotation":0,"texture":"#1"},"down":{"uv":[10.25,12.75,10.125,13.25],"tintindex":0,"rotation":0,"texture":"#1"}}}],"display":{"head":{"rotation":[0.0,0.0,0.0]},"firstperson_righthand":{"rotation":[0.0,0.0,0.0]},"thirdperson_lefthand":{"rotation":[0.0,-0.0,-0.0]},"firstperson_lefthand":{"rotation":[0.0,-0.0,-0.0]},"fixed":{"rotation":[0.0,0.0,0.0]},"ground":{"rotation":[0.0,0.0,0.0]},"thirdperson_righthand":{"rotation":[0.0,0.0,0.0]},"gui":{"rotation":[-150.0,-45.0,180.0]}}}