{"textures":{"1":"modelengine:entity/em_pirate_a3","particle":"#1"},"elements":[{"from":[6.97036,6.07901,6.0982094],"to":[8.97036,8.07901,9.79821],"faces":{"east":{"uv":[12.375,2.375,12.875,2.625],"tintindex":0,"rotation":0,"texture":"#1"},"south":{"uv":[12.875,2.375,13.125,2.625],"tintindex":0,"rotation":0,"texture":"#1"},"north":{"uv":[12.875,0.75,13.125,1.0],"tintindex":0,"rotation":0,"texture":"#1"},"west":{"uv":[2.75,12.375,3.25,12.625],"tintindex":0,"rotation":0,"texture":"#1"},"up":{"uv":[3.5,12.875,3.25,12.375],"tintindex":0,"rotation":0,"texture":"#1"},"down":{"uv":[3.75,12.375,3.5,12.875],"tintindex":0,"rotation":0,"texture":"#1"}}},{"from":[11.87434,8.07901,6.0982094],"to":[12.87434,11.07901,10.098209],"faces":{"east":{"uv":[11.5,0.5,12.0,0.875],"tintindex":0,"rotation":0,"texture":"#1"},"south":{"uv":[12.875,13.0,13.0,13.375],"tintindex":0,"rotation":0,"texture":"#1"},"north":{"uv":[12.75,13.0,12.875,13.375],"tintindex":0,"rotation":0,"texture":"#1"},"west":{"uv":[11.5,0.875,12.0,1.25],"tintindex":0,"rotation":0,"texture":"#1"},"up":{"uv":[4.25,13.375,4.125,12.875],"tintindex":0,"rotation":0,"texture":"#1"},"down":{"uv":[4.375,12.875,4.25,13.375],"tintindex":0,"rotation":0,"texture":"#1"}}},{"from":[3.7243395,7.92901,5.9482093],"to":[12.02434,9.22901,10.248209],"faces":{"east":{"uv":[3.25,12.875,3.75,13.0],"tintindex":0,"rotation":0,"texture":"#1"},"south":{"uv":[12.375,2.625,13.375,2.75],"tintindex":0,"rotation":0,"texture":"#1"},"north":{"uv":[12.25,9.75,13.25,9.875],"tintindex":0,"rotation":0,"texture":"#1"},"west":{"uv":[12.875,3.25,13.375,3.375],"tintindex":0,"rotation":0,"texture":"#1"},"up":{"uv":[10.0,1.0,9.0,0.5],"tintindex":0,"rotation":0,"texture":"#1"},"down":{"uv":[10.0,1.0,9.0,1.5],"tintindex":0,"rotation":0,"texture":"#1"}}},{"from":[2.87036,12.97901,5.9982095],"to":[13.07036,19.17901,11.19821],"faces":{"east":{"uv":[3.25,9.125,3.875,9.875],"tintindex":0,"rotation":0,"texture":"#1"},"south":{"uv":[7.0,6.25,8.25,7.0],"tintindex":0,"rotation":0,"texture":"#1"},"north":{"uv":[6.25,7.0,7.5,7.75],"tintindex":0,"rotation":0,"texture":"#1"},"west":{"uv":[3.875,9.125,4.5,9.875],"tintindex":0,"rotation":0,"texture":"#1"},"up":{"uv":[8.75,8.375,7.5,7.75],"tintindex":0,"rotation":0,"texture":"#1"},"down":{"uv":[1.25,8.0,0.0,8.625],"tintindex":0,"rotation":0,"texture":"#1"}}},{"from":[6.87434,7.32901,5.3482094],"to":[8.87434,9.32901,5.8482094],"faces":{"east":{"uv":[10.5,8.625,10.625,8.875],"tintindex":0,"rotation":0,"texture":"#1"},"south":{"uv":[12.875,3.0,13.125,3.25],"tintindex":0,"rotation":0,"texture":"#1"},"north":{"uv":[2.625,12.875,2.875,13.125],"tintindex":0,"rotation":0,"texture":"#1"},"west":{"uv":[11.75,9.375,11.875,9.625],"tintindex":0,"rotation":0,"texture":"#1"},"up":{"uv":[4.0,12.0,3.75,11.875],"tintindex":0,"rotation":0,"texture":"#1"},"down":{"uv":[12.125,4.0,11.875,4.125],"tintindex":0,"rotation":0,"texture":"#1"}}},{"from":[3.9703598,8.07901,6.0982094],"to":[11.97036,13.07901,10.098209],"faces":{"east":{"uv":[10.5,1.25,11.0,1.875],"tintindex":0,"rotation":0,"texture":"#1"},"south":{"uv":[6.0,8.375,7.0,9.0],"tintindex":0,"rotation":0,"texture":"#1"},"north":{"uv":[5.0,8.375,6.0,9.0],"tintindex":0,"rotation":0,"texture":"#1"},"west":{"uv":[10.5,1.875,11.0,2.5],"tintindex":0,"rotation":0,"texture":"#1"},"up":{"uv":[10.0,2.0,9.0,1.5],"tintindex":0,"rotation":0,"texture":"#1"},"down":{"uv":[10.0,2.0,9.0,2.5],"tintindex":0,"rotation":0,"texture":"#1"}}}],"display":{"head":{"rotation":[0.0,0.0,0.0]},"firstperson_righthand":{"rotation":[0.0,0.0,0.0]},"thirdperson_lefthand":{"rotation":[0.0,-0.0,-0.0]},"firstperson_lefthand":{"rotation":[0.0,-0.0,-0.0]},"fixed":{"rotation":[0.0,0.0,0.0]},"ground":{"rotation":[0.0,0.0,0.0]},"thirdperson_righthand":{"rotation":[0.0,0.0,0.0]},"gui":{"rotation":[-150.0,-45.0,180.0]}}}