{"textures":{"0":"modelengine:entity/em_pirate_a4","particle":"#0"},"elements":[{"from":[6.87434,7.32901,5.348213],"to":[8.87434,9.32901,5.848213],"faces":{"east":{"uv":[6.75,8.3125,6.8125,8.4375],"tintindex":0,"rotation":0,"texture":"#0"},"south":{"uv":[4.3125,8.125,4.4375,8.25],"tintindex":0,"rotation":0,"texture":"#0"},"north":{"uv":[8.125,4.25,8.25,4.375],"tintindex":0,"rotation":0,"texture":"#0"},"west":{"uv":[6.875,8.3125,6.9375,8.4375],"tintindex":0,"rotation":0,"texture":"#0"},"up":{"uv":[7.125,8.375,7.0,8.3125],"tintindex":0,"rotation":0,"texture":"#0"},"down":{"uv":[7.875,8.3125,7.75,8.375],"tintindex":0,"rotation":0,"texture":"#0"}}},{"from":[6.97036,6.07901,6.098213],"to":[8.97036,8.07901,9.79821],"faces":{"east":{"uv":[3.8125,7.625,4.0625,7.75],"tintindex":0,"rotation":0,"texture":"#0"},"south":{"uv":[4.125,8.125,4.25,8.25],"tintindex":0,"rotation":0,"texture":"#0"},"north":{"uv":[3.625,8.125,3.75,8.25],"tintindex":0,"rotation":0,"texture":"#0"},"west":{"uv":[4.4375,7.625,4.6875,7.75],"tintindex":0,"rotation":0,"texture":"#0"},"up":{"uv":[4.875,7.875,4.75,7.625],"tintindex":0,"rotation":0,"texture":"#0"},"down":{"uv":[5.3125,7.625,5.1875,7.875],"tintindex":0,"rotation":0,"texture":"#0"}}},{"from":[3.9703598,8.07901,6.098213],"to":[11.97036,13.07901,10.098213],"faces":{"east":{"uv":[6.4375,5.375,6.6875,5.6875],"tintindex":0,"rotation":0,"texture":"#0"},"south":{"uv":[0.0,4.875,0.5,5.1875],"tintindex":0,"rotation":0,"texture":"#0"},"north":{"uv":[4.75,4.8125,5.25,5.125],"tintindex":0,"rotation":0,"texture":"#0"},"west":{"uv":[6.5,0.375,6.75,0.6875],"tintindex":0,"rotation":0,"texture":"#0"},"up":{"uv":[4.9375,5.4375,4.4375,5.1875],"tintindex":0,"rotation":0,"texture":"#0"},"down":{"uv":[5.5,5.1875,5.0,5.4375],"tintindex":0,"rotation":0,"texture":"#0"}}},{"from":[2.87036,12.97901,5.9982133],"to":[13.07036,19.17901,11.198214],"faces":{"east":{"uv":[5.0625,5.5,5.375,5.875],"tintindex":0,"rotation":0,"texture":"#0"},"south":{"uv":[4.3125,0.875,4.9375,1.25],"tintindex":0,"rotation":0,"texture":"#0"},"north":{"uv":[4.3125,0.4375,4.9375,0.8125],"tintindex":0,"rotation":0,"texture":"#0"},"west":{"uv":[5.4375,5.5,5.75,5.875],"tintindex":0,"rotation":0,"texture":"#0"},"up":{"uv":[4.6875,4.875,4.0625,4.5625],"tintindex":0,"rotation":0,"texture":"#0"},"down":{"uv":[5.25,2.5625,4.625,2.875],"tintindex":0,"rotation":0,"texture":"#0"}}},{"from":[11.87434,8.07901,6.098213],"to":[12.87434,11.07901,10.098213],"faces":{"east":{"uv":[2.5,7.3125,2.75,7.5],"tintindex":0,"rotation":0,"texture":"#0"},"south":{"uv":[7.3125,8.1875,7.375,8.375],"tintindex":0,"rotation":0,"texture":"#0"},"north":{"uv":[4.625,8.1875,4.6875,8.375],"tintindex":0,"rotation":0,"texture":"#0"},"west":{"uv":[7.3125,2.5,7.5625,2.6875],"tintindex":0,"rotation":0,"texture":"#0"},"up":{"uv":[5.1875,8.375,5.125,8.125],"tintindex":0,"rotation":0,"texture":"#0"},"down":{"uv":[5.3125,8.125,5.25,8.375],"tintindex":0,"rotation":0,"texture":"#0"}}},{"from":[3.7243395,7.92901,5.948213],"to":[12.02434,9.22901,10.248213],"faces":{"east":{"uv":[8.125,2.5,8.375,2.5625],"tintindex":0,"rotation":0,"texture":"#0"},"south":{"uv":[7.625,5.0,8.125,5.0625],"tintindex":0,"rotation":0,"texture":"#0"},"north":{"uv":[7.625,4.125,8.125,4.1875],"tintindex":0,"rotation":0,"texture":"#0"},"west":{"uv":[8.125,4.4375,8.375,4.5],"tintindex":0,"rotation":0,"texture":"#0"},"up":{"uv":[5.6875,2.4375,5.1875,2.1875],"tintindex":0,"rotation":0,"texture":"#0"},"down":{"uv":[2.75,5.1875,2.25,5.4375],"tintindex":0,"rotation":0,"texture":"#0"}}}],"display":{"head":{"rotation":[0.0,0.0,0.0]},"firstperson_righthand":{"rotation":[0.0,0.0,0.0]},"thirdperson_lefthand":{"rotation":[0.0,-0.0,-0.0]},"firstperson_lefthand":{"rotation":[0.0,-0.0,-0.0]},"fixed":{"rotation":[0.0,0.0,0.0]},"ground":{"rotation":[0.0,0.0,0.0]},"thirdperson_righthand":{"rotation":[0.0,0.0,0.0]},"gui":{"rotation":[-150.0,-45.0,180.0]}}}