{"textures":{"0":"modelengine:entity/em_pirate_a4","particle":"#0"},"elements":[{"from":[3.9703598,8.07901,6.098213],"to":[11.97036,13.07901,10.098213],"faces":{"east":{"uv":[1.125,1.875,1.375,2.1875],"tintindex":0,"rotation":0,"texture":"#0"},"south":{"uv":[2.75,4.5,3.25,4.8125],"tintindex":0,"rotation":0,"texture":"#0"},"north":{"uv":[0.5625,4.125,1.0625,4.4375],"tintindex":0,"rotation":0,"texture":"#0"},"west":{"uv":[1.125,6.0625,1.375,6.375],"tintindex":0,"rotation":0,"texture":"#0"},"up":{"uv":[4.375,5.1875,3.875,4.9375],"tintindex":0,"rotation":0,"texture":"#0"},"down":{"uv":[5.5,0.0,5.0,0.25],"tintindex":0,"rotation":0,"texture":"#0"}}},{"from":[2.87036,12.97901,5.9982133],"to":[13.07036,19.17901,11.198214],"faces":{"east":{"uv":[0.5625,1.125,0.875,1.5],"tintindex":0,"rotation":0,"texture":"#0"},"south":{"uv":[3.9375,3.25,4.5625,3.625],"tintindex":0,"rotation":0,"texture":"#0"},"north":{"uv":[3.9375,2.8125,4.5625,3.1875],"tintindex":0,"rotation":0,"texture":"#0"},"west":{"uv":[3.9375,5.25,4.25,5.625],"tintindex":0,"rotation":0,"texture":"#0"},"up":{"uv":[4.0,4.6875,3.375,4.375],"tintindex":0,"rotation":0,"texture":"#0"},"down":{"uv":[0.625,4.5,0.0,4.8125],"tintindex":0,"rotation":0,"texture":"#0"}}},{"from":[6.97036,6.07901,6.098213],"to":[8.97036,8.07901,9.79821],"faces":{"east":{"uv":[7.5,1.6875,7.75,1.8125],"tintindex":0,"rotation":0,"texture":"#0"},"south":{"uv":[5.875,1.75,6.0,1.875],"tintindex":0,"rotation":0,"texture":"#0"},"north":{"uv":[3.875,4.75,4.0,4.875],"tintindex":0,"rotation":0,"texture":"#0"},"west":{"uv":[3.3125,7.5,3.5625,7.625],"tintindex":0,"rotation":0,"texture":"#0"},"up":{"uv":[1.5625,6.3125,1.4375,6.0625],"tintindex":0,"rotation":0,"texture":"#0"},"down":{"uv":[2.9375,7.5,2.8125,7.75],"tintindex":0,"rotation":0,"texture":"#0"}}},{"from":[3.8743396,7.07901,10.098213],"to":[6.87434,11.07901,11.098213],"faces":{"east":{"uv":[3.875,7.0,3.9375,7.25],"tintindex":0,"rotation":0,"texture":"#0"},"south":{"uv":[6.8125,3.25,7.0,3.5],"tintindex":0,"rotation":0,"texture":"#0"},"north":{"uv":[3.125,6.8125,3.3125,7.0625],"tintindex":0,"rotation":0,"texture":"#0"},"west":{"uv":[6.5625,7.875,6.625,8.125],"tintindex":0,"rotation":0,"texture":"#0"},"up":{"uv":[5.9375,2.4375,5.75,2.375],"tintindex":0,"rotation":0,"texture":"#0"},"down":{"uv":[3.0625,6.3125,2.875,6.375],"tintindex":0,"rotation":0,"texture":"#0"}}},{"from":[11.87434,8.07901,6.098213],"to":[12.87434,11.07901,10.098213],"faces":{"east":{"uv":[2.8125,4.875,3.0625,5.0625],"tintindex":0,"rotation":0,"texture":"#0"},"south":{"uv":[4.5,2.5625,4.5625,2.75],"tintindex":0,"rotation":0,"texture":"#0"},"north":{"uv":[3.9375,3.6875,4.0,3.875],"tintindex":0,"rotation":0,"texture":"#0"},"west":{"uv":[4.4375,4.9375,4.6875,5.125],"tintindex":0,"rotation":0,"texture":"#0"},"up":{"uv":[6.75,8.125,6.6875,7.875],"tintindex":0,"rotation":0,"texture":"#0"},"down":{"uv":[6.875,7.875,6.8125,8.125],"tintindex":0,"rotation":0,"texture":"#0"}}},{"from":[3.7243395,7.92901,5.948213],"to":[12.02434,9.22901,10.248213],"faces":{"east":{"uv":[7.8125,7.5,8.0625,7.5625],"tintindex":0,"rotation":0,"texture":"#0"},"south":{"uv":[4.4375,7.5,4.9375,7.5625],"tintindex":0,"rotation":0,"texture":"#0"},"north":{"uv":[7.375,0.5,7.875,0.5625],"tintindex":0,"rotation":0,"texture":"#0"},"west":{"uv":[6.25,7.875,6.5,7.9375],"tintindex":0,"rotation":0,"texture":"#0"},"up":{"uv":[2.1875,5.125,1.6875,4.875],"tintindex":0,"rotation":0,"texture":"#0"},"down":{"uv":[2.75,4.875,2.25,5.125],"tintindex":0,"rotation":0,"texture":"#0"}}},{"from":[6.87434,7.32901,5.348213],"to":[8.87434,9.32901,5.848213],"faces":{"east":{"uv":[6.5,5.75,6.5625,5.875],"tintindex":0,"rotation":0,"texture":"#0"},"south":{"uv":[7.0,6.75,7.125,6.875],"tintindex":0,"rotation":0,"texture":"#0"},"north":{"uv":[1.0625,6.8125,1.1875,6.9375],"tintindex":0,"rotation":0,"texture":"#0"},"west":{"uv":[2.25,6.75,2.3125,6.875],"tintindex":0,"rotation":0,"texture":"#0"},"up":{"uv":[3.3125,5.5,3.1875,5.4375],"tintindex":0,"rotation":0,"texture":"#0"},"down":{"uv":[1.0625,6.3125,0.9375,6.375],"tintindex":0,"rotation":0,"texture":"#0"}}}],"display":{"head":{"rotation":[0.0,0.0,0.0]},"firstperson_righthand":{"rotation":[0.0,0.0,0.0]},"thirdperson_lefthand":{"rotation":[0.0,-0.0,-0.0]},"firstperson_lefthand":{"rotation":[0.0,-0.0,-0.0]},"fixed":{"rotation":[0.0,0.0,0.0]},"ground":{"rotation":[0.0,0.0,0.0]},"thirdperson_righthand":{"rotation":[0.0,0.0,0.0]},"gui":{"rotation":[-150.0,-45.0,180.0]}}}