{"textures":{"0":"modelengine:entity/em_pirate_a4","particle":"#0"},"elements":[{"from":[2.87036,12.97901,5.9982133],"to":[13.07036,19.17901,11.198214],"faces":{"east":{"uv":[0.0,5.5625,0.3125,5.9375],"tintindex":0,"rotation":0,"texture":"#0"},"south":{"uv":[4.3125,1.75,4.9375,2.125],"tintindex":0,"rotation":0,"texture":"#0"},"north":{"uv":[4.3125,1.3125,4.9375,1.6875],"tintindex":0,"rotation":0,"texture":"#0"},"west":{"uv":[5.5625,0.0,5.875,0.375],"tintindex":0,"rotation":0,"texture":"#0"},"up":{"uv":[5.25,3.25,4.625,2.9375],"tintindex":0,"rotation":0,"texture":"#0"},"down":{"uv":[5.25,3.3125,4.625,3.625],"tintindex":0,"rotation":0,"texture":"#0"}}},{"from":[3.9703598,8.07901,6.098213],"to":[11.97036,13.07901,10.098213],"faces":{"east":{"uv":[6.5,0.75,6.75,1.0625],"tintindex":0,"rotation":0,"texture":"#0"},"south":{"uv":[1.125,4.875,1.625,5.1875],"tintindex":0,"rotation":0,"texture":"#0"},"north":{"uv":[0.5625,4.875,1.0625,5.1875],"tintindex":0,"rotation":0,"texture":"#0"},"west":{"uv":[6.5,1.125,6.75,1.4375],"tintindex":0,"rotation":0,"texture":"#0"},"up":{"uv":[1.625,5.5,1.125,5.25],"tintindex":0,"rotation":0,"texture":"#0"},"down":{"uv":[3.875,5.25,3.375,5.5],"tintindex":0,"rotation":0,"texture":"#0"}}},{"from":[3.7243395,7.92901,5.948213],"to":[12.02434,9.22901,10.248213],"faces":{"east":{"uv":[8.125,6.375,8.375,6.4375],"tintindex":0,"rotation":0,"texture":"#0"},"south":{"uv":[7.625,7.625,8.125,7.6875],"tintindex":0,"rotation":0,"texture":"#0"},"north":{"uv":[7.625,5.125,8.125,5.1875],"tintindex":0,"rotation":0,"texture":"#0"},"west":{"uv":[8.125,7.5,8.375,7.5625],"tintindex":0,"rotation":0,"texture":"#0"},"up":{"uv":[0.5,5.5,0.0,5.25],"tintindex":0,"rotation":0,"texture":"#0"},"down":{"uv":[1.0625,5.25,0.5625,5.5],"tintindex":0,"rotation":0,"texture":"#0"}}},{"from":[3.8743396,7.07901,10.098213],"to":[6.87434,11.07901,11.098213],"faces":{"east":{"uv":[2.375,8.1875,2.4375,8.4375],"tintindex":0,"rotation":0,"texture":"#0"},"south":{"uv":[3.875,7.3125,4.0625,7.5625],"tintindex":0,"rotation":0,"texture":"#0"},"north":{"uv":[3.625,7.3125,3.8125,7.5625],"tintindex":0,"rotation":0,"texture":"#0"},"west":{"uv":[2.5,8.1875,2.5625,8.4375],"tintindex":0,"rotation":0,"texture":"#0"},"up":{"uv":[8.4375,6.9375,8.25,6.875],"tintindex":0,"rotation":0,"texture":"#0"},"down":{"uv":[8.4375,7.0,8.25,7.0625],"tintindex":0,"rotation":0,"texture":"#0"}}},{"from":[11.87434,8.07901,6.098213],"to":[12.87434,11.07901,10.098213],"faces":{"east":{"uv":[7.3125,4.0,7.5625,4.1875],"tintindex":0,"rotation":0,"texture":"#0"},"south":{"uv":[1.9375,8.25,2.0,8.4375],"tintindex":0,"rotation":0,"texture":"#0"},"north":{"uv":[0.875,8.25,0.9375,8.4375],"tintindex":0,"rotation":0,"texture":"#0"},"west":{"uv":[4.125,7.3125,4.375,7.5],"tintindex":0,"rotation":0,"texture":"#0"},"up":{"uv":[2.6875,8.4375,2.625,8.1875],"tintindex":0,"rotation":0,"texture":"#0"},"down":{"uv":[2.8125,8.1875,2.75,8.4375],"tintindex":0,"rotation":0,"texture":"#0"}}},{"from":[6.97036,6.07901,6.098213],"to":[8.97036,8.07901,9.79821],"faces":{"east":{"uv":[5.375,7.625,5.625,7.75],"tintindex":0,"rotation":0,"texture":"#0"},"south":{"uv":[8.125,8.0,8.25,8.125],"tintindex":0,"rotation":0,"texture":"#0"},"north":{"uv":[8.125,5.25,8.25,5.375],"tintindex":0,"rotation":0,"texture":"#0"},"west":{"uv":[7.125,7.625,7.375,7.75],"tintindex":0,"rotation":0,"texture":"#0"},"up":{"uv":[7.75,7.5625,7.625,7.3125],"tintindex":0,"rotation":0,"texture":"#0"},"down":{"uv":[7.5625,7.625,7.4375,7.875],"tintindex":0,"rotation":0,"texture":"#0"}}}],"display":{"head":{"rotation":[0.0,0.0,0.0]},"firstperson_righthand":{"rotation":[0.0,0.0,0.0]},"thirdperson_lefthand":{"rotation":[0.0,-0.0,-0.0]},"firstperson_lefthand":{"rotation":[0.0,-0.0,-0.0]},"fixed":{"rotation":[0.0,0.0,0.0]},"ground":{"rotation":[0.0,0.0,0.0]},"thirdperson_righthand":{"rotation":[0.0,0.0,0.0]},"gui":{"rotation":[-150.0,-45.0,180.0]}}}