{"textures":{"2":"modelengine:entity/em_pirate_a1","particle":"#2"},"elements":[{"from":[6.97036,6.07901,6.09821],"to":[8.97036,8.07901,9.79821],"faces":{"east":{"uv":[7.625,7.875,7.875,8.0],"tintindex":0,"rotation":0,"texture":"#2"},"south":{"uv":[0.875,8.5625,1.0,8.6875],"tintindex":0,"rotation":0,"texture":"#2"},"north":{"uv":[0.6875,8.5625,0.8125,8.6875],"tintindex":0,"rotation":0,"texture":"#2"},"west":{"uv":[0.8125,7.9375,1.0625,8.0625],"tintindex":0,"rotation":0,"texture":"#2"},"up":{"uv":[0.125,8.1875,0.0,7.9375],"tintindex":0,"rotation":0,"texture":"#2"},"down":{"uv":[1.25,7.9375,1.125,8.1875],"tintindex":0,"rotation":0,"texture":"#2"}}},{"from":[2.87036,12.97901,5.99821],"to":[13.07036,19.17901,11.19821],"faces":{"east":{"uv":[5.75,0.0,6.0625,0.375],"tintindex":0,"rotation":0,"texture":"#2"},"south":{"uv":[4.5,2.625,5.125,3.0],"tintindex":0,"rotation":0,"texture":"#2"},"north":{"uv":[2.5,4.5,3.125,4.875],"tintindex":0,"rotation":0,"texture":"#2"},"west":{"uv":[5.75,0.4375,6.0625,0.8125],"tintindex":0,"rotation":0,"texture":"#2"},"up":{"uv":[0.625,5.1875,0.0,4.875],"tintindex":0,"rotation":0,"texture":"#2"},"down":{"uv":[3.8125,4.875,3.1875,5.1875],"tintindex":0,"rotation":0,"texture":"#2"}}},{"from":[11.87434,8.07901,6.09821],"to":[12.87434,11.07901,10.098209],"faces":{"east":{"uv":[7.4375,5.9375,7.6875,6.125],"tintindex":0,"rotation":0,"texture":"#2"},"south":{"uv":[4.1875,8.625,4.25,8.8125],"tintindex":0,"rotation":0,"texture":"#2"},"north":{"uv":[8.0,8.5625,8.0625,8.75],"tintindex":0,"rotation":0,"texture":"#2"},"west":{"uv":[6.5625,7.4375,6.8125,7.625],"tintindex":0,"rotation":0,"texture":"#2"},"up":{"uv":[1.375,8.8125,1.3125,8.5625],"tintindex":0,"rotation":0,"texture":"#2"},"down":{"uv":[1.5,8.5625,1.4375,8.8125],"tintindex":0,"rotation":0,"texture":"#2"}}},{"from":[3.7243395,7.92901,5.94821],"to":[12.02434,9.22901,10.248209],"faces":{"east":{"uv":[8.5,4.3125,8.75,4.375],"tintindex":0,"rotation":0,"texture":"#2"},"south":{"uv":[7.9375,1.0625,8.4375,1.125],"tintindex":0,"rotation":0,"texture":"#2"},"north":{"uv":[7.875,7.1875,8.375,7.25],"tintindex":0,"rotation":0,"texture":"#2"},"west":{"uv":[8.5,5.25,8.75,5.3125],"tintindex":0,"rotation":0,"texture":"#2"},"up":{"uv":[2.875,5.5625,2.375,5.3125],"tintindex":0,"rotation":0,"texture":"#2"},"down":{"uv":[4.5625,5.3125,4.0625,5.5625],"tintindex":0,"rotation":0,"texture":"#2"}}},{"from":[3.9703598,8.07901,6.09821],"to":[11.97036,13.07901,10.098209],"faces":{"east":{"uv":[6.5625,5.25,6.8125,5.5625],"tintindex":0,"rotation":0,"texture":"#2"},"south":{"uv":[5.1875,0.75,5.6875,1.0625],"tintindex":0,"rotation":0,"texture":"#2"},"north":{"uv":[5.1875,0.375,5.6875,0.6875],"tintindex":0,"rotation":0,"texture":"#2"},"west":{"uv":[6.5625,5.625,6.8125,5.9375],"tintindex":0,"rotation":0,"texture":"#2"},"up":{"uv":[5.125,5.5625,4.625,5.3125],"tintindex":0,"rotation":0,"texture":"#2"},"down":{"uv":[5.6875,5.3125,5.1875,5.5625],"tintindex":0,"rotation":0,"texture":"#2"}}}],"display":{"head":{"rotation":[0.0,0.0,0.0]},"firstperson_righthand":{"rotation":[0.0,0.0,0.0]},"thirdperson_lefthand":{"rotation":[0.0,-0.0,-0.0]},"firstperson_lefthand":{"rotation":[0.0,-0.0,-0.0]},"fixed":{"rotation":[0.0,0.0,0.0]},"ground":{"rotation":[0.0,0.0,0.0]},"thirdperson_righthand":{"rotation":[0.0,0.0,0.0]},"gui":{"rotation":[-150.0,-45.0,180.0]}}}