{"textures":{"2":"modelengine:entity/em_pirate_a1","particle":"#2"},"elements":[{"from":[3.9703598,8.07901,6.09821],"to":[11.97036,13.07901,10.098209],"faces":{"east":{"uv":[1.5625,6.5,1.8125,6.8125],"tintindex":0,"rotation":0,"texture":"#2"},"south":{"uv":[4.4375,4.9375,4.9375,5.25],"tintindex":0,"rotation":0,"texture":"#2"},"north":{"uv":[2.375,4.9375,2.875,5.25],"tintindex":0,"rotation":0,"texture":"#2"},"west":{"uv":[1.875,6.5,2.125,6.8125],"tintindex":0,"rotation":0,"texture":"#2"},"up":{"uv":[5.6875,3.25,5.1875,3.0],"tintindex":0,"rotation":0,"texture":"#2"},"down":{"uv":[5.6875,3.3125,5.1875,3.5625],"tintindex":0,"rotation":0,"texture":"#2"}}},{"from":[11.87434,8.07901,6.09821],"to":[12.87434,11.07901,10.098209],"faces":{"east":{"uv":[0.0,7.4375,0.25,7.625],"tintindex":0,"rotation":0,"texture":"#2"},"south":{"uv":[0.1875,6.875,0.25,7.0625],"tintindex":0,"rotation":0,"texture":"#2"},"north":{"uv":[6.125,6.375,6.1875,6.5625],"tintindex":0,"rotation":0,"texture":"#2"},"west":{"uv":[7.4375,0.0,7.6875,0.1875],"tintindex":0,"rotation":0,"texture":"#2"},"up":{"uv":[8.5625,1.625,8.5,1.375],"tintindex":0,"rotation":0,"texture":"#2"},"down":{"uv":[1.75,8.5,1.6875,8.75],"tintindex":0,"rotation":0,"texture":"#2"}}},{"from":[6.97036,6.07901,6.09821],"to":[8.97036,8.07901,9.79821],"faces":{"east":{"uv":[7.875,3.8125,8.125,3.9375],"tintindex":0,"rotation":0,"texture":"#2"},"south":{"uv":[8.5,0.5,8.625,0.625],"tintindex":0,"rotation":0,"texture":"#2"},"north":{"uv":[8.5,0.3125,8.625,0.4375],"tintindex":0,"rotation":0,"texture":"#2"},"west":{"uv":[4.0625,7.875,4.3125,8.0],"tintindex":0,"rotation":0,"texture":"#2"},"up":{"uv":[4.5,8.125,4.375,7.875],"tintindex":0,"rotation":0,"texture":"#2"},"down":{"uv":[4.6875,7.875,4.5625,8.125],"tintindex":0,"rotation":0,"texture":"#2"}}},{"from":[6.87434,7.32901,5.34821],"to":[8.87434,9.32901,5.84821],"faces":{"east":{"uv":[1.6875,8.8125,1.75,8.9375],"tintindex":0,"rotation":0,"texture":"#2"},"south":{"uv":[8.5,1.1875,8.625,1.3125],"tintindex":0,"rotation":0,"texture":"#2"},"north":{"uv":[8.5,1.0,8.625,1.125],"tintindex":0,"rotation":0,"texture":"#2"},"west":{"uv":[8.8125,1.8125,8.875,1.9375],"tintindex":0,"rotation":0,"texture":"#2"},"up":{"uv":[8.875,7.5625,8.75,7.5],"tintindex":0,"rotation":0,"texture":"#2"},"down":{"uv":[8.875,8.5625,8.75,8.625],"tintindex":0,"rotation":0,"texture":"#2"}}},{"from":[2.87036,12.97901,5.99821],"to":[13.07036,19.17901,11.19821],"faces":{"east":{"uv":[2.4375,5.625,2.75,6.0],"tintindex":0,"rotation":0,"texture":"#2"},"south":{"uv":[4.5,0.875,5.125,1.25],"tintindex":0,"rotation":0,"texture":"#2"},"north":{"uv":[4.5,0.4375,5.125,0.8125],"tintindex":0,"rotation":0,"texture":"#2"},"west":{"uv":[4.0625,5.625,4.375,6.0],"tintindex":0,"rotation":0,"texture":"#2"},"up":{"uv":[5.125,3.75,4.5,3.4375],"tintindex":0,"rotation":0,"texture":"#2"},"down":{"uv":[5.125,3.8125,4.5,4.125],"tintindex":0,"rotation":0,"texture":"#2"}}},{"from":[3.7243395,7.92901,5.94821],"to":[12.02434,9.22901,10.248209],"faces":{"east":{"uv":[8.4375,6.125,8.6875,6.1875],"tintindex":0,"rotation":0,"texture":"#2"},"south":{"uv":[7.8125,5.125,8.3125,5.1875],"tintindex":0,"rotation":0,"texture":"#2"},"north":{"uv":[7.75,2.0625,8.25,2.125],"tintindex":0,"rotation":0,"texture":"#2"},"west":{"uv":[8.4375,7.1875,8.6875,7.25],"tintindex":0,"rotation":0,"texture":"#2"},"up":{"uv":[5.6875,2.625,5.1875,2.375],"tintindex":0,"rotation":0,"texture":"#2"},"down":{"uv":[5.6875,2.6875,5.1875,2.9375],"tintindex":0,"rotation":0,"texture":"#2"}}}],"display":{"head":{"rotation":[0.0,0.0,0.0]},"firstperson_righthand":{"rotation":[0.0,0.0,0.0]},"thirdperson_lefthand":{"rotation":[0.0,-0.0,-0.0]},"firstperson_lefthand":{"rotation":[0.0,-0.0,-0.0]},"fixed":{"rotation":[0.0,0.0,0.0]},"ground":{"rotation":[0.0,0.0,0.0]},"thirdperson_righthand":{"rotation":[0.0,0.0,0.0]},"gui":{"rotation":[-150.0,-45.0,180.0]}}}