{"textures":{"2":"modelengine:entity/em_pirate_a1","particle":"#2"},"elements":[{"from":[6.97036,6.07901,6.09821],"to":[8.97036,8.07901,9.79821],"faces":{"east":{"uv":[7.875,6.25,8.125,6.375],"tintindex":0,"rotation":0,"texture":"#2"},"south":{"uv":[4.75,8.5,4.875,8.625],"tintindex":0,"rotation":0,"texture":"#2"},"north":{"uv":[4.0,8.5,4.125,8.625],"tintindex":0,"rotation":0,"texture":"#2"},"west":{"uv":[6.4375,7.875,6.6875,8.0],"tintindex":0,"rotation":0,"texture":"#2"},"up":{"uv":[8.0,6.6875,7.875,6.4375],"tintindex":0,"rotation":0,"texture":"#2"},"down":{"uv":[8.0,6.75,7.875,7.0],"tintindex":0,"rotation":0,"texture":"#2"}}},{"from":[11.87434,8.07901,6.09821],"to":[12.87434,11.07901,10.098209],"faces":{"east":{"uv":[7.4375,3.375,7.6875,3.5625],"tintindex":0,"rotation":0,"texture":"#2"},"south":{"uv":[4.625,8.5625,4.6875,8.75],"tintindex":0,"rotation":0,"texture":"#2"},"north":{"uv":[2.25,8.5625,2.3125,8.75],"tintindex":0,"rotation":0,"texture":"#2"},"west":{"uv":[3.5625,7.4375,3.8125,7.625],"tintindex":0,"rotation":0,"texture":"#2"},"up":{"uv":[0.5,8.8125,0.4375,8.5625],"tintindex":0,"rotation":0,"texture":"#2"},"down":{"uv":[0.625,8.5625,0.5625,8.8125],"tintindex":0,"rotation":0,"texture":"#2"}}},{"from":[3.8743396,7.07901,10.098209],"to":[6.87434,11.07901,11.098209],"faces":{"east":{"uv":[0.1875,8.5625,0.25,8.8125],"tintindex":0,"rotation":0,"texture":"#2"},"south":{"uv":[3.3125,7.4375,3.5,7.6875],"tintindex":0,"rotation":0,"texture":"#2"},"north":{"uv":[7.4375,2.1875,7.625,2.4375],"tintindex":0,"rotation":0,"texture":"#2"},"west":{"uv":[0.3125,8.5625,0.375,8.8125],"tintindex":0,"rotation":0,"texture":"#2"},"up":{"uv":[5.625,8.6875,5.4375,8.625],"tintindex":0,"rotation":0,"texture":"#2"},"down":{"uv":[8.8125,5.5,8.625,5.5625],"tintindex":0,"rotation":0,"texture":"#2"}}},{"from":[2.87036,12.97901,5.99821],"to":[13.07036,19.17901,11.19821],"faces":{"east":{"uv":[5.1875,5.625,5.5,6.0],"tintindex":0,"rotation":0,"texture":"#2"},"south":{"uv":[4.5,2.1875,5.125,2.5625],"tintindex":0,"rotation":0,"texture":"#2"},"north":{"uv":[1.8125,4.5,2.4375,4.875],"tintindex":0,"rotation":0,"texture":"#2"},"west":{"uv":[5.5625,5.625,5.875,6.0],"tintindex":0,"rotation":0,"texture":"#2"},"up":{"uv":[5.1875,4.875,4.5625,4.5625],"tintindex":0,"rotation":0,"texture":"#2"},"down":{"uv":[1.75,4.75,1.125,5.0625],"tintindex":0,"rotation":0,"texture":"#2"}}},{"from":[3.9703598,8.07901,6.09821],"to":[11.97036,13.07901,10.098209],"faces":{"east":{"uv":[6.5625,4.5,6.8125,4.8125],"tintindex":0,"rotation":0,"texture":"#2"},"south":{"uv":[5.1875,0.0,5.6875,0.3125],"tintindex":0,"rotation":0,"texture":"#2"},"north":{"uv":[1.25,5.125,1.75,5.4375],"tintindex":0,"rotation":0,"texture":"#2"},"west":{"uv":[6.5625,4.875,6.8125,5.1875],"tintindex":0,"rotation":0,"texture":"#2"},"up":{"uv":[5.75,4.8125,5.25,4.5625],"tintindex":0,"rotation":0,"texture":"#2"},"down":{"uv":[2.3125,5.3125,1.8125,5.5625],"tintindex":0,"rotation":0,"texture":"#2"}}},{"from":[3.7243395,7.92901,5.94821],"to":[12.02434,9.22901,10.248209],"faces":{"east":{"uv":[8.5,3.0,8.75,3.0625],"tintindex":0,"rotation":0,"texture":"#2"},"south":{"uv":[7.875,7.0625,8.375,7.125],"tintindex":0,"rotation":0,"texture":"#2"},"north":{"uv":[7.0625,7.875,7.5625,7.9375],"tintindex":0,"rotation":0,"texture":"#2"},"west":{"uv":[8.5,3.8125,8.75,3.875],"tintindex":0,"rotation":0,"texture":"#2"},"up":{"uv":[5.75,4.1875,5.25,3.9375],"tintindex":0,"rotation":0,"texture":"#2"},"down":{"uv":[5.75,4.25,5.25,4.5],"tintindex":0,"rotation":0,"texture":"#2"}}},{"from":[6.87434,7.32901,5.34821],"to":[8.87434,9.32901,5.84821],"faces":{"east":{"uv":[8.8125,2.4375,8.875,2.5625],"tintindex":0,"rotation":0,"texture":"#2"},"south":{"uv":[0.0,8.5625,0.125,8.6875],"tintindex":0,"rotation":0,"texture":"#2"},"north":{"uv":[8.5,7.3125,8.625,7.4375],"tintindex":0,"rotation":0,"texture":"#2"},"west":{"uv":[8.8125,2.625,8.875,2.75],"tintindex":0,"rotation":0,"texture":"#2"},"up":{"uv":[8.9375,2.875,8.8125,2.8125],"tintindex":0,"rotation":0,"texture":"#2"},"down":{"uv":[8.9375,2.9375,8.8125,3.0],"tintindex":0,"rotation":0,"texture":"#2"}}}],"display":{"head":{"rotation":[0.0,0.0,0.0]},"firstperson_righthand":{"rotation":[0.0,0.0,0.0]},"thirdperson_lefthand":{"rotation":[0.0,-0.0,-0.0]},"firstperson_lefthand":{"rotation":[0.0,-0.0,-0.0]},"fixed":{"rotation":[0.0,0.0,0.0]},"ground":{"rotation":[0.0,0.0,0.0]},"thirdperson_righthand":{"rotation":[0.0,0.0,0.0]},"gui":{"rotation":[-150.0,-45.0,180.0]}}}