{"textures":{"2":"modelengine:entity/em_pirate_a1","particle":"#2"},"elements":[{"from":[11.87434,8.07901,6.09821],"to":[12.87434,11.07901,10.098209],"faces":{"east":{"uv":[7.4375,1.6875,7.6875,1.875],"tintindex":0,"rotation":0,"texture":"#2"},"south":{"uv":[1.5625,8.5625,1.625,8.75],"tintindex":0,"rotation":0,"texture":"#2"},"north":{"uv":[0.8125,7.4375,0.875,7.625],"tintindex":0,"rotation":0,"texture":"#2"},"west":{"uv":[7.4375,1.9375,7.6875,2.125],"tintindex":0,"rotation":0,"texture":"#2"},"up":{"uv":[8.5625,3.5,8.5,3.25],"tintindex":0,"rotation":0,"texture":"#2"},"down":{"uv":[3.9375,8.5,3.875,8.75],"tintindex":0,"rotation":0,"texture":"#2"}}},{"from":[2.87036,12.97901,5.99821],"to":[13.07036,19.17901,11.19821],"faces":{"east":{"uv":[4.4375,5.625,4.75,6.0],"tintindex":0,"rotation":0,"texture":"#2"},"south":{"uv":[4.5,1.75,5.125,2.125],"tintindex":0,"rotation":0,"texture":"#2"},"north":{"uv":[4.5,1.3125,5.125,1.6875],"tintindex":0,"rotation":0,"texture":"#2"},"west":{"uv":[4.8125,5.625,5.125,6.0],"tintindex":0,"rotation":0,"texture":"#2"},"up":{"uv":[4.5,4.8125,3.875,4.5],"tintindex":0,"rotation":0,"texture":"#2"},"down":{"uv":[5.1875,4.1875,4.5625,4.5],"tintindex":0,"rotation":0,"texture":"#2"}}},{"from":[6.87434,7.32901,5.34821],"to":[8.87434,9.32901,5.84821],"faces":{"east":{"uv":[8.8125,2.0,8.875,2.125],"tintindex":0,"rotation":0,"texture":"#2"},"south":{"uv":[2.375,8.5,2.5,8.625],"tintindex":0,"rotation":0,"texture":"#2"},"north":{"uv":[8.5,1.875,8.625,2.0],"tintindex":0,"rotation":0,"texture":"#2"},"west":{"uv":[2.1875,8.8125,2.25,8.9375],"tintindex":0,"rotation":0,"texture":"#2"},"up":{"uv":[8.9375,2.25,8.8125,2.1875],"tintindex":0,"rotation":0,"texture":"#2"},"down":{"uv":[8.9375,2.3125,8.8125,2.375],"tintindex":0,"rotation":0,"texture":"#2"}}},{"from":[3.9703598,8.07901,6.09821],"to":[11.97036,13.07901,10.098209],"faces":{"east":{"uv":[5.0,6.5,5.25,6.8125],"tintindex":0,"rotation":0,"texture":"#2"},"south":{"uv":[0.6875,5.125,1.1875,5.4375],"tintindex":0,"rotation":0,"texture":"#2"},"north":{"uv":[5.0,4.9375,5.5,5.25],"tintindex":0,"rotation":0,"texture":"#2"},"west":{"uv":[5.3125,6.5,5.5625,6.8125],"tintindex":0,"rotation":0,"texture":"#2"},"up":{"uv":[3.4375,5.5,2.9375,5.25],"tintindex":0,"rotation":0,"texture":"#2"},"down":{"uv":[4.0,5.25,3.5,5.5],"tintindex":0,"rotation":0,"texture":"#2"}}},{"from":[6.97036,6.07901,6.09821],"to":[8.97036,8.07901,9.79821],"faces":{"east":{"uv":[7.875,5.25,8.125,5.375],"tintindex":0,"rotation":0,"texture":"#2"},"south":{"uv":[1.8125,8.5,1.9375,8.625],"tintindex":0,"rotation":0,"texture":"#2"},"north":{"uv":[8.5,1.6875,8.625,1.8125],"tintindex":0,"rotation":0,"texture":"#2"},"west":{"uv":[5.375,7.875,5.625,8.0],"tintindex":0,"rotation":0,"texture":"#2"},"up":{"uv":[8.0,5.6875,7.875,5.4375],"tintindex":0,"rotation":0,"texture":"#2"},"down":{"uv":[5.8125,7.875,5.6875,8.125],"tintindex":0,"rotation":0,"texture":"#2"}}},{"from":[3.7243395,7.92901,5.94821],"to":[12.02434,9.22901,10.248209],"faces":{"east":{"uv":[8.5,2.75,8.75,2.8125],"tintindex":0,"rotation":0,"texture":"#2"},"south":{"uv":[7.875,6.125,8.375,6.1875],"tintindex":0,"rotation":0,"texture":"#2"},"north":{"uv":[5.875,7.875,6.375,7.9375],"tintindex":0,"rotation":0,"texture":"#2"},"west":{"uv":[8.5,2.875,8.75,2.9375],"tintindex":0,"rotation":0,"texture":"#2"},"up":{"uv":[5.6875,3.875,5.1875,3.625],"tintindex":0,"rotation":0,"texture":"#2"},"down":{"uv":[0.5,5.25,0.0,5.5],"tintindex":0,"rotation":0,"texture":"#2"}}}],"display":{"head":{"rotation":[0.0,0.0,0.0]},"firstperson_righthand":{"rotation":[0.0,0.0,0.0]},"thirdperson_lefthand":{"rotation":[0.0,-0.0,-0.0]},"firstperson_lefthand":{"rotation":[0.0,-0.0,-0.0]},"fixed":{"rotation":[0.0,0.0,0.0]},"ground":{"rotation":[0.0,0.0,0.0]},"thirdperson_righthand":{"rotation":[0.0,0.0,0.0]},"gui":{"rotation":[-150.0,-45.0,180.0]}}}