{"textures":{"0":"modelengine:entity/em_pirate_a4","particle":"#0"},"elements":[{"from":[5.9,-0.725,6.2499986],"to":[10.1,0.475,10.449999],"faces":{"east":{"uv":[8.0,1.125,8.25,1.1875],"tintindex":0,"rotation":0,"texture":"#0"},"south":{"uv":[8.0,1.25,8.25,1.3125],"tintindex":0,"rotation":0,"texture":"#0"},"north":{"uv":[1.0,8.0,1.25,8.0625],"tintindex":0,"rotation":0,"texture":"#0"},"west":{"uv":[1.3125,8.0,1.5625,8.0625],"tintindex":0,"rotation":0,"texture":"#0"},"up":{"uv":[6.8125,5.25,6.5625,5.0],"tintindex":0,"rotation":0,"texture":"#0"},"down":{"uv":[6.875,1.5,6.625,1.75],"tintindex":0,"rotation":0,"texture":"#0"}}},{"from":[6.505,-0.89059937,8.033282],"to":[9.495,2.0994005,10.023282],"faces":{"east":{"uv":[3.125,4.875,3.25,5.0625],"tintindex":0,"rotation":0,"texture":"#0"},"south":{"uv":[7.375,2.75,7.5625,2.9375],"tintindex":0,"rotation":0,"texture":"#0"},"north":{"uv":[2.0,7.375,2.1875,7.5625],"tintindex":0,"rotation":0,"texture":"#0"},"west":{"uv":[5.5625,1.9375,5.6875,2.125],"tintindex":0,"rotation":0,"texture":"#0"},"up":{"uv":[3.1875,7.8125,3.0,7.6875],"tintindex":0,"rotation":0,"texture":"#0"},"down":{"uv":[3.4375,7.6875,3.25,7.8125],"tintindex":0,"rotation":0,"texture":"#0"}},"rotation":{"origin":[8.0,1.1044006,8.778282],"angle":22.5,"axis":"x"}},{"from":[6.501,0.376,6.376],"to":[9.499,1.374,9.374],"faces":{"east":{"uv":[8.1875,7.625,8.375,7.6875],"tintindex":0,"rotation":0,"texture":"#0"},"south":{"uv":[7.75,8.1875,7.9375,8.25],"tintindex":0,"rotation":0,"texture":"#0"},"north":{"uv":[7.0625,8.1875,7.25,8.25],"tintindex":0,"rotation":0,"texture":"#0"},"west":{"uv":[8.1875,7.75,8.375,7.8125],"tintindex":0,"rotation":0,"texture":"#0"},"up":{"uv":[1.6875,7.5625,1.5,7.375],"tintindex":0,"rotation":0,"texture":"#0"},"down":{"uv":[1.9375,7.375,1.75,7.5625],"tintindex":0,"rotation":0,"texture":"#0"}}},{"from":[6.0,2.375,6.375],"to":[10.0,9.375,10.375],"faces":{"east":{"uv":[5.5625,0.4375,5.8125,0.875],"tintindex":0,"rotation":0,"texture":"#0"},"south":{"uv":[0.6875,5.5625,0.9375,6.0],"tintindex":0,"rotation":0,"texture":"#0"},"north":{"uv":[0.375,5.5625,0.625,6.0],"tintindex":0,"rotation":0,"texture":"#0"},"west":{"uv":[5.5625,0.9375,5.8125,1.375],"tintindex":0,"rotation":0,"texture":"#0"},"up":{"uv":[0.8125,1.8125,0.5625,1.5625],"tintindex":0,"rotation":0,"texture":"#0"},"down":{"uv":[6.8125,0.0,6.5625,0.25],"tintindex":0,"rotation":0,"texture":"#0"}}},{"from":[6.5,-6.625,5.125],"to":[9.5,-4.625,10.125],"faces":{"east":{"uv":[6.125,5.75,6.4375,5.875],"tintindex":0,"rotation":0,"texture":"#0"},"south":{"uv":[7.6875,4.4375,7.875,4.5625],"tintindex":0,"rotation":0,"texture":"#0"},"north":{"uv":[7.6875,4.25,7.875,4.375],"tintindex":0,"rotation":0,"texture":"#0"},"west":{"uv":[6.1875,1.5625,6.5,1.6875],"tintindex":0,"rotation":0,"texture":"#0"},"up":{"uv":[2.75,6.25,2.5625,5.9375],"tintindex":0,"rotation":0,"texture":"#0"},"down":{"uv":[7.0,0.625,6.8125,0.9375],"tintindex":0,"rotation":0,"texture":"#0"}}},{"from":[6.5,-2.625,6.375],"to":[9.5,-0.625,10.375],"faces":{"east":{"uv":[4.125,7.5625,4.375,7.6875],"tintindex":0,"rotation":0,"texture":"#0"},"south":{"uv":[7.6875,4.8125,7.875,4.9375],"tintindex":0,"rotation":0,"texture":"#0"},"north":{"uv":[7.6875,4.625,7.875,4.75],"tintindex":0,"rotation":0,"texture":"#0"},"west":{"uv":[7.5625,5.25,7.8125,5.375],"tintindex":0,"rotation":0,"texture":"#0"},"up":{"uv":[3.3125,7.375,3.125,7.125],"tintindex":0,"rotation":0,"texture":"#0"},"down":{"uv":[7.3125,3.375,7.125,3.625],"tintindex":0,"rotation":0,"texture":"#0"}}},{"from":[6.5,-4.625,6.625],"to":[9.5,-2.625,9.625],"faces":{"east":{"uv":[5.9375,7.6875,6.125,7.8125],"tintindex":0,"rotation":0,"texture":"#0"},"south":{"uv":[6.1875,7.6875,6.375,7.8125],"tintindex":0,"rotation":0,"texture":"#0"},"north":{"uv":[5.6875,7.6875,5.875,7.8125],"tintindex":0,"rotation":0,"texture":"#0"},"west":{"uv":[7.6875,6.5,7.875,6.625],"tintindex":0,"rotation":0,"texture":"#0"},"up":{"uv":[7.5625,3.1875,7.375,3.0],"tintindex":0,"rotation":0,"texture":"#0"},"down":{"uv":[7.5625,3.25,7.375,3.4375],"tintindex":0,"rotation":0,"texture":"#0"}}},{"from":[6.5,1.375,6.375],"to":[9.5,2.375,10.375],"faces":{"east":{"uv":[7.4375,7.9375,7.6875,8.0],"tintindex":0,"rotation":0,"texture":"#0"},"south":{"uv":[8.0,8.1875,8.1875,8.25],"tintindex":0,"rotation":0,"texture":"#0"},"north":{"uv":[8.1875,7.875,8.375,7.9375],"tintindex":0,"rotation":0,"texture":"#0"},"west":{"uv":[8.0,0.625,8.25,0.6875],"tintindex":0,"rotation":0,"texture":"#0"},"up":{"uv":[7.3125,0.25,7.125,0.0],"tintindex":0,"rotation":0,"texture":"#0"},"down":{"uv":[7.3125,0.3125,7.125,0.5625],"tintindex":0,"rotation":0,"texture":"#0"}}}],"display":{"head":{"rotation":[0.0,0.0,0.0]},"firstperson_righthand":{"rotation":[0.0,0.0,0.0]},"thirdperson_lefthand":{"rotation":[0.0,-0.0,-0.0]},"firstperson_lefthand":{"rotation":[0.0,-0.0,-0.0]},"fixed":{"rotation":[0.0,0.0,0.0]},"ground":{"rotation":[0.0,0.0,0.0]},"thirdperson_righthand":{"rotation":[0.0,0.0,0.0]},"gui":{"rotation":[-150.0,-45.0,180.0]}}}