{"textures":{"0":"modelengine:entity/em_pirate_a4","particle":"#0"},"elements":[{"from":[5.0,11.5,9.02079],"to":[6.0,13.5,11.02079],"faces":{"east":{"uv":[4.75,7.9375,4.875,8.0625],"tintindex":0,"rotation":0,"texture":"#0"},"south":{"uv":[3.125,8.3125,3.1875,8.4375],"tintindex":0,"rotation":0,"texture":"#0"},"north":{"uv":[3.0,8.3125,3.0625,8.4375],"tintindex":0,"rotation":0,"texture":"#0"},"west":{"uv":[5.1875,7.9375,5.3125,8.0625],"tintindex":0,"rotation":0,"texture":"#0"},"up":{"uv":[3.3125,8.4375,3.25,8.3125],"tintindex":0,"rotation":0,"texture":"#0"},"down":{"uv":[8.375,3.5,8.3125,3.625],"tintindex":0,"rotation":0,"texture":"#0"}},"rotation":{"origin":[5.5,7.5,9.52079],"angle":-45.0,"axis":"x"}},{"from":[6.501,0.376,6.376],"to":[9.499,1.374,9.374],"faces":{"east":{"uv":[8.25,0.125,8.4375,0.1875],"tintindex":0,"rotation":0,"texture":"#0"},"south":{"uv":[0.375,8.25,0.5625,8.3125],"tintindex":0,"rotation":0,"texture":"#0"},"north":{"uv":[0.125,8.25,0.3125,8.3125],"tintindex":0,"rotation":0,"texture":"#0"},"west":{"uv":[8.25,0.5,8.4375,0.5625],"tintindex":0,"rotation":0,"texture":"#0"},"up":{"uv":[7.5625,3.6875,7.375,3.5],"tintindex":0,"rotation":0,"texture":"#0"},"down":{"uv":[7.5625,3.75,7.375,3.9375],"tintindex":0,"rotation":0,"texture":"#0"}}},{"from":[5.0,6.5,9.52079],"to":[6.0,11.5,10.52079],"faces":{"east":{"uv":[5.875,7.875,5.9375,8.1875],"tintindex":0,"rotation":0,"texture":"#0"},"south":{"uv":[6.0,7.875,6.0625,8.1875],"tintindex":0,"rotation":0,"texture":"#0"},"north":{"uv":[7.875,5.8125,7.9375,6.125],"tintindex":0,"rotation":0,"texture":"#0"},"west":{"uv":[6.125,7.875,6.1875,8.1875],"tintindex":0,"rotation":0,"texture":"#0"},"up":{"uv":[1.4375,8.4375,1.375,8.375],"tintindex":0,"rotation":0,"texture":"#0"},"down":{"uv":[1.5625,8.375,1.5,8.4375],"tintindex":0,"rotation":0,"texture":"#0"}},"rotation":{"origin":[5.5,7.5,9.52079],"angle":-45.0,"axis":"x"}},{"from":[5.0,6.5,6.52079],"to":[6.0,11.5,7.52079],"faces":{"east":{"uv":[7.875,5.4375,7.9375,5.75],"tintindex":0,"rotation":0,"texture":"#0"},"south":{"uv":[5.625,7.875,5.6875,8.1875],"tintindex":0,"rotation":0,"texture":"#0"},"north":{"uv":[7.3125,7.8125,7.375,8.125],"tintindex":0,"rotation":0,"texture":"#0"},"west":{"uv":[5.75,7.875,5.8125,8.1875],"tintindex":0,"rotation":0,"texture":"#0"},"up":{"uv":[0.6875,8.4375,0.625,8.375],"tintindex":0,"rotation":0,"texture":"#0"},"down":{"uv":[0.8125,8.375,0.75,8.4375],"tintindex":0,"rotation":0,"texture":"#0"}},"rotation":{"origin":[5.5,7.5,9.52079],"angle":-45.0,"axis":"x"}},{"from":[6.5,-6.625,5.125],"to":[9.5,-4.625,10.125],"faces":{"east":{"uv":[7.3125,4.25,7.625,4.375],"tintindex":0,"rotation":0,"texture":"#0"},"south":{"uv":[0.0,7.75,0.1875,7.875],"tintindex":0,"rotation":0,"texture":"#0"},"north":{"uv":[7.6875,7.125,7.875,7.25],"tintindex":0,"rotation":0,"texture":"#0"},"west":{"uv":[4.4375,7.3125,4.75,7.4375],"tintindex":0,"rotation":0,"texture":"#0"},"up":{"uv":[1.0,7.125,0.8125,6.8125],"tintindex":0,"rotation":0,"texture":"#0"},"down":{"uv":[7.0,1.0,6.8125,1.3125],"tintindex":0,"rotation":0,"texture":"#0"}}},{"from":[6.5,-4.625,6.625],"to":[9.5,-2.625,9.625],"faces":{"east":{"uv":[7.75,1.125,7.9375,1.25],"tintindex":0,"rotation":0,"texture":"#0"},"south":{"uv":[7.75,1.3125,7.9375,1.4375],"tintindex":0,"rotation":0,"texture":"#0"},"north":{"uv":[0.75,7.75,0.9375,7.875],"tintindex":0,"rotation":0,"texture":"#0"},"west":{"uv":[7.75,1.5,7.9375,1.625],"tintindex":0,"rotation":0,"texture":"#0"},"up":{"uv":[5.625,7.5625,5.4375,7.375],"tintindex":0,"rotation":0,"texture":"#0"},"down":{"uv":[7.3125,7.375,7.125,7.5625],"tintindex":0,"rotation":0,"texture":"#0"}}},{"from":[5.0,6.5,7.52079],"to":[6.0,7.5,9.52079],"faces":{"east":{"uv":[8.3125,3.6875,8.4375,3.75],"tintindex":0,"rotation":0,"texture":"#0"},"south":{"uv":[0.375,8.375,0.4375,8.4375],"tintindex":0,"rotation":0,"texture":"#0"},"north":{"uv":[8.375,0.25,8.4375,0.3125],"tintindex":0,"rotation":0,"texture":"#0"},"west":{"uv":[8.3125,4.1875,8.4375,4.25],"tintindex":0,"rotation":0,"texture":"#0"},"up":{"uv":[4.375,8.4375,4.3125,8.3125],"tintindex":0,"rotation":0,"texture":"#0"},"down":{"uv":[4.9375,8.3125,4.875,8.4375],"tintindex":0,"rotation":0,"texture":"#0"}},"rotation":{"origin":[5.5,7.5,9.52079],"angle":-45.0,"axis":"x"}},{"from":[5.9,-0.725,6.2499986],"to":[10.1,0.475,10.449999],"faces":{"east":{"uv":[8.0,3.5625,8.25,3.625],"tintindex":0,"rotation":0,"texture":"#0"},"south":{"uv":[8.0,3.6875,8.25,3.75],"tintindex":0,"rotation":0,"texture":"#0"},"north":{"uv":[1.625,8.0,1.875,8.0625],"tintindex":0,"rotation":0,"texture":"#0"},"west":{"uv":[4.3125,8.0,4.5625,8.0625],"tintindex":0,"rotation":0,"texture":"#0"},"up":{"uv":[6.9375,2.0625,6.6875,1.8125],"tintindex":0,"rotation":0,"texture":"#0"},"down":{"uv":[2.8125,6.6875,2.5625,6.9375],"tintindex":0,"rotation":0,"texture":"#0"}}},{"from":[6.5,-2.625,6.375],"to":[9.5,-0.625,10.375],"faces":{"east":{"uv":[7.5625,5.4375,7.8125,5.5625],"tintindex":0,"rotation":0,"texture":"#0"},"south":{"uv":[7.75,0.625,7.9375,0.75],"tintindex":0,"rotation":0,"texture":"#0"},"north":{"uv":[0.5,7.75,0.6875,7.875],"tintindex":0,"rotation":0,"texture":"#0"},"west":{"uv":[7.5625,5.625,7.8125,5.75],"tintindex":0,"rotation":0,"texture":"#0"},"up":{"uv":[6.0,7.375,5.8125,7.125],"tintindex":0,"rotation":0,"texture":"#0"},"down":{"uv":[6.25,7.125,6.0625,7.375],"tintindex":0,"rotation":0,"texture":"#0"}}},{"from":[5.5,-8.5,8.02079],"to":[5.5,5.5,16.02079],"faces":{"east":{"uv":[0.9375,0.0,1.4375,0.875],"tintindex":0,"rotation":0,"texture":"#0"},"west":{"uv":[0.9375,0.9375,1.4375,1.8125],"tintindex":0,"rotation":0,"texture":"#0"}},"rotation":{"origin":[5.5,7.5,9.52079],"angle":-45.0,"axis":"x"}},{"from":[6.505,-0.89059937,8.033282],"to":[9.495,2.0994005,10.023282],"faces":{"east":{"uv":[4.125,5.6875,4.25,5.875],"tintindex":0,"rotation":0,"texture":"#0"},"south":{"uv":[5.1875,7.375,5.375,7.5625],"tintindex":0,"rotation":0,"texture":"#0"},"north":{"uv":[7.375,5.0,7.5625,5.1875],"tintindex":0,"rotation":0,"texture":"#0"},"west":{"uv":[7.6875,6.6875,7.8125,6.875],"tintindex":0,"rotation":0,"texture":"#0"},"up":{"uv":[7.0,7.8125,6.8125,7.6875],"tintindex":0,"rotation":0,"texture":"#0"},"down":{"uv":[7.875,6.9375,7.6875,7.0625],"tintindex":0,"rotation":0,"texture":"#0"}},"rotation":{"origin":[8.0,1.1044006,8.778282],"angle":22.5,"axis":"x"}},{"from":[6.0,2.375,6.375],"to":[10.0,9.375,10.375],"faces":{"east":{"uv":[1.3125,5.5625,1.5625,6.0],"tintindex":0,"rotation":0,"texture":"#0"},"south":{"uv":[5.5625,1.4375,5.8125,1.875],"tintindex":0,"rotation":0,"texture":"#0"},"north":{"uv":[1.0,5.5625,1.25,6.0],"tintindex":0,"rotation":0,"texture":"#0"},"west":{"uv":[3.1875,5.5625,3.4375,6.0],"tintindex":0,"rotation":0,"texture":"#0"},"up":{"uv":[0.4375,6.9375,0.1875,6.6875],"tintindex":0,"rotation":0,"texture":"#0"},"down":{"uv":[0.75,6.6875,0.5,6.9375],"tintindex":0,"rotation":0,"texture":"#0"}}},{"from":[5.0,10.5,7.52079],"to":[6.0,11.5,9.52079],"faces":{"east":{"uv":[8.3125,4.3125,8.4375,4.375],"tintindex":0,"rotation":0,"texture":"#0"},"south":{"uv":[0.5,8.375,0.5625,8.4375],"tintindex":0,"rotation":0,"texture":"#0"},"north":{"uv":[8.375,0.375,8.4375,0.4375],"tintindex":0,"rotation":0,"texture":"#0"},"west":{"uv":[8.3125,5.25,8.4375,5.3125],"tintindex":0,"rotation":0,"texture":"#0"},"up":{"uv":[5.0625,8.4375,5.0,8.3125],"tintindex":0,"rotation":0,"texture":"#0"},"down":{"uv":[5.4375,8.3125,5.375,8.4375],"tintindex":0,"rotation":0,"texture":"#0"}},"rotation":{"origin":[5.5,7.5,9.52079],"angle":-45.0,"axis":"x"}},{"from":[6.5,1.375,6.375],"to":[9.5,2.375,10.375],"faces":{"east":{"uv":[8.0,1.375,8.25,1.4375],"tintindex":0,"rotation":0,"texture":"#0"},"south":{"uv":[1.4375,8.25,1.625,8.3125],"tintindex":0,"rotation":0,"texture":"#0"},"north":{"uv":[0.625,8.25,0.8125,8.3125],"tintindex":0,"rotation":0,"texture":"#0"},"west":{"uv":[8.0,1.5,8.25,1.5625],"tintindex":0,"rotation":0,"texture":"#0"},"up":{"uv":[7.3125,3.9375,7.125,3.6875],"tintindex":0,"rotation":0,"texture":"#0"},"down":{"uv":[7.3125,5.0,7.125,5.25],"tintindex":0,"rotation":0,"texture":"#0"}}},{"from":[5.0,5.5,9.02079],"to":[6.0,6.5,11.02079],"faces":{"east":{"uv":[7.0625,1.25,7.1875,1.3125],"tintindex":0,"rotation":0,"texture":"#0"},"south":{"uv":[0.25,8.375,0.3125,8.4375],"tintindex":0,"rotation":0,"texture":"#0"},"north":{"uv":[0.125,8.375,0.1875,8.4375],"tintindex":0,"rotation":0,"texture":"#0"},"west":{"uv":[3.625,8.3125,3.75,8.375],"tintindex":0,"rotation":0,"texture":"#0"},"up":{"uv":[4.125,8.4375,4.0625,8.3125],"tintindex":0,"rotation":0,"texture":"#0"},"down":{"uv":[4.25,8.3125,4.1875,8.4375],"tintindex":0,"rotation":0,"texture":"#0"}},"rotation":{"origin":[5.5,7.5,9.52079],"angle":-45.0,"axis":"x"}}],"display":{"head":{"rotation":[0.0,0.0,0.0]},"firstperson_righthand":{"rotation":[0.0,0.0,0.0]},"thirdperson_lefthand":{"rotation":[0.0,-0.0,-0.0]},"firstperson_lefthand":{"rotation":[0.0,-0.0,-0.0]},"fixed":{"rotation":[0.0,0.0,0.0]},"ground":{"rotation":[0.0,0.0,0.0]},"thirdperson_righthand":{"rotation":[0.0,0.0,0.0]},"gui":{"rotation":[-150.0,-45.0,180.0]}}}