{"textures":{"1":"modelengine:entity/em_pirate_a3","particle":"#1"},"elements":[{"from":[6.5,-6.625,5.125],"to":[9.5,-4.625,10.125],"faces":{"east":{"uv":[12.0,1.0,12.625,1.25],"tintindex":0,"rotation":0,"texture":"#1"},"south":{"uv":[12.625,1.0,13.0,1.25],"tintindex":0,"rotation":0,"texture":"#1"},"north":{"uv":[11.625,11.25,12.0,11.5],"tintindex":0,"rotation":0,"texture":"#1"},"west":{"uv":[12.0,2.75,12.625,3.0],"tintindex":0,"rotation":0,"texture":"#1"},"up":{"uv":[9.875,4.125,9.5,3.5],"tintindex":0,"rotation":0,"texture":"#1"},"down":{"uv":[11.75,4.125,11.375,4.75],"tintindex":0,"rotation":0,"texture":"#1"}}},{"from":[6.0,2.375,6.375],"to":[10.0,9.375,10.375],"faces":{"east":{"uv":[8.125,9.5,8.625,10.375],"tintindex":0,"rotation":0,"texture":"#1"},"south":{"uv":[9.625,9.125,10.125,10.0],"tintindex":0,"rotation":0,"texture":"#1"},"north":{"uv":[7.625,9.5,8.125,10.375],"tintindex":0,"rotation":0,"texture":"#1"},"west":{"uv":[9.75,6.375,10.25,7.25],"tintindex":0,"rotation":0,"texture":"#1"},"up":{"uv":[2.5,4.0,2.0,3.5],"tintindex":0,"rotation":0,"texture":"#1"},"down":{"uv":[8.25,3.5,7.75,4.0],"tintindex":0,"rotation":0,"texture":"#1"}}},{"from":[6.505,-0.89059937,8.033278],"to":[9.495,2.0994005,10.023278],"faces":{"east":{"uv":[8.375,10.375,8.625,10.75],"tintindex":0,"rotation":0,"texture":"#1"},"south":{"uv":[12.25,3.0,12.625,3.375],"tintindex":0,"rotation":0,"texture":"#1"},"north":{"uv":[12.25,1.625,12.625,2.0],"tintindex":0,"rotation":0,"texture":"#1"},"west":{"uv":[0.0,12.625,0.25,13.0],"tintindex":0,"rotation":0,"texture":"#1"},"up":{"uv":[10.25,6.375,9.875,6.125],"tintindex":0,"rotation":0,"texture":"#1"},"down":{"uv":[11.375,3.125,11.0,3.375],"tintindex":0,"rotation":0,"texture":"#1"}},"rotation":{"origin":[8.0,1.1044006,8.778278],"angle":22.5,"axis":"x"}},{"from":[6.501,0.376,6.376],"to":[9.499,1.374,9.374],"faces":{"east":{"uv":[6.25,13.125,6.625,13.25],"tintindex":0,"rotation":0,"texture":"#1"},"south":{"uv":[13.125,6.25,13.5,6.375],"tintindex":0,"rotation":0,"texture":"#1"},"north":{"uv":[13.125,6.125,13.5,6.25],"tintindex":0,"rotation":0,"texture":"#1"},"west":{"uv":[13.125,6.375,13.5,6.5],"tintindex":0,"rotation":0,"texture":"#1"},"up":{"uv":[12.625,0.375,12.25,0.0],"tintindex":0,"rotation":0,"texture":"#1"},"down":{"uv":[12.625,1.25,12.25,1.625],"tintindex":0,"rotation":0,"texture":"#1"}}},{"from":[6.5,-2.625,6.375],"to":[9.5,-0.625,10.375],"faces":{"east":{"uv":[12.5,7.5,13.0,7.75],"tintindex":0,"rotation":0,"texture":"#1"},"south":{"uv":[12.625,1.5,13.0,1.75],"tintindex":0,"rotation":0,"texture":"#1"},"north":{"uv":[12.625,1.25,13.0,1.5],"tintindex":0,"rotation":0,"texture":"#1"},"west":{"uv":[7.75,12.5,8.25,12.75],"tintindex":0,"rotation":0,"texture":"#1"},"up":{"uv":[7.125,12.5,6.75,12.0],"tintindex":0,"rotation":0,"texture":"#1"},"down":{"uv":[7.5,12.0,7.125,12.5],"tintindex":0,"rotation":0,"texture":"#1"}}},{"from":[6.5,-4.625,6.625],"to":[9.5,-2.625,9.625],"faces":{"east":{"uv":[2.25,12.625,2.625,12.875],"tintindex":0,"rotation":0,"texture":"#1"},"south":{"uv":[2.625,12.625,3.0,12.875],"tintindex":0,"rotation":0,"texture":"#1"},"north":{"uv":[12.625,1.75,13.0,2.0],"tintindex":0,"rotation":0,"texture":"#1"},"west":{"uv":[12.625,2.75,13.0,3.0],"tintindex":0,"rotation":0,"texture":"#1"},"up":{"uv":[12.625,3.75,12.25,3.375],"tintindex":0,"rotation":0,"texture":"#1"},"down":{"uv":[4.5,12.25,4.125,12.625],"tintindex":0,"rotation":0,"texture":"#1"}}},{"from":[6.5,1.375,6.375],"to":[9.5,2.375,10.375],"faces":{"east":{"uv":[13.0,5.5,13.5,5.625],"tintindex":0,"rotation":0,"texture":"#1"},"south":{"uv":[13.125,6.625,13.5,6.75],"tintindex":0,"rotation":0,"texture":"#1"},"north":{"uv":[13.125,6.5,13.5,6.625],"tintindex":0,"rotation":0,"texture":"#1"},"west":{"uv":[13.0,5.625,13.5,5.75],"tintindex":0,"rotation":0,"texture":"#1"},"up":{"uv":[4.125,12.5,3.75,12.0],"tintindex":0,"rotation":0,"texture":"#1"},"down":{"uv":[6.75,12.0,6.375,12.5],"tintindex":0,"rotation":0,"texture":"#1"}}},{"from":[5.9,-0.725,6.2499986],"to":[10.1,0.475,10.449999],"faces":{"east":{"uv":[13.0,5.75,13.5,5.875],"tintindex":0,"rotation":0,"texture":"#1"},"south":{"uv":[13.0,5.875,13.5,6.0],"tintindex":0,"rotation":0,"texture":"#1"},"north":{"uv":[5.75,13.0,6.25,13.125],"tintindex":0,"rotation":0,"texture":"#1"},"west":{"uv":[6.25,13.0,6.75,13.125],"tintindex":0,"rotation":0,"texture":"#1"},"up":{"uv":[11.0,3.0,10.5,2.5],"tintindex":0,"rotation":0,"texture":"#1"},"down":{"uv":[11.625,10.0,11.125,10.5],"tintindex":0,"rotation":0,"texture":"#1"}}}],"display":{"head":{"rotation":[0.0,0.0,0.0]},"firstperson_righthand":{"rotation":[0.0,0.0,0.0]},"thirdperson_lefthand":{"rotation":[0.0,-0.0,-0.0]},"firstperson_lefthand":{"rotation":[0.0,-0.0,-0.0]},"fixed":{"rotation":[0.0,0.0,0.0]},"ground":{"rotation":[0.0,0.0,0.0]},"thirdperson_righthand":{"rotation":[0.0,0.0,0.0]},"gui":{"rotation":[-150.0,-45.0,180.0]}}}