{"textures":{"2":"modelengine:entity/em_pirate_a1","particle":"#2"},"elements":[{"from":[6.5,-2.625,6.375],"to":[9.5,-0.625,10.375],"faces":{"east":{"uv":[5.375,7.6875,5.625,7.8125],"tintindex":0,"rotation":0,"texture":"#2"},"south":{"uv":[8.0625,0.5625,8.25,0.6875],"tintindex":0,"rotation":0,"texture":"#2"},"north":{"uv":[0.4375,8.0625,0.625,8.1875],"tintindex":0,"rotation":0,"texture":"#2"},"west":{"uv":[5.6875,7.6875,5.9375,7.8125],"tintindex":0,"rotation":0,"texture":"#2"},"up":{"uv":[7.5,4.625,7.3125,4.375],"tintindex":0,"rotation":0,"texture":"#2"},"down":{"uv":[7.5,4.6875,7.3125,4.9375],"tintindex":0,"rotation":0,"texture":"#2"}}},{"from":[5.0,6.5,6.52079],"to":[6.0,11.5,7.52079],"faces":{"east":{"uv":[3.5625,8.1875,3.625,8.5],"tintindex":0,"rotation":0,"texture":"#2"},"south":{"uv":[4.375,8.1875,4.4375,8.5],"tintindex":0,"rotation":0,"texture":"#2"},"north":{"uv":[3.0,8.1875,3.0625,8.5],"tintindex":0,"rotation":0,"texture":"#2"},"west":{"uv":[4.5,8.1875,4.5625,8.5],"tintindex":0,"rotation":0,"texture":"#2"},"up":{"uv":[7.0,8.875,6.9375,8.8125],"tintindex":0,"rotation":0,"texture":"#2"},"down":{"uv":[7.125,8.8125,7.0625,8.875],"tintindex":0,"rotation":0,"texture":"#2"}},"rotation":{"origin":[5.5,7.5,9.52079],"angle":-45.0,"axis":"x"}},{"from":[6.0,2.375,6.375],"to":[10.0,9.375,10.375],"faces":{"east":{"uv":[0.6875,5.9375,0.9375,6.375],"tintindex":0,"rotation":0,"texture":"#2"},"south":{"uv":[1.0,5.9375,1.25,6.375],"tintindex":0,"rotation":0,"texture":"#2"},"north":{"uv":[0.375,5.9375,0.625,6.375],"tintindex":0,"rotation":0,"texture":"#2"},"west":{"uv":[1.3125,5.9375,1.5625,6.375],"tintindex":0,"rotation":0,"texture":"#2"},"up":{"uv":[7.0,4.375,6.75,4.125],"tintindex":0,"rotation":0,"texture":"#2"},"down":{"uv":[6.0625,6.75,5.8125,7.0],"tintindex":0,"rotation":0,"texture":"#2"}}},{"from":[5.0,6.5,7.52079],"to":[6.0,7.5,9.52079],"faces":{"east":{"uv":[3.375,8.75,3.5,8.8125],"tintindex":0,"rotation":0,"texture":"#2"},"south":{"uv":[8.8125,7.375,8.875,7.4375],"tintindex":0,"rotation":0,"texture":"#2"},"north":{"uv":[7.3125,8.8125,7.375,8.875],"tintindex":0,"rotation":0,"texture":"#2"},"west":{"uv":[3.5625,8.75,3.6875,8.8125],"tintindex":0,"rotation":0,"texture":"#2"},"up":{"uv":[1.0,8.875,0.9375,8.75],"tintindex":0,"rotation":0,"texture":"#2"},"down":{"uv":[3.8125,8.75,3.75,8.875],"tintindex":0,"rotation":0,"texture":"#2"}},"rotation":{"origin":[5.5,7.5,9.52079],"angle":-45.0,"axis":"x"}},{"from":[5.0,5.5,9.02079],"to":[6.0,6.5,11.02079],"faces":{"east":{"uv":[8.75,4.4375,8.875,4.5],"tintindex":0,"rotation":0,"texture":"#2"},"south":{"uv":[7.5625,8.8125,7.625,8.875],"tintindex":0,"rotation":0,"texture":"#2"},"north":{"uv":[7.4375,8.8125,7.5,8.875],"tintindex":0,"rotation":0,"texture":"#2"},"west":{"uv":[5.125,8.75,5.25,8.8125],"tintindex":0,"rotation":0,"texture":"#2"},"up":{"uv":[5.375,8.875,5.3125,8.75],"tintindex":0,"rotation":0,"texture":"#2"},"down":{"uv":[5.5,8.75,5.4375,8.875],"tintindex":0,"rotation":0,"texture":"#2"}},"rotation":{"origin":[5.5,7.5,9.52079],"angle":-45.0,"axis":"x"}},{"from":[6.5,-4.625,6.625],"to":[9.5,-2.625,9.625],"faces":{"east":{"uv":[8.0625,1.8125,8.25,1.9375],"tintindex":0,"rotation":0,"texture":"#2"},"south":{"uv":[8.0625,3.3125,8.25,3.4375],"tintindex":0,"rotation":0,"texture":"#2"},"north":{"uv":[8.0625,1.625,8.25,1.75],"tintindex":0,"rotation":0,"texture":"#2"},"west":{"uv":[8.0625,3.5,8.25,3.625],"tintindex":0,"rotation":0,"texture":"#2"},"up":{"uv":[7.8125,7.25,7.625,7.0625],"tintindex":0,"rotation":0,"texture":"#2"},"down":{"uv":[7.3125,7.625,7.125,7.8125],"tintindex":0,"rotation":0,"texture":"#2"}}},{"from":[6.5,-6.625,5.125],"to":[9.5,-4.625,10.125],"faces":{"east":{"uv":[7.5,6.1875,7.8125,6.3125],"tintindex":0,"rotation":0,"texture":"#2"},"south":{"uv":[0.1875,8.0625,0.375,8.1875],"tintindex":0,"rotation":0,"texture":"#2"},"north":{"uv":[8.0625,0.0,8.25,0.125],"tintindex":0,"rotation":0,"texture":"#2"},"west":{"uv":[7.5,6.375,7.8125,6.5],"tintindex":0,"rotation":0,"texture":"#2"},"up":{"uv":[4.8125,7.3125,4.625,7.0],"tintindex":0,"rotation":0,"texture":"#2"},"down":{"uv":[7.1875,6.3125,7.0,6.625],"tintindex":0,"rotation":0,"texture":"#2"}}},{"from":[6.505,-0.89059937,8.03328],"to":[9.495,2.0994005,10.02328],"faces":{"east":{"uv":[7.0,8.0,7.125,8.1875],"tintindex":0,"rotation":0,"texture":"#2"},"south":{"uv":[7.625,6.8125,7.8125,7.0],"tintindex":0,"rotation":0,"texture":"#2"},"north":{"uv":[7.625,6.5625,7.8125,6.75],"tintindex":0,"rotation":0,"texture":"#2"},"west":{"uv":[7.1875,8.0,7.3125,8.1875],"tintindex":0,"rotation":0,"texture":"#2"},"up":{"uv":[7.5625,8.125,7.375,8.0],"tintindex":0,"rotation":0,"texture":"#2"},"down":{"uv":[8.1875,7.625,8.0,7.75],"tintindex":0,"rotation":0,"texture":"#2"}},"rotation":{"origin":[8.0,1.1044006,8.77828],"angle":22.5,"axis":"x"}},{"from":[5.9,-0.725,6.25],"to":[10.1,0.475,10.450001],"faces":{"east":{"uv":[8.25,8.125,8.5,8.1875],"tintindex":0,"rotation":0,"texture":"#2"},"south":{"uv":[8.25,8.25,8.5,8.3125],"tintindex":0,"rotation":0,"texture":"#2"},"north":{"uv":[8.25,8.0,8.5,8.0625],"tintindex":0,"rotation":0,"texture":"#2"},"west":{"uv":[8.3125,0.0,8.5625,0.0625],"tintindex":0,"rotation":0,"texture":"#2"},"up":{"uv":[0.5625,7.0625,0.3125,6.8125],"tintindex":0,"rotation":0,"texture":"#2"},"down":{"uv":[0.875,6.8125,0.625,7.0625],"tintindex":0,"rotation":0,"texture":"#2"}}},{"from":[6.5,1.375,6.375],"to":[9.5,2.375,10.375],"faces":{"east":{"uv":[8.25,7.625,8.5,7.6875],"tintindex":0,"rotation":0,"texture":"#2"},"south":{"uv":[8.5625,7.75,8.75,7.8125],"tintindex":0,"rotation":0,"texture":"#2"},"north":{"uv":[7.75,8.5625,7.9375,8.625],"tintindex":0,"rotation":0,"texture":"#2"},"west":{"uv":[7.75,8.25,8.0,8.3125],"tintindex":0,"rotation":0,"texture":"#2"},"up":{"uv":[7.5,3.0625,7.3125,2.8125],"tintindex":0,"rotation":0,"texture":"#2"},"down":{"uv":[7.5,4.0625,7.3125,4.3125],"tintindex":0,"rotation":0,"texture":"#2"}}},{"from":[5.0,6.5,9.52079],"to":[6.0,11.5,10.52079],"faces":{"east":{"uv":[2.625,8.1875,2.6875,8.5],"tintindex":0,"rotation":0,"texture":"#2"},"south":{"uv":[2.75,8.1875,2.8125,8.5],"tintindex":0,"rotation":0,"texture":"#2"},"north":{"uv":[8.1875,1.1875,8.25,1.5],"tintindex":0,"rotation":0,"texture":"#2"},"west":{"uv":[2.875,8.1875,2.9375,8.5],"tintindex":0,"rotation":0,"texture":"#2"},"up":{"uv":[6.75,8.875,6.6875,8.8125],"tintindex":0,"rotation":0,"texture":"#2"},"down":{"uv":[6.875,8.8125,6.8125,8.875],"tintindex":0,"rotation":0,"texture":"#2"}},"rotation":{"origin":[5.5,7.5,9.52079],"angle":-45.0,"axis":"x"}},{"from":[5.5,-8.5,8.02079],"to":[5.5,5.5,16.02079],"faces":{"east":{"uv":[1.125,1.125,1.625,2.0],"tintindex":0,"rotation":0,"texture":"#2"},"west":{"uv":[1.6875,1.125,2.1875,2.0],"tintindex":0,"rotation":0,"texture":"#2"}},"rotation":{"origin":[5.5,7.5,9.52079],"angle":-45.0,"axis":"x"}},{"from":[6.501,0.376,6.376],"to":[9.499,1.374,9.374],"faces":{"east":{"uv":[5.9375,8.5625,6.125,8.625],"tintindex":0,"rotation":0,"texture":"#2"},"south":{"uv":[7.3125,8.5625,7.5,8.625],"tintindex":0,"rotation":0,"texture":"#2"},"north":{"uv":[8.5625,4.9375,8.75,5.0],"tintindex":0,"rotation":0,"texture":"#2"},"west":{"uv":[8.5625,7.625,8.75,7.6875],"tintindex":0,"rotation":0,"texture":"#2"},"up":{"uv":[6.25,7.8125,6.0625,7.625],"tintindex":0,"rotation":0,"texture":"#2"},"down":{"uv":[6.5,7.625,6.3125,7.8125],"tintindex":0,"rotation":0,"texture":"#2"}}},{"from":[5.0,10.5,7.52079],"to":[6.0,11.5,9.52079],"faces":{"east":{"uv":[8.6875,8.6875,8.8125,8.75],"tintindex":0,"rotation":0,"texture":"#2"},"south":{"uv":[8.8125,7.25,8.875,7.3125],"tintindex":0,"rotation":0,"texture":"#2"},"north":{"uv":[7.1875,8.8125,7.25,8.875],"tintindex":0,"rotation":0,"texture":"#2"},"west":{"uv":[0.0,8.75,0.125,8.8125],"tintindex":0,"rotation":0,"texture":"#2"},"up":{"uv":[0.75,8.875,0.6875,8.75],"tintindex":0,"rotation":0,"texture":"#2"},"down":{"uv":[0.875,8.75,0.8125,8.875],"tintindex":0,"rotation":0,"texture":"#2"}},"rotation":{"origin":[5.5,7.5,9.52079],"angle":-45.0,"axis":"x"}},{"from":[5.0,11.5,9.02079],"to":[6.0,13.5,11.02079],"faces":{"east":{"uv":[7.1875,8.25,7.3125,8.375],"tintindex":0,"rotation":0,"texture":"#2"},"south":{"uv":[8.75,5.625,8.8125,5.75],"tintindex":0,"rotation":0,"texture":"#2"},"north":{"uv":[5.5625,8.75,5.625,8.875],"tintindex":0,"rotation":0,"texture":"#2"},"west":{"uv":[7.5625,8.25,7.6875,8.375],"tintindex":0,"rotation":0,"texture":"#2"},"up":{"uv":[5.75,8.875,5.6875,8.75],"tintindex":0,"rotation":0,"texture":"#2"},"down":{"uv":[5.875,8.75,5.8125,8.875],"tintindex":0,"rotation":0,"texture":"#2"}},"rotation":{"origin":[5.5,7.5,9.52079],"angle":-45.0,"axis":"x"}}],"display":{"head":{"rotation":[0.0,0.0,0.0]},"firstperson_righthand":{"rotation":[0.0,0.0,0.0]},"thirdperson_lefthand":{"rotation":[0.0,-0.0,-0.0]},"firstperson_lefthand":{"rotation":[0.0,-0.0,-0.0]},"fixed":{"rotation":[0.0,0.0,0.0]},"ground":{"rotation":[0.0,0.0,0.0]},"thirdperson_righthand":{"rotation":[0.0,0.0,0.0]},"gui":{"rotation":[-150.0,-45.0,180.0]}}}