{"textures":{"3":"modelengine:entity/em_pirate_a2","particle":"#3"},"elements":[{"from":[6.501,0.376,6.376],"to":[9.499,1.374,9.374],"faces":{"east":{"uv":[8.1875,7.6875,8.375,7.75],"tintindex":0,"rotation":0,"texture":"#3"},"south":{"uv":[7.8125,8.1875,8.0,8.25],"tintindex":0,"rotation":0,"texture":"#3"},"north":{"uv":[8.1875,7.5625,8.375,7.625],"tintindex":0,"rotation":0,"texture":"#3"},"west":{"uv":[8.1875,7.8125,8.375,7.875],"tintindex":0,"rotation":0,"texture":"#3"},"up":{"uv":[7.5625,7.5625,7.375,7.375],"tintindex":0,"rotation":0,"texture":"#3"},"down":{"uv":[3.25,7.4375,3.0625,7.625],"tintindex":0,"rotation":0,"texture":"#3"}}},{"from":[5.9,-0.725,6.2500005],"to":[10.1,0.475,10.449999],"faces":{"east":{"uv":[8.0,5.8125,8.25,5.875],"tintindex":0,"rotation":0,"texture":"#3"},"south":{"uv":[8.0,5.9375,8.25,6.0],"tintindex":0,"rotation":0,"texture":"#3"},"north":{"uv":[8.0,5.6875,8.25,5.75],"tintindex":0,"rotation":0,"texture":"#3"},"west":{"uv":[8.0,6.0625,8.25,6.125],"tintindex":0,"rotation":0,"texture":"#3"},"up":{"uv":[1.6875,7.0,1.4375,6.75],"tintindex":0,"rotation":0,"texture":"#3"},"down":{"uv":[2.0,6.75,1.75,7.0],"tintindex":0,"rotation":0,"texture":"#3"}}},{"from":[6.0,2.375,6.375],"to":[10.0,9.375,10.375],"faces":{"east":{"uv":[5.6875,2.5,5.9375,2.9375],"tintindex":0,"rotation":0,"texture":"#3"},"south":{"uv":[5.6875,3.0,5.9375,3.4375],"tintindex":0,"rotation":0,"texture":"#3"},"north":{"uv":[3.5,5.5625,3.75,6.0],"tintindex":0,"rotation":0,"texture":"#3"},"west":{"uv":[5.6875,3.5,5.9375,3.9375],"tintindex":0,"rotation":0,"texture":"#3"},"up":{"uv":[6.9375,6.5625,6.6875,6.3125],"tintindex":0,"rotation":0,"texture":"#3"},"down":{"uv":[6.9375,6.625,6.6875,6.875],"tintindex":0,"rotation":0,"texture":"#3"}}},{"from":[3.9960203,1.1671524,8.1516],"to":[5.9960203,9.167152,10.1516],"faces":{"east":{"uv":[4.75,6.75,4.875,7.25],"tintindex":0,"rotation":0,"texture":"#3"},"south":{"uv":[4.9375,6.75,5.0625,7.25],"tintindex":0,"rotation":0,"texture":"#3"},"north":{"uv":[4.5625,6.75,4.6875,7.25],"tintindex":0,"rotation":0,"texture":"#3"},"west":{"uv":[5.125,6.75,5.25,7.25],"tintindex":0,"rotation":0,"texture":"#3"},"up":{"uv":[7.875,8.125,7.75,8.0],"tintindex":0,"rotation":0,"texture":"#3"},"down":{"uv":[8.0625,8.0,7.9375,8.125],"tintindex":0,"rotation":0,"texture":"#3"}},"rotation":{"origin":[4.9960203,7.1671524,9.1516],"angle":-22.5,"axis":"x"}},{"from":[6.5,-2.625,6.375],"to":[9.5,-0.625,10.375],"faces":{"east":{"uv":[7.5625,5.8125,7.8125,5.9375],"tintindex":0,"rotation":0,"texture":"#3"},"south":{"uv":[1.5,7.8125,1.6875,7.9375],"tintindex":0,"rotation":0,"texture":"#3"},"north":{"uv":[1.25,7.8125,1.4375,7.9375],"tintindex":0,"rotation":0,"texture":"#3"},"west":{"uv":[7.5625,6.0,7.8125,6.125],"tintindex":0,"rotation":0,"texture":"#3"},"up":{"uv":[2.4375,7.4375,2.25,7.1875],"tintindex":0,"rotation":0,"texture":"#3"},"down":{"uv":[3.0,7.1875,2.8125,7.4375],"tintindex":0,"rotation":0,"texture":"#3"}}},{"from":[4.1460204,0.5171493,8.851599],"to":[5.84602,8.21715,10.5515995],"faces":{"east":{"uv":[4.0,6.75,4.125,7.25],"tintindex":0,"rotation":0,"texture":"#3"},"south":{"uv":[4.1875,6.75,4.3125,7.25],"tintindex":0,"rotation":0,"texture":"#3"},"north":{"uv":[2.0625,6.75,2.1875,7.25],"tintindex":0,"rotation":0,"texture":"#3"},"west":{"uv":[4.375,6.75,4.5,7.25],"tintindex":0,"rotation":0,"texture":"#3"},"up":{"uv":[2.3125,8.125,2.1875,8.0],"tintindex":0,"rotation":0,"texture":"#3"},"down":{"uv":[2.8125,8.0,2.6875,8.125],"tintindex":0,"rotation":0,"texture":"#3"}},"rotation":{"origin":[4.9960203,7.1671524,9.1516],"angle":-22.5,"axis":"x"}},{"from":[4.0360203,7.2071524,4.1916],"to":[5.9560204,9.127152,8.1116],"faces":{"east":{"uv":[7.625,0.9375,7.875,1.0625],"tintindex":0,"rotation":0,"texture":"#3"},"south":{"uv":[0.375,8.0625,0.5,8.1875],"tintindex":0,"rotation":0,"texture":"#3"},"north":{"uv":[0.1875,8.0625,0.3125,8.1875],"tintindex":0,"rotation":0,"texture":"#3"},"west":{"uv":[1.125,7.625,1.375,7.75],"tintindex":0,"rotation":0,"texture":"#3"},"up":{"uv":[6.75,7.8125,6.625,7.5625],"tintindex":0,"rotation":0,"texture":"#3"},"down":{"uv":[0.4375,7.625,0.3125,7.875],"tintindex":0,"rotation":0,"texture":"#3"}}},{"from":[6.5,1.375,6.375],"to":[9.5,2.375,10.375],"faces":{"east":{"uv":[8.0,5.4375,8.25,5.5],"tintindex":0,"rotation":0,"texture":"#3"},"south":{"uv":[8.25,0.1875,8.4375,0.25],"tintindex":0,"rotation":0,"texture":"#3"},"north":{"uv":[0.125,8.25,0.3125,8.3125],"tintindex":0,"rotation":0,"texture":"#3"},"west":{"uv":[8.0,5.5625,8.25,5.625],"tintindex":0,"rotation":0,"texture":"#3"},"up":{"uv":[6.5,7.375,6.3125,7.125],"tintindex":0,"rotation":0,"texture":"#3"},"down":{"uv":[0.875,7.1875,0.6875,7.4375],"tintindex":0,"rotation":0,"texture":"#3"}}},{"from":[6.5,-4.625,6.625],"to":[9.5,-2.625,9.625],"faces":{"east":{"uv":[1.75,7.8125,1.9375,7.9375],"tintindex":0,"rotation":0,"texture":"#3"},"south":{"uv":[2.6875,7.8125,2.875,7.9375],"tintindex":0,"rotation":0,"texture":"#3"},"north":{"uv":[7.8125,1.6875,8.0,1.8125],"tintindex":0,"rotation":0,"texture":"#3"},"west":{"uv":[7.8125,2.75,8.0,2.875],"tintindex":0,"rotation":0,"texture":"#3"},"up":{"uv":[6.375,7.625,6.1875,7.4375],"tintindex":0,"rotation":0,"texture":"#3"},"down":{"uv":[7.625,6.5625,7.4375,6.75],"tintindex":0,"rotation":0,"texture":"#3"}}},{"from":[6.505,-0.89059937,8.03328],"to":[9.495,2.0994005,10.023278],"faces":{"east":{"uv":[7.75,2.0625,7.875,2.25],"tintindex":0,"rotation":0,"texture":"#3"},"south":{"uv":[5.9375,7.4375,6.125,7.625],"tintindex":0,"rotation":0,"texture":"#3"},"north":{"uv":[5.6875,7.4375,5.875,7.625],"tintindex":0,"rotation":0,"texture":"#3"},"west":{"uv":[2.25,7.75,2.375,7.9375],"tintindex":0,"rotation":0,"texture":"#3"},"up":{"uv":[4.3125,7.875,4.125,7.75],"tintindex":0,"rotation":0,"texture":"#3"},"down":{"uv":[7.9375,6.1875,7.75,6.3125],"tintindex":0,"rotation":0,"texture":"#3"}},"rotation":{"origin":[8.0,1.1044006,8.778278],"angle":22.5,"axis":"x"}},{"from":[6.5,-6.625,5.125],"to":[9.5,-4.625,10.125],"faces":{"east":{"uv":[7.3125,4.4375,7.625,4.5625],"tintindex":0,"rotation":0,"texture":"#3"},"south":{"uv":[1.0,7.8125,1.1875,7.9375],"tintindex":0,"rotation":0,"texture":"#3"},"north":{"uv":[7.625,7.75,7.8125,7.875],"tintindex":0,"rotation":0,"texture":"#3"},"west":{"uv":[7.3125,4.625,7.625,4.75],"tintindex":0,"rotation":0,"texture":"#3"},"up":{"uv":[7.0,2.4375,6.8125,2.125],"tintindex":0,"rotation":0,"texture":"#3"},"down":{"uv":[7.0,2.5,6.8125,2.8125],"tintindex":0,"rotation":0,"texture":"#3"}}},{"from":[4.9960203,5.3193893,5.91696],"to":[4.9960203,9.319389,7.91696],"faces":{"east":{"uv":[7.5625,6.1875,7.6875,6.4375],"tintindex":0,"rotation":0,"texture":"#3"},"west":{"uv":[6.4375,7.5625,6.5625,7.8125],"tintindex":0,"rotation":0,"texture":"#3"}},"rotation":{"origin":[4.9960203,8.319389,10.916962],"angle":-22.5,"axis":"x"}},{"from":[4.0010204,7.557971,7.965251],"to":[5.99102,9.547971,9.955251],"faces":{"east":{"uv":[5.375,8.0,5.5,8.125],"tintindex":0,"rotation":0,"texture":"#3"},"south":{"uv":[8.0,6.1875,8.125,6.3125],"tintindex":0,"rotation":0,"texture":"#3"},"north":{"uv":[4.9375,8.0,5.0625,8.125],"tintindex":0,"rotation":0,"texture":"#3"},"west":{"uv":[6.25,8.0,6.375,8.125],"tintindex":0,"rotation":0,"texture":"#3"},"up":{"uv":[7.0625,8.125,6.9375,8.0],"tintindex":0,"rotation":0,"texture":"#3"},"down":{"uv":[7.25,8.0,7.125,8.125],"tintindex":0,"rotation":0,"texture":"#3"}},"rotation":{"origin":[4.9960203,8.552971,8.960251],"angle":-45.0,"axis":"x"}},{"from":[3.9960203,7.3193893,8.916962],"to":[3.9960203,9.319389,12.916962],"faces":{"east":{"uv":[7.625,0.0,7.875,0.125],"tintindex":0,"rotation":0,"texture":"#3"},"west":{"uv":[7.625,0.1875,7.875,0.3125],"tintindex":0,"rotation":0,"texture":"#3"}}}],"display":{"head":{"rotation":[0.0,0.0,0.0]},"firstperson_righthand":{"rotation":[0.0,0.0,0.0]},"thirdperson_lefthand":{"rotation":[0.0,-0.0,-0.0]},"firstperson_lefthand":{"rotation":[0.0,-0.0,-0.0]},"fixed":{"rotation":[0.0,0.0,0.0]},"ground":{"rotation":[0.0,0.0,0.0]},"thirdperson_righthand":{"rotation":[0.0,0.0,0.0]},"gui":{"rotation":[-150.0,-45.0,180.0]}}}