{"textures":{"1":"modelengine:entity/em_pirate_a3","particle":"#1"},"elements":[{"from":[6.5,-2.625,6.375],"to":[9.5,-0.625,10.375],"faces":{"east":{"uv":[12.5,7.75,13.0,8.0],"tintindex":0,"rotation":0,"texture":"#1"},"south":{"uv":[5.5,12.625,5.875,12.875],"tintindex":0,"rotation":0,"texture":"#1"},"north":{"uv":[12.625,5.0,13.0,5.25],"tintindex":0,"rotation":0,"texture":"#1"},"west":{"uv":[12.5,8.0,13.0,8.25],"tintindex":0,"rotation":0,"texture":"#1"},"up":{"uv":[8.625,12.5,8.25,12.0],"tintindex":0,"rotation":0,"texture":"#1"},"down":{"uv":[10.5,12.0,10.125,12.5],"tintindex":0,"rotation":0,"texture":"#1"}}},{"from":[6.5,-4.625,6.625],"to":[9.5,-2.625,9.625],"faces":{"east":{"uv":[8.5,12.625,8.875,12.875],"tintindex":0,"rotation":0,"texture":"#1"},"south":{"uv":[8.875,12.625,9.25,12.875],"tintindex":0,"rotation":0,"texture":"#1"},"north":{"uv":[5.875,12.625,6.25,12.875],"tintindex":0,"rotation":0,"texture":"#1"},"west":{"uv":[12.625,9.0,13.0,9.25],"tintindex":0,"rotation":0,"texture":"#1"},"up":{"uv":[9.0,12.625,8.625,12.25],"tintindex":0,"rotation":0,"texture":"#1"},"down":{"uv":[9.375,12.25,9.0,12.625],"tintindex":0,"rotation":0,"texture":"#1"}}},{"from":[6.0,2.375,6.375],"to":[10.0,9.375,10.375],"faces":{"east":{"uv":[1.875,9.875,2.375,10.75],"tintindex":0,"rotation":0,"texture":"#1"},"south":{"uv":[2.375,9.875,2.875,10.75],"tintindex":0,"rotation":0,"texture":"#1"},"north":{"uv":[9.75,7.25,10.25,8.125],"tintindex":0,"rotation":0,"texture":"#1"},"west":{"uv":[2.875,9.875,3.375,10.75],"tintindex":0,"rotation":0,"texture":"#1"},"up":{"uv":[11.625,11.0,11.125,10.5],"tintindex":0,"rotation":0,"texture":"#1"},"down":{"uv":[11.125,11.125,10.625,11.625],"tintindex":0,"rotation":0,"texture":"#1"}}},{"from":[6.505,-0.89059937,8.033278],"to":[9.495,2.0994005,10.023278],"faces":{"east":{"uv":[3.0,12.625,3.25,13.0],"tintindex":0,"rotation":0,"texture":"#1"},"south":{"uv":[5.875,12.25,6.25,12.625],"tintindex":0,"rotation":0,"texture":"#1"},"north":{"uv":[12.25,5.0,12.625,5.375],"tintindex":0,"rotation":0,"texture":"#1"},"west":{"uv":[12.625,3.0,12.875,3.375],"tintindex":0,"rotation":0,"texture":"#1"},"up":{"uv":[13.0,3.625,12.625,3.375],"tintindex":0,"rotation":0,"texture":"#1"},"down":{"uv":[4.375,12.625,4.0,12.875],"tintindex":0,"rotation":0,"texture":"#1"}},"rotation":{"origin":[8.0,1.1044006,8.778278],"angle":22.5,"axis":"x"}},{"from":[5.0,10.5,7.52079],"to":[6.0,11.5,9.52079],"faces":{"east":{"uv":[13.25,1.875,13.5,2.0],"tintindex":0,"rotation":0,"texture":"#1"},"south":{"uv":[3.5,13.25,3.625,13.375],"tintindex":0,"rotation":0,"texture":"#1"},"north":{"uv":[13.25,3.375,13.375,3.5],"tintindex":0,"rotation":0,"texture":"#1"},"west":{"uv":[13.25,2.25,13.5,2.375],"tintindex":0,"rotation":0,"texture":"#1"},"up":{"uv":[13.375,3.0,13.25,2.75],"tintindex":0,"rotation":0,"texture":"#1"},"down":{"uv":[3.125,13.25,3.0,13.5],"tintindex":0,"rotation":0,"texture":"#1"}},"rotation":{"origin":[5.5,7.5,9.52079],"angle":-45.0,"axis":"x"}},{"from":[5.0,11.5,9.02079],"to":[6.0,13.5,11.02079],"faces":{"east":{"uv":[5.125,13.0,5.375,13.25],"tintindex":0,"rotation":0,"texture":"#1"},"south":{"uv":[13.25,1.25,13.375,1.5],"tintindex":0,"rotation":0,"texture":"#1"},"north":{"uv":[1.25,13.25,1.375,13.5],"tintindex":0,"rotation":0,"texture":"#1"},"west":{"uv":[6.75,13.0,7.0,13.25],"tintindex":0,"rotation":0,"texture":"#1"},"up":{"uv":[1.5,13.5,1.375,13.25],"tintindex":0,"rotation":0,"texture":"#1"},"down":{"uv":[1.625,13.25,1.5,13.5],"tintindex":0,"rotation":0,"texture":"#1"}},"rotation":{"origin":[5.5,7.5,9.52079],"angle":-45.0,"axis":"x"}},{"from":[6.501,0.376,6.376],"to":[9.499,1.374,9.374],"faces":{"east":{"uv":[13.125,6.875,13.5,7.0],"tintindex":0,"rotation":0,"texture":"#1"},"south":{"uv":[13.125,7.0,13.5,7.125],"tintindex":0,"rotation":0,"texture":"#1"},"north":{"uv":[13.125,6.75,13.5,6.875],"tintindex":0,"rotation":0,"texture":"#1"},"west":{"uv":[13.125,7.125,13.5,7.25],"tintindex":0,"rotation":0,"texture":"#1"},"up":{"uv":[4.875,12.625,4.5,12.25],"tintindex":0,"rotation":0,"texture":"#1"},"down":{"uv":[5.25,12.25,4.875,12.625],"tintindex":0,"rotation":0,"texture":"#1"}}},{"from":[5.9,-0.725,6.2499986],"to":[10.1,0.475,10.449999],"faces":{"east":{"uv":[13.0,7.75,13.5,7.875],"tintindex":0,"rotation":0,"texture":"#1"},"south":{"uv":[13.0,7.875,13.5,8.0],"tintindex":0,"rotation":0,"texture":"#1"},"north":{"uv":[13.0,7.625,13.5,7.75],"tintindex":0,"rotation":0,"texture":"#1"},"west":{"uv":[13.0,8.0,13.5,8.125],"tintindex":0,"rotation":0,"texture":"#1"},"up":{"uv":[11.625,11.5,11.125,11.0],"tintindex":0,"rotation":0,"texture":"#1"},"down":{"uv":[11.75,6.0,11.25,6.5],"tintindex":0,"rotation":0,"texture":"#1"}}},{"from":[5.5,-8.5,8.02079],"to":[5.5,5.5,16.02079],"faces":{"east":{"uv":[1.75,0.0,2.75,1.75],"tintindex":0,"rotation":0,"texture":"#1"},"west":{"uv":[1.75,1.75,2.75,3.5],"tintindex":0,"rotation":0,"texture":"#1"}},"rotation":{"origin":[5.5,7.5,9.52079],"angle":-45.0,"axis":"x"}},{"from":[6.5,-6.625,5.125],"to":[9.5,-4.625,10.125],"faces":{"east":{"uv":[12.125,6.0,12.75,6.25],"tintindex":0,"rotation":0,"texture":"#1"},"south":{"uv":[4.75,12.625,5.125,12.875],"tintindex":0,"rotation":0,"texture":"#1"},"north":{"uv":[4.375,12.625,4.75,12.875],"tintindex":0,"rotation":0,"texture":"#1"},"west":{"uv":[12.125,6.25,12.75,6.5],"tintindex":0,"rotation":0,"texture":"#1"},"up":{"uv":[11.75,5.375,11.375,4.75],"tintindex":0,"rotation":0,"texture":"#1"},"down":{"uv":[11.75,5.375,11.375,6.0],"tintindex":0,"rotation":0,"texture":"#1"}}},{"from":[5.0,6.5,9.52079],"to":[6.0,11.5,10.52079],"faces":{"east":{"uv":[7.875,12.75,8.0,13.375],"tintindex":0,"rotation":0,"texture":"#1"},"south":{"uv":[8.0,12.75,8.125,13.375],"tintindex":0,"rotation":0,"texture":"#1"},"north":{"uv":[7.75,12.75,7.875,13.375],"tintindex":0,"rotation":0,"texture":"#1"},"west":{"uv":[8.125,12.75,8.25,13.375],"tintindex":0,"rotation":0,"texture":"#1"},"up":{"uv":[13.375,3.75,13.25,3.625],"tintindex":0,"rotation":0,"texture":"#1"},"down":{"uv":[3.875,13.25,3.75,13.375],"tintindex":0,"rotation":0,"texture":"#1"}},"rotation":{"origin":[5.5,7.5,9.52079],"angle":-45.0,"axis":"x"}},{"from":[5.0,5.5,9.02079],"to":[6.0,6.5,11.02079],"faces":{"east":{"uv":[13.25,0.25,13.5,0.375],"tintindex":0,"rotation":0,"texture":"#1"},"south":{"uv":[3.125,13.25,3.25,13.375],"tintindex":0,"rotation":0,"texture":"#1"},"north":{"uv":[5.125,12.625,5.25,12.75],"tintindex":0,"rotation":0,"texture":"#1"},"west":{"uv":[13.25,0.75,13.5,0.875],"tintindex":0,"rotation":0,"texture":"#1"},"up":{"uv":[13.375,1.75,13.25,1.5],"tintindex":0,"rotation":0,"texture":"#1"},"down":{"uv":[1.75,13.25,1.625,13.5],"tintindex":0,"rotation":0,"texture":"#1"}},"rotation":{"origin":[5.5,7.5,9.52079],"angle":-45.0,"axis":"x"}},{"from":[5.0,6.5,6.52079],"to":[6.0,11.5,7.52079],"faces":{"east":{"uv":[2.0,12.75,2.125,13.375],"tintindex":0,"rotation":0,"texture":"#1"},"south":{"uv":[2.125,12.75,2.25,13.375],"tintindex":0,"rotation":0,"texture":"#1"},"north":{"uv":[11.875,12.625,12.0,13.25],"tintindex":0,"rotation":0,"texture":"#1"},"west":{"uv":[7.125,12.75,7.25,13.375],"tintindex":0,"rotation":0,"texture":"#1"},"up":{"uv":[13.375,3.625,13.25,3.5],"tintindex":0,"rotation":0,"texture":"#1"},"down":{"uv":[3.75,13.25,3.625,13.375],"tintindex":0,"rotation":0,"texture":"#1"}},"rotation":{"origin":[5.5,7.5,9.52079],"angle":-45.0,"axis":"x"}},{"from":[6.5,1.375,6.375],"to":[9.5,2.375,10.375],"faces":{"east":{"uv":[7.25,13.0,7.75,13.125],"tintindex":0,"rotation":0,"texture":"#1"},"south":{"uv":[8.25,13.125,8.625,13.25],"tintindex":0,"rotation":0,"texture":"#1"},"north":{"uv":[7.25,13.125,7.625,13.25],"tintindex":0,"rotation":0,"texture":"#1"},"west":{"uv":[13.0,7.5,13.5,7.625],"tintindex":0,"rotation":0,"texture":"#1"},"up":{"uv":[7.875,12.5,7.5,12.0],"tintindex":0,"rotation":0,"texture":"#1"},"down":{"uv":[8.25,12.0,7.875,12.5],"tintindex":0,"rotation":0,"texture":"#1"}}},{"from":[5.0,6.5,7.52079],"to":[6.0,7.5,9.52079],"faces":{"east":{"uv":[1.75,13.25,2.0,13.375],"tintindex":0,"rotation":0,"texture":"#1"},"south":{"uv":[3.375,13.25,3.5,13.375],"tintindex":0,"rotation":0,"texture":"#1"},"north":{"uv":[3.25,13.25,3.375,13.375],"tintindex":0,"rotation":0,"texture":"#1"},"west":{"uv":[13.25,1.75,13.5,1.875],"tintindex":0,"rotation":0,"texture":"#1"},"up":{"uv":[2.75,13.5,2.625,13.25],"tintindex":0,"rotation":0,"texture":"#1"},"down":{"uv":[2.875,13.25,2.75,13.5],"tintindex":0,"rotation":0,"texture":"#1"}},"rotation":{"origin":[5.5,7.5,9.52079],"angle":-45.0,"axis":"x"}}],"display":{"head":{"rotation":[0.0,0.0,0.0]},"firstperson_righthand":{"rotation":[0.0,0.0,0.0]},"thirdperson_lefthand":{"rotation":[0.0,-0.0,-0.0]},"firstperson_lefthand":{"rotation":[0.0,-0.0,-0.0]},"fixed":{"rotation":[0.0,0.0,0.0]},"ground":{"rotation":[0.0,0.0,0.0]},"thirdperson_righthand":{"rotation":[0.0,0.0,0.0]},"gui":{"rotation":[-150.0,-45.0,180.0]}}}