{"textures":{"1":"modelengine:entity/em_pirate_a3","particle":"#1"},"elements":[{"from":[4.9999995,2.9436035,5.2157288],"to":[9.0,8.9436035,10.215729],"faces":{"east":{"uv":[6.375,9.5,7.0,10.25],"tintindex":0,"rotation":0,"texture":"#1"},"south":{"uv":[5.875,10.25,6.375,11.0],"tintindex":0,"rotation":0,"texture":"#1"},"north":{"uv":[5.375,10.25,5.875,11.0],"tintindex":0,"rotation":0,"texture":"#1"},"west":{"uv":[7.0,9.5,7.625,10.25],"tintindex":0,"rotation":0,"texture":"#1"},"up":{"uv":[3.5,11.375,3.0,10.75],"tintindex":0,"rotation":0,"texture":"#1"},"down":{"uv":[4.0,10.75,3.5,11.375],"tintindex":0,"rotation":0,"texture":"#1"}}},{"from":[5.3499994,-3.2063966,5.5657287],"to":[8.65,-1.9063965,9.865728],"faces":{"east":{"uv":[13.0,5.0,13.5,5.125],"tintindex":0,"rotation":0,"texture":"#1"},"south":{"uv":[13.125,6.0,13.5,6.125],"tintindex":0,"rotation":0,"texture":"#1"},"north":{"uv":[5.875,13.125,6.25,13.25],"tintindex":0,"rotation":0,"texture":"#1"},"west":{"uv":[13.0,5.125,13.5,5.25],"tintindex":0,"rotation":0,"texture":"#1"},"up":{"uv":[12.375,1.0,12.0,0.5],"tintindex":0,"rotation":0,"texture":"#1"},"down":{"uv":[12.375,2.25,12.0,2.75],"tintindex":0,"rotation":0,"texture":"#1"}}},{"from":[5.3999996,-6.1563964,5.615729],"to":[8.6,-2.9563966,9.815729],"faces":{"east":{"uv":[8.75,11.875,9.25,12.25],"tintindex":0,"rotation":0,"texture":"#1"},"south":{"uv":[0.0,12.25,0.375,12.625],"tintindex":0,"rotation":0,"texture":"#1"},"north":{"uv":[12.125,10.25,12.5,10.625],"tintindex":0,"rotation":0,"texture":"#1"},"west":{"uv":[9.25,11.875,9.75,12.25],"tintindex":0,"rotation":0,"texture":"#1"},"up":{"uv":[12.25,9.875,11.875,9.375],"tintindex":0,"rotation":0,"texture":"#1"},"down":{"uv":[10.125,11.875,9.75,12.375],"tintindex":0,"rotation":0,"texture":"#1"}}},{"from":[5.4999995,-3.0563965,5.7157288],"to":[8.5,2.9436035,9.715729],"faces":{"east":{"uv":[10.25,6.125,10.75,6.875],"tintindex":0,"rotation":0,"texture":"#1"},"south":{"uv":[6.25,11.0,6.625,11.75],"tintindex":0,"rotation":0,"texture":"#1"},"north":{"uv":[5.875,11.0,6.25,11.75],"tintindex":0,"rotation":0,"texture":"#1"},"west":{"uv":[6.375,10.25,6.875,11.0],"tintindex":0,"rotation":0,"texture":"#1"},"up":{"uv":[11.875,12.375,11.5,11.875],"tintindex":0,"rotation":0,"texture":"#1"},"down":{"uv":[12.25,11.875,11.875,12.375],"tintindex":0,"rotation":0,"texture":"#1"}}}],"display":{"head":{"rotation":[0.0,0.0,0.0]},"firstperson_righthand":{"rotation":[0.0,0.0,0.0]},"thirdperson_lefthand":{"rotation":[0.0,-0.0,-0.0]},"firstperson_lefthand":{"rotation":[0.0,-0.0,-0.0]},"fixed":{"rotation":[0.0,0.0,0.0]},"ground":{"rotation":[0.0,0.0,0.0]},"thirdperson_righthand":{"rotation":[0.0,0.0,0.0]},"gui":{"rotation":[-150.0,-45.0,180.0]}}}