{"textures":{"1":"modelengine:entity/em_pirate_a3","particle":"#1"},"elements":[{"from":[3.9960203,1.1671524,8.1516],"to":[5.9960203,9.167152,10.1516],"faces":{"east":{"uv":[2.25,11.375,2.5,12.375],"tintindex":0,"rotation":0,"texture":"#1"},"south":{"uv":[2.5,11.375,2.75,12.375],"tintindex":0,"rotation":0,"texture":"#1"},"north":{"uv":[2.0,11.375,2.25,12.375],"tintindex":0,"rotation":0,"texture":"#1"},"west":{"uv":[2.75,11.375,3.0,12.375],"tintindex":0,"rotation":0,"texture":"#1"},"up":{"uv":[11.0,13.25,10.75,13.0],"tintindex":0,"rotation":0,"texture":"#1"},"down":{"uv":[11.25,13.0,11.0,13.25],"tintindex":0,"rotation":0,"texture":"#1"}},"rotation":{"origin":[4.9960203,7.1671524,9.1516],"angle":-22.5,"axis":"x"}},{"from":[4.0010204,7.557971,7.965251],"to":[5.99102,9.547971,9.955251],"faces":{"east":{"uv":[9.25,13.0,9.5,13.25],"tintindex":0,"rotation":0,"texture":"#1"},"south":{"uv":[9.5,13.0,9.75,13.25],"tintindex":0,"rotation":0,"texture":"#1"},"north":{"uv":[13.0,9.0,13.25,9.25],"tintindex":0,"rotation":0,"texture":"#1"},"west":{"uv":[10.25,13.0,10.5,13.25],"tintindex":0,"rotation":0,"texture":"#1"},"up":{"uv":[13.25,10.625,13.0,10.375],"tintindex":0,"rotation":0,"texture":"#1"},"down":{"uv":[10.75,13.0,10.5,13.25],"tintindex":0,"rotation":0,"texture":"#1"}},"rotation":{"origin":[4.9960203,8.552971,8.960251],"angle":-45.0,"axis":"x"}},{"from":[6.501,0.376,6.376],"to":[9.499,1.374,9.374],"faces":{"east":{"uv":[13.125,10.0,13.5,10.125],"tintindex":0,"rotation":0,"texture":"#1"},"south":{"uv":[13.125,10.125,13.5,10.25],"tintindex":0,"rotation":0,"texture":"#1"},"north":{"uv":[13.125,9.875,13.5,10.0],"tintindex":0,"rotation":0,"texture":"#1"},"west":{"uv":[13.125,10.25,13.5,10.375],"tintindex":0,"rotation":0,"texture":"#1"},"up":{"uv":[12.625,9.75,12.25,9.375],"tintindex":0,"rotation":0,"texture":"#1"},"down":{"uv":[12.625,11.75,12.25,12.125],"tintindex":0,"rotation":0,"texture":"#1"}}},{"from":[6.5,-4.625,6.625],"to":[9.5,-2.625,9.625],"faces":{"east":{"uv":[12.75,0.25,13.125,0.5],"tintindex":0,"rotation":0,"texture":"#1"},"south":{"uv":[12.75,0.5,13.125,0.75],"tintindex":0,"rotation":0,"texture":"#1"},"north":{"uv":[0.25,12.75,0.625,13.0],"tintindex":0,"rotation":0,"texture":"#1"},"west":{"uv":[0.625,12.75,1.0,13.0],"tintindex":0,"rotation":0,"texture":"#1"},"up":{"uv":[12.625,12.5,12.25,12.125],"tintindex":0,"rotation":0,"texture":"#1"},"down":{"uv":[0.75,12.375,0.375,12.75],"tintindex":0,"rotation":0,"texture":"#1"}}},{"from":[6.5,-6.625,5.125],"to":[9.5,-4.625,10.125],"faces":{"east":{"uv":[12.125,6.5,12.75,6.75],"tintindex":0,"rotation":0,"texture":"#1"},"south":{"uv":[12.625,11.75,13.0,12.0],"tintindex":0,"rotation":0,"texture":"#1"},"north":{"uv":[12.625,11.5,13.0,11.75],"tintindex":0,"rotation":0,"texture":"#1"},"west":{"uv":[12.125,6.75,12.75,7.0],"tintindex":0,"rotation":0,"texture":"#1"},"up":{"uv":[7.25,12.0,6.875,11.375],"tintindex":0,"rotation":0,"texture":"#1"},"down":{"uv":[7.625,11.375,7.25,12.0],"tintindex":0,"rotation":0,"texture":"#1"}}},{"from":[3.9960203,7.3193893,8.916962],"to":[3.9960203,9.319389,12.916962],"faces":{"east":{"uv":[12.5,8.75,13.0,9.0],"tintindex":0,"rotation":0,"texture":"#1"},"west":{"uv":[10.0,12.5,10.5,12.75],"tintindex":0,"rotation":0,"texture":"#1"}}},{"from":[6.5,1.375,6.375],"to":[9.5,2.375,10.375],"faces":{"east":{"uv":[13.0,8.125,13.5,8.25],"tintindex":0,"rotation":0,"texture":"#1"},"south":{"uv":[13.125,9.375,13.5,9.5],"tintindex":0,"rotation":0,"texture":"#1"},"north":{"uv":[13.125,9.25,13.5,9.375],"tintindex":0,"rotation":0,"texture":"#1"},"west":{"uv":[8.25,13.0,8.75,13.125],"tintindex":0,"rotation":0,"texture":"#1"},"up":{"uv":[10.875,12.5,10.5,12.0],"tintindex":0,"rotation":0,"texture":"#1"},"down":{"uv":[12.375,10.75,12.0,11.25],"tintindex":0,"rotation":0,"texture":"#1"}}},{"from":[6.0,2.375,6.375],"to":[10.0,9.375,10.375],"faces":{"east":{"uv":[9.875,3.5,10.375,4.375],"tintindex":0,"rotation":0,"texture":"#1"},"south":{"uv":[3.875,9.875,4.375,10.75],"tintindex":0,"rotation":0,"texture":"#1"},"north":{"uv":[3.375,9.875,3.875,10.75],"tintindex":0,"rotation":0,"texture":"#1"},"west":{"uv":[9.875,4.375,10.375,5.25],"tintindex":0,"rotation":0,"texture":"#1"},"up":{"uv":[11.75,7.0,11.25,6.5],"tintindex":0,"rotation":0,"texture":"#1"},"down":{"uv":[11.75,7.0,11.25,7.5],"tintindex":0,"rotation":0,"texture":"#1"}}},{"from":[6.505,-0.89059937,8.033278],"to":[9.495,2.0994005,10.023278],"faces":{"east":{"uv":[9.25,12.625,9.5,13.0],"tintindex":0,"rotation":0,"texture":"#1"},"south":{"uv":[9.375,12.25,9.75,12.625],"tintindex":0,"rotation":0,"texture":"#1"},"north":{"uv":[12.25,9.0,12.625,9.375],"tintindex":0,"rotation":0,"texture":"#1"},"west":{"uv":[12.625,9.25,12.875,9.625],"tintindex":0,"rotation":0,"texture":"#1"},"up":{"uv":[13.0,11.5,12.625,11.25],"tintindex":0,"rotation":0,"texture":"#1"},"down":{"uv":[11.875,12.625,11.5,12.875],"tintindex":0,"rotation":0,"texture":"#1"}},"rotation":{"origin":[8.0,1.1044006,8.778278],"angle":22.5,"axis":"x"}},{"from":[4.0360203,7.2071524,4.1916],"to":[5.9560204,9.127152,8.1116],"faces":{"east":{"uv":[12.5,10.375,13.0,10.625],"tintindex":0,"rotation":0,"texture":"#1"},"south":{"uv":[13.0,11.25,13.25,11.5],"tintindex":0,"rotation":0,"texture":"#1"},"north":{"uv":[11.25,13.0,11.5,13.25],"tintindex":0,"rotation":0,"texture":"#1"},"west":{"uv":[10.5,12.5,11.0,12.75],"tintindex":0,"rotation":0,"texture":"#1"},"up":{"uv":[11.25,13.0,11.0,12.5],"tintindex":0,"rotation":0,"texture":"#1"},"down":{"uv":[11.5,12.5,11.25,13.0],"tintindex":0,"rotation":0,"texture":"#1"}}},{"from":[4.1460204,0.5171493,8.851599],"to":[5.84602,8.21715,10.5515995],"faces":{"east":{"uv":[1.25,11.375,1.5,12.375],"tintindex":0,"rotation":0,"texture":"#1"},"south":{"uv":[1.5,11.375,1.75,12.375],"tintindex":0,"rotation":0,"texture":"#1"},"north":{"uv":[1.0,11.375,1.25,12.375],"tintindex":0,"rotation":0,"texture":"#1"},"west":{"uv":[1.75,11.375,2.0,12.375],"tintindex":0,"rotation":0,"texture":"#1"},"up":{"uv":[9.0,13.25,8.75,13.0],"tintindex":0,"rotation":0,"texture":"#1"},"down":{"uv":[13.25,8.75,13.0,9.0],"tintindex":0,"rotation":0,"texture":"#1"}},"rotation":{"origin":[4.9960203,7.1671524,9.1516],"angle":-22.5,"axis":"x"}},{"from":[4.9960203,5.3193893,5.9169617],"to":[4.9960203,9.319389,7.9169617],"faces":{"east":{"uv":[8.25,12.5,8.5,13.0],"tintindex":0,"rotation":0,"texture":"#1"},"west":{"uv":[12.5,9.875,12.75,10.375],"tintindex":0,"rotation":0,"texture":"#1"}},"rotation":{"origin":[4.9960203,8.319389,10.916962],"angle":-22.5,"axis":"x"}},{"from":[5.9,-0.725,6.2499986],"to":[10.1,0.475,10.449999],"faces":{"east":{"uv":[13.0,8.375,13.5,8.5],"tintindex":0,"rotation":0,"texture":"#1"},"south":{"uv":[13.0,8.5,13.5,8.625],"tintindex":0,"rotation":0,"texture":"#1"},"north":{"uv":[13.0,8.25,13.5,8.375],"tintindex":0,"rotation":0,"texture":"#1"},"west":{"uv":[13.0,8.625,13.5,8.75],"tintindex":0,"rotation":0,"texture":"#1"},"up":{"uv":[11.75,8.0,11.25,7.5],"tintindex":0,"rotation":0,"texture":"#1"},"down":{"uv":[1.0,11.375,0.5,11.875],"tintindex":0,"rotation":0,"texture":"#1"}}},{"from":[6.5,-2.625,6.375],"to":[9.5,-0.625,10.375],"faces":{"east":{"uv":[12.5,8.25,13.0,8.5],"tintindex":0,"rotation":0,"texture":"#1"},"south":{"uv":[12.625,12.25,13.0,12.5],"tintindex":0,"rotation":0,"texture":"#1"},"north":{"uv":[12.625,12.0,13.0,12.25],"tintindex":0,"rotation":0,"texture":"#1"},"west":{"uv":[12.5,8.5,13.0,8.75],"tintindex":0,"rotation":0,"texture":"#1"},"up":{"uv":[11.25,12.5,10.875,12.0],"tintindex":0,"rotation":0,"texture":"#1"},"down":{"uv":[12.375,11.25,12.0,11.75],"tintindex":0,"rotation":0,"texture":"#1"}}}],"display":{"head":{"rotation":[0.0,0.0,0.0]},"firstperson_righthand":{"rotation":[0.0,0.0,0.0]},"thirdperson_lefthand":{"rotation":[0.0,-0.0,-0.0]},"firstperson_lefthand":{"rotation":[0.0,-0.0,-0.0]},"fixed":{"rotation":[0.0,0.0,0.0]},"ground":{"rotation":[0.0,0.0,0.0]},"thirdperson_righthand":{"rotation":[0.0,0.0,0.0]},"gui":{"rotation":[-150.0,-45.0,180.0]}}}