{"textures":{"0":"modelengine:entity/em_pirate_a4","particle":"#0"},"elements":[{"from":[5.4999995,-3.0563965,5.7157288],"to":[8.5,2.9436035,9.715729],"faces":{"east":{"uv":[5.375,5.9375,5.625,6.3125],"tintindex":0,"rotation":0,"texture":"#0"},"south":{"uv":[6.5625,4.5625,6.75,4.9375],"tintindex":0,"rotation":0,"texture":"#0"},"north":{"uv":[6.5625,4.125,6.75,4.5],"tintindex":0,"rotation":0,"texture":"#0"},"west":{"uv":[5.6875,5.9375,5.9375,6.3125],"tintindex":0,"rotation":0,"texture":"#0"},"up":{"uv":[7.25,4.9375,7.0625,4.6875],"tintindex":0,"rotation":0,"texture":"#0"},"down":{"uv":[5.5,7.0625,5.3125,7.3125],"tintindex":0,"rotation":0,"texture":"#0"}}},{"from":[5.3499994,-3.2063966,5.5657287],"to":[8.65,-1.9063965,9.865728],"faces":{"east":{"uv":[7.9375,7.0625,8.1875,7.125],"tintindex":0,"rotation":0,"texture":"#0"},"south":{"uv":[6.8125,8.1875,7.0,8.25],"tintindex":0,"rotation":0,"texture":"#0"},"north":{"uv":[8.1875,6.75,8.375,6.8125],"tintindex":0,"rotation":0,"texture":"#0"},"west":{"uv":[7.9375,7.1875,8.1875,7.25],"tintindex":0,"rotation":0,"texture":"#0"},"up":{"uv":[7.25,5.875,7.0625,5.625],"tintindex":0,"rotation":0,"texture":"#0"},"down":{"uv":[7.25,5.9375,7.0625,6.1875],"tintindex":0,"rotation":0,"texture":"#0"}}},{"from":[5.4699993,-1.0863965,5.6857285],"to":[8.53,-0.026396485,9.7457285],"faces":{"east":{"uv":[7.9375,6.5,8.1875,6.5625],"tintindex":0,"rotation":0,"texture":"#0"},"south":{"uv":[8.1875,6.625,8.375,6.6875],"tintindex":0,"rotation":0,"texture":"#0"},"north":{"uv":[6.5625,8.1875,6.75,8.25],"tintindex":0,"rotation":0,"texture":"#0"},"west":{"uv":[7.9375,6.9375,8.1875,7.0],"tintindex":0,"rotation":0,"texture":"#0"},"up":{"uv":[7.25,5.5625,7.0625,5.3125],"tintindex":0,"rotation":0,"texture":"#0"},"down":{"uv":[5.75,7.0625,5.5625,7.3125],"tintindex":0,"rotation":0,"texture":"#0"}}},{"from":[5.3999996,-6.1563964,5.615729],"to":[8.6,-2.9563966,9.815729],"faces":{"east":{"uv":[7.0625,2.875,7.3125,3.0625],"tintindex":0,"rotation":0,"texture":"#0"},"south":{"uv":[1.25,7.375,1.4375,7.5625],"tintindex":0,"rotation":0,"texture":"#0"},"north":{"uv":[7.375,0.25,7.5625,0.4375],"tintindex":0,"rotation":0,"texture":"#0"},"west":{"uv":[7.0625,3.125,7.3125,3.3125],"tintindex":0,"rotation":0,"texture":"#0"},"up":{"uv":[7.25,4.3125,7.0625,4.0625],"tintindex":0,"rotation":0,"texture":"#0"},"down":{"uv":[7.25,4.375,7.0625,4.625],"tintindex":0,"rotation":0,"texture":"#0"}}},{"from":[4.9999995,2.9436035,5.2157288],"to":[9.0,8.9436035,10.215729],"faces":{"east":{"uv":[2.8125,5.4375,3.125,5.8125],"tintindex":0,"rotation":0,"texture":"#0"},"south":{"uv":[5.0625,5.9375,5.3125,6.3125],"tintindex":0,"rotation":0,"texture":"#0"},"north":{"uv":[4.75,5.9375,5.0,6.3125],"tintindex":0,"rotation":0,"texture":"#0"},"west":{"uv":[1.6875,5.5,2.0,5.875],"tintindex":0,"rotation":0,"texture":"#0"},"up":{"uv":[6.4375,1.5,6.1875,1.1875],"tintindex":0,"rotation":0,"texture":"#0"},"down":{"uv":[4.0,6.1875,3.75,6.5],"tintindex":0,"rotation":0,"texture":"#0"}}}],"display":{"head":{"rotation":[0.0,0.0,0.0]},"firstperson_righthand":{"rotation":[0.0,0.0,0.0]},"thirdperson_lefthand":{"rotation":[0.0,-0.0,-0.0]},"firstperson_lefthand":{"rotation":[0.0,-0.0,-0.0]},"fixed":{"rotation":[0.0,0.0,0.0]},"ground":{"rotation":[0.0,0.0,0.0]},"thirdperson_righthand":{"rotation":[0.0,0.0,0.0]},"gui":{"rotation":[-150.0,-45.0,180.0]}}}