{"textures":{"2":"modelengine:entity/em_pirate_a1","particle":"#2"},"elements":[{"from":[5.3999996,-6.1564,5.61573],"to":[8.6,-2.9564004,9.81573],"faces":{"east":{"uv":[6.0625,7.0625,6.3125,7.25],"tintindex":0,"rotation":0,"texture":"#2"},"south":{"uv":[7.625,0.75,7.8125,0.9375],"tintindex":0,"rotation":0,"texture":"#2"},"north":{"uv":[7.625,0.5,7.8125,0.6875],"tintindex":0,"rotation":0,"texture":"#2"},"west":{"uv":[7.125,0.0,7.375,0.1875],"tintindex":0,"rotation":0,"texture":"#2"},"up":{"uv":[0.375,7.375,0.1875,7.125],"tintindex":0,"rotation":0,"texture":"#2"},"down":{"uv":[7.3125,0.25,7.125,0.5],"tintindex":0,"rotation":0,"texture":"#2"}}},{"from":[5.4999995,-3.0564003,5.7157297],"to":[8.5,2.9435997,9.71573],"faces":{"east":{"uv":[3.4375,6.0,3.6875,6.375],"tintindex":0,"rotation":0,"texture":"#2"},"south":{"uv":[6.5625,6.0,6.75,6.375],"tintindex":0,"rotation":0,"texture":"#2"},"north":{"uv":[3.8125,6.4375,4.0,6.8125],"tintindex":0,"rotation":0,"texture":"#2"},"west":{"uv":[3.75,6.0,4.0,6.375],"tintindex":0,"rotation":0,"texture":"#2"},"up":{"uv":[0.625,7.375,0.4375,7.125],"tintindex":0,"rotation":0,"texture":"#2"},"down":{"uv":[0.875,7.125,0.6875,7.375],"tintindex":0,"rotation":0,"texture":"#2"}}},{"from":[5.4699993,-1.0864003,5.6857295],"to":[8.53,-0.0264003,9.745729],"faces":{"east":{"uv":[8.25,2.625,8.5,2.6875],"tintindex":0,"rotation":0,"texture":"#2"},"south":{"uv":[8.5625,3.9375,8.75,4.0],"tintindex":0,"rotation":0,"texture":"#2"},"north":{"uv":[8.5625,3.125,8.75,3.1875],"tintindex":0,"rotation":0,"texture":"#2"},"west":{"uv":[8.25,3.125,8.5,3.1875],"tintindex":0,"rotation":0,"texture":"#2"},"up":{"uv":[7.3125,3.4375,7.125,3.1875],"tintindex":0,"rotation":0,"texture":"#2"},"down":{"uv":[3.625,7.125,3.4375,7.375],"tintindex":0,"rotation":0,"texture":"#2"}}},{"from":[5.3499994,-3.2064004,5.5657296],"to":[8.65,-1.9064003,9.865729],"faces":{"east":{"uv":[8.25,3.9375,8.5,4.0],"tintindex":0,"rotation":0,"texture":"#2"},"south":{"uv":[4.375,8.5625,4.5625,8.625],"tintindex":0,"rotation":0,"texture":"#2"},"north":{"uv":[8.5625,4.0625,8.75,4.125],"tintindex":0,"rotation":0,"texture":"#2"},"west":{"uv":[8.25,4.0625,8.5,4.125],"tintindex":0,"rotation":0,"texture":"#2"},"up":{"uv":[7.3125,5.625,7.125,5.375],"tintindex":0,"rotation":0,"texture":"#2"},"down":{"uv":[7.3125,5.6875,7.125,5.9375],"tintindex":0,"rotation":0,"texture":"#2"}}},{"from":[4.9999995,2.9435997,5.2157297],"to":[9.0,8.9436,10.21573],"faces":{"east":{"uv":[1.3125,5.5,1.625,5.875],"tintindex":0,"rotation":0,"texture":"#2"},"south":{"uv":[3.125,6.0,3.375,6.375],"tintindex":0,"rotation":0,"texture":"#2"},"north":{"uv":[2.8125,6.0,3.0625,6.375],"tintindex":0,"rotation":0,"texture":"#2"},"west":{"uv":[0.0,5.5625,0.3125,5.9375],"tintindex":0,"rotation":0,"texture":"#2"},"up":{"uv":[2.5,6.625,2.25,6.3125],"tintindex":0,"rotation":0,"texture":"#2"},"down":{"uv":[4.3125,6.3125,4.0625,6.625],"tintindex":0,"rotation":0,"texture":"#2"}}}],"display":{"head":{"rotation":[0.0,0.0,0.0]},"firstperson_righthand":{"rotation":[0.0,0.0,0.0]},"thirdperson_lefthand":{"rotation":[0.0,-0.0,-0.0]},"firstperson_lefthand":{"rotation":[0.0,-0.0,-0.0]},"fixed":{"rotation":[0.0,0.0,0.0]},"ground":{"rotation":[0.0,0.0,0.0]},"thirdperson_righthand":{"rotation":[0.0,0.0,0.0]},"gui":{"rotation":[-150.0,-45.0,180.0]}}}