{"textures":{"3":"modelengine:entity/em_pirate_a2","particle":"#3"},"elements":[{"from":[8.59602,-6.5563965,4.9657288],"to":[9.59602,-4.5563965,5.9657288],"faces":{"east":{"uv":[8.25,7.9375,8.3125,8.0625],"tintindex":0,"rotation":0,"texture":"#3"},"south":{"uv":[8.25,8.125,8.3125,8.25],"tintindex":0,"rotation":0,"texture":"#3"},"north":{"uv":[8.25,7.0625,8.3125,7.1875],"tintindex":0,"rotation":0,"texture":"#3"},"west":{"uv":[8.3125,0.0,8.375,0.125],"tintindex":0,"rotation":0,"texture":"#3"},"up":{"uv":[6.0625,5.4375,6.0,5.375],"tintindex":0,"rotation":0,"texture":"#3"},"down":{"uv":[0.875,6.6875,0.8125,6.75],"tintindex":0,"rotation":0,"texture":"#3"}}},{"from":[7.5,-3.0563965,5.7157288],"to":[10.5,2.9436035,9.715729],"faces":{"east":{"uv":[5.9375,0.0,6.1875,0.375],"tintindex":0,"rotation":0,"texture":"#3"},"south":{"uv":[6.5625,3.25,6.75,3.625],"tintindex":0,"rotation":0,"texture":"#3"},"north":{"uv":[6.5625,2.8125,6.75,3.1875],"tintindex":0,"rotation":0,"texture":"#3"},"west":{"uv":[1.625,5.9375,1.875,6.3125],"tintindex":0,"rotation":0,"texture":"#3"},"up":{"uv":[0.375,7.25,0.1875,7.0],"tintindex":0,"rotation":0,"texture":"#3"},"down":{"uv":[0.625,7.0,0.4375,7.25],"tintindex":0,"rotation":0,"texture":"#3"}}},{"from":[8.59602,-5.0563965,9.965729],"to":[9.59602,-3.0563965,11.965729],"faces":{"east":{"uv":[0.0,7.9375,0.125,8.0625],"tintindex":0,"rotation":0,"texture":"#3"},"south":{"uv":[0.5625,7.3125,0.625,7.4375],"tintindex":0,"rotation":0,"texture":"#3"},"north":{"uv":[0.6875,7.0,0.75,7.125],"tintindex":0,"rotation":0,"texture":"#3"},"west":{"uv":[7.9375,0.0,8.0625,0.125],"tintindex":0,"rotation":0,"texture":"#3"},"up":{"uv":[7.375,6.6875,7.3125,6.5625],"tintindex":0,"rotation":0,"texture":"#3"},"down":{"uv":[5.8125,8.25,5.75,8.375],"tintindex":0,"rotation":0,"texture":"#3"}}},{"from":[7.0,2.9436035,5.2157288],"to":[11.0,8.9436035,10.215729],"faces":{"east":{"uv":[5.3125,3.375,5.625,3.75],"tintindex":0,"rotation":0,"texture":"#3"},"south":{"uv":[2.8125,5.875,3.0625,6.25],"tintindex":0,"rotation":0,"texture":"#3"},"north":{"uv":[5.875,1.3125,6.125,1.6875],"tintindex":0,"rotation":0,"texture":"#3"},"west":{"uv":[5.3125,3.8125,5.625,4.1875],"tintindex":0,"rotation":0,"texture":"#3"},"up":{"uv":[3.6875,6.375,3.4375,6.0625],"tintindex":0,"rotation":0,"texture":"#3"},"down":{"uv":[6.375,5.375,6.125,5.6875],"tintindex":0,"rotation":0,"texture":"#3"}}},{"from":[7.4,-6.1563964,5.615729],"to":[10.6,-2.9563966,9.815729],"faces":{"east":{"uv":[6.9375,1.375,7.1875,1.5625],"tintindex":0,"rotation":0,"texture":"#3"},"south":{"uv":[7.3125,6.0625,7.5,6.25],"tintindex":0,"rotation":0,"texture":"#3"},"north":{"uv":[7.3125,5.8125,7.5,6.0],"tintindex":0,"rotation":0,"texture":"#3"},"west":{"uv":[2.25,6.9375,2.5,7.125],"tintindex":0,"rotation":0,"texture":"#3"},"up":{"uv":[6.875,7.1875,6.6875,6.9375],"tintindex":0,"rotation":0,"texture":"#3"},"down":{"uv":[7.125,6.9375,6.9375,7.1875],"tintindex":0,"rotation":0,"texture":"#3"}}},{"from":[7.35,-3.2063966,5.5657287],"to":[10.65,-1.9063965,9.865728],"faces":{"east":{"uv":[0.5,7.9375,0.75,8.0],"tintindex":0,"rotation":0,"texture":"#3"},"south":{"uv":[2.4375,8.1875,2.625,8.25],"tintindex":0,"rotation":0,"texture":"#3"},"north":{"uv":[2.1875,8.1875,2.375,8.25],"tintindex":0,"rotation":0,"texture":"#3"},"west":{"uv":[7.9375,0.5,8.1875,0.5625],"tintindex":0,"rotation":0,"texture":"#3"},"up":{"uv":[2.75,7.25,2.5625,7.0],"tintindex":0,"rotation":0,"texture":"#3"},"down":{"uv":[3.8125,7.0,3.625,7.25],"tintindex":0,"rotation":0,"texture":"#3"}}},{"from":[8.59602,-4.5563965,4.9657288],"to":[9.59602,-3.5563965,9.965729],"faces":{"east":{"uv":[7.75,6.375,8.0625,6.4375],"tintindex":0,"rotation":0,"texture":"#3"},"south":{"uv":[6.9375,7.875,7.0,7.9375],"tintindex":0,"rotation":0,"texture":"#3"},"north":{"uv":[6.4375,7.4375,6.5,7.5],"tintindex":0,"rotation":0,"texture":"#3"},"west":{"uv":[7.8125,2.9375,8.125,3.0],"tintindex":0,"rotation":0,"texture":"#3"},"up":{"uv":[4.0625,8.125,4.0,7.8125],"tintindex":0,"rotation":0,"texture":"#3"},"down":{"uv":[4.6875,7.8125,4.625,8.125],"tintindex":0,"rotation":0,"texture":"#3"}}},{"from":[8.59602,-6.5563965,8.965729],"to":[9.59602,-4.5563965,9.965729],"faces":{"east":{"uv":[8.3125,0.75,8.375,0.875],"tintindex":0,"rotation":0,"texture":"#3"},"south":{"uv":[8.3125,1.0625,8.375,1.1875],"tintindex":0,"rotation":0,"texture":"#3"},"north":{"uv":[8.3125,0.5625,8.375,0.6875],"tintindex":0,"rotation":0,"texture":"#3"},"west":{"uv":[8.3125,1.25,8.375,1.375],"tintindex":0,"rotation":0,"texture":"#3"},"up":{"uv":[6.875,1.4375,6.8125,1.375],"tintindex":0,"rotation":0,"texture":"#3"},"down":{"uv":[3.6875,6.875,3.625,6.9375],"tintindex":0,"rotation":0,"texture":"#3"}}},{"from":[8.59602,-7.5563965,4.9657288],"to":[9.59602,-6.5563965,9.965729],"faces":{"east":{"uv":[3.375,5.125,3.6875,5.1875],"tintindex":0,"rotation":0,"texture":"#3"},"south":{"uv":[0.9375,7.1875,1.0,7.25],"tintindex":0,"rotation":0,"texture":"#3"},"north":{"uv":[6.5625,7.125,6.625,7.1875],"tintindex":0,"rotation":0,"texture":"#3"},"west":{"uv":[7.75,0.8125,8.0625,0.875],"tintindex":0,"rotation":0,"texture":"#3"},"up":{"uv":[5.625,5.4375,5.5625,5.125],"tintindex":0,"rotation":0,"texture":"#3"},"down":{"uv":[3.5625,7.6875,3.5,8.0],"tintindex":0,"rotation":0,"texture":"#3"}}},{"from":[9.09602,-6.0563965,-10.034271],"to":[9.09602,1.9436035,3.9657288],"faces":{"east":{"uv":[0.0,0.0,0.875,0.5],"tintindex":0,"rotation":0,"texture":"#3"},"west":{"uv":[0.0,0.5625,0.875,1.0625],"tintindex":0,"rotation":0,"texture":"#3"}}},{"from":[8.59602,-5.0563965,3.9657288],"to":[9.59602,-3.0563965,4.9657288],"faces":{"east":{"uv":[6.0,8.25,6.0625,8.375],"tintindex":0,"rotation":0,"texture":"#3"},"south":{"uv":[6.125,8.25,6.1875,8.375],"tintindex":0,"rotation":0,"texture":"#3"},"north":{"uv":[5.875,8.25,5.9375,8.375],"tintindex":0,"rotation":0,"texture":"#3"},"west":{"uv":[8.25,6.875,8.3125,7.0],"tintindex":0,"rotation":0,"texture":"#3"},"up":{"uv":[3.8125,5.1875,3.75,5.125],"tintindex":0,"rotation":0,"texture":"#3"},"down":{"uv":[3.875,5.5625,3.8125,5.625],"tintindex":0,"rotation":0,"texture":"#3"}}},{"from":[7.47,-1.0863965,5.6857285],"to":[10.53,-0.026396485,9.7457285],"faces":{"east":{"uv":[0.1875,7.9375,0.4375,8.0],"tintindex":0,"rotation":0,"texture":"#3"},"south":{"uv":[8.1875,0.3125,8.375,0.375],"tintindex":0,"rotation":0,"texture":"#3"},"north":{"uv":[8.125,7.4375,8.3125,7.5],"tintindex":0,"rotation":0,"texture":"#3"},"west":{"uv":[7.9375,0.1875,8.1875,0.25],"tintindex":0,"rotation":0,"texture":"#3"},"up":{"uv":[1.25,7.25,1.0625,7.0],"tintindex":0,"rotation":0,"texture":"#3"},"down":{"uv":[7.1875,1.625,7.0,1.875],"tintindex":0,"rotation":0,"texture":"#3"}}}],"display":{"head":{"rotation":[0.0,0.0,0.0]},"firstperson_righthand":{"rotation":[0.0,0.0,0.0]},"thirdperson_lefthand":{"rotation":[0.0,-0.0,-0.0]},"firstperson_lefthand":{"rotation":[0.0,-0.0,-0.0]},"fixed":{"rotation":[0.0,0.0,0.0]},"ground":{"rotation":[0.0,0.0,0.0]},"thirdperson_righthand":{"rotation":[0.0,0.0,0.0]},"gui":{"rotation":[-150.0,-45.0,180.0]}}}