{"textures":{"1":"modelengine:entity/em_pirate_a3","particle":"#1"},"elements":[{"from":[7.5,-3.0563965,5.7157288],"to":[10.5,2.9436035,9.715729],"faces":{"east":{"uv":[10.0,0.75,10.5,1.5],"tintindex":0,"rotation":0,"texture":"#1"},"south":{"uv":[4.0,10.75,4.375,11.5],"tintindex":0,"rotation":0,"texture":"#1"},"north":{"uv":[1.5,10.0,1.875,10.75],"tintindex":0,"rotation":0,"texture":"#1"},"west":{"uv":[1.0,10.0,1.5,10.75],"tintindex":0,"rotation":0,"texture":"#1"},"up":{"uv":[4.75,12.25,4.375,11.75],"tintindex":0,"rotation":0,"texture":"#1"},"down":{"uv":[12.125,4.625,11.75,5.125],"tintindex":0,"rotation":0,"texture":"#1"}}},{"from":[7.4,-6.1563964,5.615729],"to":[10.6,-2.9563966,9.815729],"faces":{"east":{"uv":[11.625,10.375,12.125,10.75],"tintindex":0,"rotation":0,"texture":"#1"},"south":{"uv":[12.125,7.5,12.5,7.875],"tintindex":0,"rotation":0,"texture":"#1"},"north":{"uv":[8.625,9.5,9.0,9.875],"tintindex":0,"rotation":0,"texture":"#1"},"west":{"uv":[10.625,11.625,11.125,12.0],"tintindex":0,"rotation":0,"texture":"#1"},"up":{"uv":[12.0,11.25,11.625,10.75],"tintindex":0,"rotation":0,"texture":"#1"},"down":{"uv":[12.125,4.125,11.75,4.625],"tintindex":0,"rotation":0,"texture":"#1"}}},{"from":[7.35,-3.2063966,5.5657287],"to":[10.65,-1.9063965,9.865728],"faces":{"east":{"uv":[12.875,11.125,13.375,11.25],"tintindex":0,"rotation":0,"texture":"#1"},"south":{"uv":[13.125,2.0,13.5,2.125],"tintindex":0,"rotation":0,"texture":"#1"},"north":{"uv":[13.125,0.875,13.5,1.0],"tintindex":0,"rotation":0,"texture":"#1"},"west":{"uv":[12.125,12.875,12.625,13.0],"tintindex":0,"rotation":0,"texture":"#1"},"up":{"uv":[5.125,12.25,4.75,11.75],"tintindex":0,"rotation":0,"texture":"#1"},"down":{"uv":[5.5,11.75,5.125,12.25],"tintindex":0,"rotation":0,"texture":"#1"}}},{"from":[7.0,2.9436035,5.2157288],"to":[11.0,8.9436035,10.215729],"faces":{"east":{"uv":[9.25,4.125,9.875,4.875],"tintindex":0,"rotation":0,"texture":"#1"},"south":{"uv":[0.5,10.0,1.0,10.75],"tintindex":0,"rotation":0,"texture":"#1"},"north":{"uv":[10.0,0.0,10.5,0.75],"tintindex":0,"rotation":0,"texture":"#1"},"west":{"uv":[9.25,4.875,9.875,5.625],"tintindex":0,"rotation":0,"texture":"#1"},"up":{"uv":[11.125,11.125,10.625,10.5],"tintindex":0,"rotation":0,"texture":"#1"},"down":{"uv":[1.0,10.75,0.5,11.375],"tintindex":0,"rotation":0,"texture":"#1"}}}],"display":{"head":{"rotation":[0.0,0.0,0.0]},"firstperson_righthand":{"rotation":[0.0,0.0,0.0]},"thirdperson_lefthand":{"rotation":[0.0,-0.0,-0.0]},"firstperson_lefthand":{"rotation":[0.0,-0.0,-0.0]},"fixed":{"rotation":[0.0,0.0,0.0]},"ground":{"rotation":[0.0,0.0,0.0]},"thirdperson_righthand":{"rotation":[0.0,0.0,0.0]},"gui":{"rotation":[-150.0,-45.0,180.0]}}}