{"textures":{"2":"modelengine:entity/em_pirate_a1","particle":"#2"},"elements":[{"from":[8.59602,-5.0563965,9.96573],"to":[9.59602,-3.0563965,11.96573],"faces":{"east":{"uv":[5.375,8.25,5.5,8.375],"tintindex":0,"rotation":0,"texture":"#2"},"south":{"uv":[2.875,8.6875,2.9375,8.8125],"tintindex":0,"rotation":0,"texture":"#2"},"north":{"uv":[2.75,8.6875,2.8125,8.8125],"tintindex":0,"rotation":0,"texture":"#2"},"west":{"uv":[5.8125,8.25,5.9375,8.375],"tintindex":0,"rotation":0,"texture":"#2"},"up":{"uv":[3.0625,8.8125,3.0,8.6875],"tintindex":0,"rotation":0,"texture":"#2"},"down":{"uv":[4.0625,8.6875,4.0,8.8125],"tintindex":0,"rotation":0,"texture":"#2"}}},{"from":[9.09602,-6.0563965,-10.034269],"to":[9.09602,1.9436035,3.9657297],"faces":{"east":{"uv":[0.9375,0.0,1.8125,0.5],"tintindex":0,"rotation":0,"texture":"#2"},"west":{"uv":[0.9375,0.5625,1.8125,1.0625],"tintindex":0,"rotation":0,"texture":"#2"}}},{"from":[8.59602,-5.0563965,3.9657297],"to":[9.59602,-3.0563965,4.9657297],"faces":{"east":{"uv":[2.375,8.6875,2.4375,8.8125],"tintindex":0,"rotation":0,"texture":"#2"},"south":{"uv":[2.5,8.6875,2.5625,8.8125],"tintindex":0,"rotation":0,"texture":"#2"},"north":{"uv":[2.0625,8.6875,2.125,8.8125],"tintindex":0,"rotation":0,"texture":"#2"},"west":{"uv":[2.625,8.6875,2.6875,8.8125],"tintindex":0,"rotation":0,"texture":"#2"},"up":{"uv":[8.875,4.75,8.8125,4.6875],"tintindex":0,"rotation":0,"texture":"#2"},"down":{"uv":[8.875,4.8125,8.8125,4.875],"tintindex":0,"rotation":0,"texture":"#2"}}},{"from":[8.59602,-4.5563965,4.9657297],"to":[9.59602,-3.5563965,9.96573],"faces":{"east":{"uv":[0.6875,8.125,1.0,8.1875],"tintindex":0,"rotation":0,"texture":"#2"},"south":{"uv":[8.8125,3.75,8.875,3.8125],"tintindex":0,"rotation":0,"texture":"#2"},"north":{"uv":[3.25,8.8125,3.3125,8.875],"tintindex":0,"rotation":0,"texture":"#2"},"west":{"uv":[1.3125,8.125,1.625,8.1875],"tintindex":0,"rotation":0,"texture":"#2"},"up":{"uv":[4.3125,8.375,4.25,8.0625],"tintindex":0,"rotation":0,"texture":"#2"},"down":{"uv":[6.625,8.0625,6.5625,8.375],"tintindex":0,"rotation":0,"texture":"#2"}}},{"from":[7.4,-6.1563964,5.61573],"to":[10.6,-2.9563966,9.81573],"faces":{"east":{"uv":[7.125,3.5,7.375,3.6875],"tintindex":0,"rotation":0,"texture":"#2"},"south":{"uv":[3.0,7.625,3.1875,7.8125],"tintindex":0,"rotation":0,"texture":"#2"},"north":{"uv":[7.625,1.25,7.8125,1.4375],"tintindex":0,"rotation":0,"texture":"#2"},"west":{"uv":[7.125,6.0,7.375,6.1875],"tintindex":0,"rotation":0,"texture":"#2"},"up":{"uv":[7.3125,6.9375,7.125,6.6875],"tintindex":0,"rotation":0,"texture":"#2"},"down":{"uv":[7.3125,7.0,7.125,7.25],"tintindex":0,"rotation":0,"texture":"#2"}}},{"from":[7.5,-3.0563965,5.7157297],"to":[10.5,2.9436035,9.71573],"faces":{"east":{"uv":[1.625,6.0625,1.875,6.4375],"tintindex":0,"rotation":0,"texture":"#2"},"south":{"uv":[6.625,2.625,6.8125,3.0],"tintindex":0,"rotation":0,"texture":"#2"},"north":{"uv":[6.5625,6.4375,6.75,6.8125],"tintindex":0,"rotation":0,"texture":"#2"},"west":{"uv":[6.0625,1.75,6.3125,2.125],"tintindex":0,"rotation":0,"texture":"#2"},"up":{"uv":[1.6875,7.4375,1.5,7.1875],"tintindex":0,"rotation":0,"texture":"#2"},"down":{"uv":[1.9375,7.1875,1.75,7.4375],"tintindex":0,"rotation":0,"texture":"#2"}}},{"from":[8.59602,-7.5563965,4.9657297],"to":[9.59602,-6.5563965,9.96573],"faces":{"east":{"uv":[2.0,8.125,2.3125,8.1875],"tintindex":0,"rotation":0,"texture":"#2"},"south":{"uv":[8.8125,3.875,8.875,3.9375],"tintindex":0,"rotation":0,"texture":"#2"},"north":{"uv":[3.875,8.8125,3.9375,8.875],"tintindex":0,"rotation":0,"texture":"#2"},"west":{"uv":[8.125,2.75,8.4375,2.8125],"tintindex":0,"rotation":0,"texture":"#2"},"up":{"uv":[1.75,8.4375,1.6875,8.125],"tintindex":0,"rotation":0,"texture":"#2"},"down":{"uv":[2.4375,8.125,2.375,8.4375],"tintindex":0,"rotation":0,"texture":"#2"}}},{"from":[8.59602,-6.5563965,8.96573],"to":[9.59602,-4.5563965,9.96573],"faces":{"east":{"uv":[8.6875,0.5,8.75,0.625],"tintindex":0,"rotation":0,"texture":"#2"},"south":{"uv":[8.6875,1.0,8.75,1.125],"tintindex":0,"rotation":0,"texture":"#2"},"north":{"uv":[8.6875,0.3125,8.75,0.4375],"tintindex":0,"rotation":0,"texture":"#2"},"west":{"uv":[8.6875,1.1875,8.75,1.3125],"tintindex":0,"rotation":0,"texture":"#2"},"up":{"uv":[8.875,4.0625,8.8125,4.0],"tintindex":0,"rotation":0,"texture":"#2"},"down":{"uv":[8.875,4.3125,8.8125,4.375],"tintindex":0,"rotation":0,"texture":"#2"}}},{"from":[8.59602,-6.5563965,4.9657297],"to":[9.59602,-4.5563965,5.9657297],"faces":{"east":{"uv":[1.8125,8.6875,1.875,8.8125],"tintindex":0,"rotation":0,"texture":"#2"},"south":{"uv":[8.6875,1.8125,8.75,1.9375],"tintindex":0,"rotation":0,"texture":"#2"},"north":{"uv":[8.6875,1.625,8.75,1.75],"tintindex":0,"rotation":0,"texture":"#2"},"west":{"uv":[1.9375,8.6875,2.0,8.8125],"tintindex":0,"rotation":0,"texture":"#2"},"up":{"uv":[4.625,8.875,4.5625,8.8125],"tintindex":0,"rotation":0,"texture":"#2"},"down":{"uv":[8.875,4.5625,8.8125,4.625],"tintindex":0,"rotation":0,"texture":"#2"}}},{"from":[7.0,2.9436035,5.2157297],"to":[11.0,8.9436035,10.21573],"faces":{"east":{"uv":[2.9375,5.5625,3.25,5.9375],"tintindex":0,"rotation":0,"texture":"#2"},"south":{"uv":[6.0625,1.3125,6.3125,1.6875],"tintindex":0,"rotation":0,"texture":"#2"},"north":{"uv":[6.0625,0.875,6.3125,1.25],"tintindex":0,"rotation":0,"texture":"#2"},"west":{"uv":[3.3125,5.5625,3.625,5.9375],"tintindex":0,"rotation":0,"texture":"#2"},"up":{"uv":[4.625,6.625,4.375,6.3125],"tintindex":0,"rotation":0,"texture":"#2"},"down":{"uv":[4.9375,6.3125,4.6875,6.625],"tintindex":0,"rotation":0,"texture":"#2"}}},{"from":[7.47,-1.0863965,5.6857295],"to":[10.53,-0.026396485,9.745729],"faces":{"east":{"uv":[8.25,4.625,8.5,4.6875],"tintindex":0,"rotation":0,"texture":"#2"},"south":{"uv":[8.5625,4.6875,8.75,4.75],"tintindex":0,"rotation":0,"texture":"#2"},"north":{"uv":[8.5625,4.5625,8.75,4.625],"tintindex":0,"rotation":0,"texture":"#2"},"west":{"uv":[8.25,4.75,8.5,4.8125],"tintindex":0,"rotation":0,"texture":"#2"},"up":{"uv":[7.375,2.125,7.1875,1.875],"tintindex":0,"rotation":0,"texture":"#2"},"down":{"uv":[7.375,2.1875,7.1875,2.4375],"tintindex":0,"rotation":0,"texture":"#2"}}},{"from":[7.35,-3.2063966,5.5657296],"to":[10.65,-1.9063965,9.865729],"faces":{"east":{"uv":[8.25,4.875,8.5,4.9375],"tintindex":0,"rotation":0,"texture":"#2"},"south":{"uv":[4.9375,8.5625,5.125,8.625],"tintindex":0,"rotation":0,"texture":"#2"},"north":{"uv":[8.5625,4.8125,8.75,4.875],"tintindex":0,"rotation":0,"texture":"#2"},"west":{"uv":[8.25,5.0,8.5,5.0625],"tintindex":0,"rotation":0,"texture":"#2"},"up":{"uv":[7.4375,4.0,7.25,3.75],"tintindex":0,"rotation":0,"texture":"#2"},"down":{"uv":[7.4375,6.25,7.25,6.5],"tintindex":0,"rotation":0,"texture":"#2"}}}],"display":{"head":{"rotation":[0.0,0.0,0.0]},"firstperson_righthand":{"rotation":[0.0,0.0,0.0]},"thirdperson_lefthand":{"rotation":[0.0,-0.0,-0.0]},"firstperson_lefthand":{"rotation":[0.0,-0.0,-0.0]},"fixed":{"rotation":[0.0,0.0,0.0]},"ground":{"rotation":[0.0,0.0,0.0]},"thirdperson_righthand":{"rotation":[0.0,0.0,0.0]},"gui":{"rotation":[-150.0,-45.0,180.0]}}}