{"textures":{"0":"modelengine:entity/em_pirate_a4","1":"modelengine:entity/em_pirate_a3","particle":"#1"},"elements":[{"from":[7.47,-1.0863965,5.6857285],"to":[10.53,-0.026396485,9.7457285],"faces":{"east":{"uv":[13.0,4.25,13.5,4.375],"tintindex":0,"rotation":0,"texture":"#1"},"south":{"uv":[4.375,13.125,4.75,13.25],"tintindex":0,"rotation":0,"texture":"#1"},"north":{"uv":[13.125,3.125,13.5,3.25],"tintindex":0,"rotation":0,"texture":"#1"},"west":{"uv":[13.0,4.375,13.5,4.5],"tintindex":0,"rotation":0,"texture":"#1"},"up":{"uv":[3.375,12.375,3.0,11.875],"tintindex":0,"rotation":0,"texture":"#1"},"down":{"uv":[12.25,3.0,11.875,3.5],"tintindex":0,"rotation":0,"texture":"#1"}}},{"from":[9.6,-6.8829727,0.3391075],"to":[9.6,-4.8829727,4.3391075],"faces":{"east":{"uv":[12.5,4.75,13.0,5.0],"tintindex":0,"rotation":0,"texture":"#1"},"west":{"uv":[12.5,5.5,13.0,5.75],"tintindex":0,"rotation":0,"texture":"#1"}},"rotation":{"origin":[9.6,-5.8829727,1.3391075],"angle":-22.5,"axis":"x"}},{"from":[7.6400003,-5.159997,4.839999],"to":[9.56,-3.239997,8.759999],"faces":{"east":{"uv":[12.5,5.75,13.0,6.0],"tintindex":0,"rotation":0,"texture":"#1"},"south":{"uv":[3.75,13.0,4.0,13.25],"tintindex":0,"rotation":0,"texture":"#1"},"north":{"uv":[3.5,13.0,3.75,13.25],"tintindex":0,"rotation":0,"texture":"#1"},"west":{"uv":[6.75,12.5,7.25,12.75],"tintindex":0,"rotation":0,"texture":"#1"},"up":{"uv":[7.5,13.0,7.25,12.5],"tintindex":0,"rotation":0,"texture":"#1"},"down":{"uv":[7.75,12.5,7.5,13.0],"tintindex":0,"rotation":0,"texture":"#1"}},"rotation":{"origin":[8.6,-4.199997,5.799999],"angle":-22.5,"axis":"x"}},{"from":[7.7500005,-12.5392475,2.9349198],"to":[9.450001,-4.839247,4.6349196],"faces":{"east":{"uv":[10.375,11.0,10.625,12.0],"tintindex":0,"rotation":0,"texture":"#1"},"south":{"uv":[11.125,8.0,11.375,9.0],"tintindex":0,"rotation":0,"texture":"#1"},"north":{"uv":[10.125,11.0,10.375,12.0],"tintindex":0,"rotation":0,"texture":"#1"},"west":{"uv":[11.125,9.0,11.375,10.0],"tintindex":0,"rotation":0,"texture":"#1"},"up":{"uv":[3.5,13.25,3.25,13.0],"tintindex":0,"rotation":0,"texture":"#1"},"down":{"uv":[4.109375,8.078125,4.265625,7.921875],"tintindex":0,"rotation":270,"texture":"#0"}}},{"from":[7.6050005,-5.530698,2.9863691],"to":[9.595,-3.540698,4.976369],"faces":{"east":{"uv":[13.0,1.5,13.25,1.75],"tintindex":0,"rotation":0,"texture":"#1"},"south":{"uv":[1.75,13.0,2.0,13.25],"tintindex":0,"rotation":0,"texture":"#1"},"north":{"uv":[1.5,13.0,1.75,13.25],"tintindex":0,"rotation":0,"texture":"#1"},"west":{"uv":[13.0,1.75,13.25,2.0],"tintindex":0,"rotation":0,"texture":"#1"},"up":{"uv":[13.25,3.0,13.0,2.75],"tintindex":0,"rotation":0,"texture":"#1"},"down":{"uv":[3.25,13.0,3.0,13.25],"tintindex":0,"rotation":0,"texture":"#1"}},"rotation":{"origin":[8.6,-4.535698,3.981369],"angle":22.5,"axis":"x"}},{"from":[7.6000004,-11.889244,3.334919],"to":[9.6,-3.889244,5.334919],"faces":{"east":{"uv":[6.625,11.0,6.875,12.0],"tintindex":0,"rotation":0,"texture":"#1"},"south":{"uv":[7.875,11.0,8.125,12.0],"tintindex":0,"rotation":0,"texture":"#1"},"north":{"uv":[9.875,10.75,10.125,11.75],"tintindex":0,"rotation":0,"texture":"#1"},"west":{"uv":[8.125,11.0,8.375,12.0],"tintindex":0,"rotation":0,"texture":"#1"},"up":{"uv":[1.5,13.25,1.25,13.0],"tintindex":0,"rotation":0,"texture":"#1"},"down":{"uv":[13.25,1.25,13.0,1.5],"tintindex":0,"rotation":0,"texture":"#1"}}},{"from":[7.5,-3.0563965,5.7157288],"to":[10.5,2.9436035,9.715729],"faces":{"east":{"uv":[4.375,10.25,4.875,11.0],"tintindex":0,"rotation":0,"texture":"#1"},"south":{"uv":[5.5,11.0,5.875,11.75],"tintindex":0,"rotation":0,"texture":"#1"},"north":{"uv":[5.125,11.0,5.5,11.75],"tintindex":0,"rotation":0,"texture":"#1"},"west":{"uv":[4.875,10.25,5.375,11.0],"tintindex":0,"rotation":0,"texture":"#1"},"up":{"uv":[12.25,1.75,11.875,1.25],"tintindex":0,"rotation":0,"texture":"#1"},"down":{"uv":[12.25,1.75,11.875,2.25],"tintindex":0,"rotation":0,"texture":"#1"}}},{"from":[8.6,-8.50029,5.262989],"to":[8.6,-4.50029,7.262989],"faces":{"east":{"uv":[6.25,12.5,6.5,13.0],"tintindex":0,"rotation":0,"texture":"#1"},"west":{"uv":[6.5,12.5,6.75,13.0],"tintindex":0,"rotation":0,"texture":"#1"}}},{"from":[7.4,-6.1563964,5.615729],"to":[10.6,-2.9563966,9.815729],"faces":{"east":{"uv":[11.75,9.0,12.25,9.375],"tintindex":0,"rotation":0,"texture":"#1"},"south":{"uv":[12.125,9.875,12.5,10.25],"tintindex":0,"rotation":0,"texture":"#1"},"north":{"uv":[12.125,8.625,12.5,9.0],"tintindex":0,"rotation":0,"texture":"#1"},"west":{"uv":[0.0,11.875,0.5,12.25],"tintindex":0,"rotation":0,"texture":"#1"},"up":{"uv":[12.25,0.5,11.875,0.0],"tintindex":0,"rotation":0,"texture":"#1"},"down":{"uv":[0.875,11.875,0.5,12.375],"tintindex":0,"rotation":0,"texture":"#1"}}},{"from":[7.35,-3.2063966,5.5657287],"to":[10.65,-1.9063965,9.865728],"faces":{"east":{"uv":[13.0,4.75,13.5,4.875],"tintindex":0,"rotation":0,"texture":"#1"},"south":{"uv":[5.5,13.125,5.875,13.25],"tintindex":0,"rotation":0,"texture":"#1"},"north":{"uv":[4.75,13.125,5.125,13.25],"tintindex":0,"rotation":0,"texture":"#1"},"west":{"uv":[13.0,4.875,13.5,5.0],"tintindex":0,"rotation":0,"texture":"#1"},"up":{"uv":[3.75,12.375,3.375,11.875],"tintindex":0,"rotation":0,"texture":"#1"},"down":{"uv":[12.25,3.5,11.875,4.0],"tintindex":0,"rotation":0,"texture":"#1"}}},{"from":[7.0,2.9436035,5.2157288],"to":[11.0,8.9436035,10.215729],"faces":{"east":{"uv":[5.125,9.5,5.75,10.25],"tintindex":0,"rotation":0,"texture":"#1"},"south":{"uv":[10.125,9.625,10.625,10.375],"tintindex":0,"rotation":0,"texture":"#1"},"north":{"uv":[10.125,8.875,10.625,9.625],"tintindex":0,"rotation":0,"texture":"#1"},"west":{"uv":[5.75,9.5,6.375,10.25],"tintindex":0,"rotation":0,"texture":"#1"},"up":{"uv":[2.5,11.375,2.0,10.75],"tintindex":0,"rotation":0,"texture":"#1"},"down":{"uv":[3.0,10.75,2.5,11.375],"tintindex":0,"rotation":0,"texture":"#1"}}}],"display":{"head":{"rotation":[0.0,0.0,0.0]},"firstperson_righthand":{"rotation":[0.0,0.0,0.0]},"thirdperson_lefthand":{"rotation":[0.0,-0.0,-0.0]},"firstperson_lefthand":{"rotation":[0.0,-0.0,-0.0]},"fixed":{"rotation":[0.0,0.0,0.0]},"ground":{"rotation":[0.0,0.0,0.0]},"thirdperson_righthand":{"rotation":[0.0,0.0,0.0]},"gui":{"rotation":[-150.0,-45.0,180.0]}}}