{"textures":{"0":"modelengine:entity/em_pirate_a4","particle":"#0"},"elements":[{"from":[6.505,-0.89059937,8.033282],"to":[9.495,2.0994005,10.023282],"faces":{"east":{"uv":[7.8125,3.5625,7.9375,3.75],"tintindex":0,"rotation":0,"texture":"#0"},"south":{"uv":[7.5,1.1875,7.6875,1.375],"tintindex":0,"rotation":0,"texture":"#0"},"north":{"uv":[0.5625,7.5,0.75,7.6875],"tintindex":0,"rotation":0,"texture":"#0"},"west":{"uv":[3.8125,7.8125,3.9375,8.0],"tintindex":0,"rotation":0,"texture":"#0"},"up":{"uv":[4.5625,7.9375,4.375,7.8125],"tintindex":0,"rotation":0,"texture":"#0"},"down":{"uv":[5.125,7.8125,4.9375,7.9375],"tintindex":0,"rotation":0,"texture":"#0"}},"rotation":{"origin":[8.0,1.1044006,8.778282],"angle":22.5,"axis":"x"}},{"from":[6.501,0.376,6.376],"to":[9.499,1.374,9.374],"faces":{"east":{"uv":[8.25,3.125,8.4375,3.1875],"tintindex":0,"rotation":0,"texture":"#0"},"south":{"uv":[8.25,3.25,8.4375,3.3125],"tintindex":0,"rotation":0,"texture":"#0"},"north":{"uv":[8.25,2.625,8.4375,2.6875],"tintindex":0,"rotation":0,"texture":"#0"},"west":{"uv":[8.25,3.375,8.4375,3.4375],"tintindex":0,"rotation":0,"texture":"#0"},"up":{"uv":[7.625,7.0,7.4375,6.8125],"tintindex":0,"rotation":0,"texture":"#0"},"down":{"uv":[7.625,7.0625,7.4375,7.25],"tintindex":0,"rotation":0,"texture":"#0"}}},{"from":[6.5,-2.625,6.375],"to":[9.5,-0.625,10.375],"faces":{"east":{"uv":[1.4375,7.625,1.6875,7.75],"tintindex":0,"rotation":0,"texture":"#0"},"south":{"uv":[7.875,1.875,8.0625,2.0],"tintindex":0,"rotation":0,"texture":"#0"},"north":{"uv":[7.8125,7.3125,8.0,7.4375],"tintindex":0,"rotation":0,"texture":"#0"},"west":{"uv":[1.75,7.625,2.0,7.75],"tintindex":0,"rotation":0,"texture":"#0"},"up":{"uv":[7.375,7.3125,7.1875,7.0625],"tintindex":0,"rotation":0,"texture":"#0"},"down":{"uv":[7.4375,1.25,7.25,1.5],"tintindex":0,"rotation":0,"texture":"#0"}}},{"from":[6.5,1.375,6.375],"to":[9.5,2.375,10.375],"faces":{"east":{"uv":[8.0625,1.625,8.3125,1.6875],"tintindex":0,"rotation":0,"texture":"#0"},"south":{"uv":[8.25,4.5625,8.4375,4.625],"tintindex":0,"rotation":0,"texture":"#0"},"north":{"uv":[3.8125,8.25,4.0,8.3125],"tintindex":0,"rotation":0,"texture":"#0"},"west":{"uv":[8.0625,1.75,8.3125,1.8125],"tintindex":0,"rotation":0,"texture":"#0"},"up":{"uv":[3.5625,7.4375,3.375,7.1875],"tintindex":0,"rotation":0,"texture":"#0"},"down":{"uv":[7.375,6.75,7.1875,7.0],"tintindex":0,"rotation":0,"texture":"#0"}}},{"from":[6.5,-6.625,5.125],"to":[9.5,-4.625,10.125],"faces":{"east":{"uv":[4.8125,7.3125,5.125,7.4375],"tintindex":0,"rotation":0,"texture":"#0"},"south":{"uv":[7.0625,7.8125,7.25,7.9375],"tintindex":0,"rotation":0,"texture":"#0"},"north":{"uv":[5.375,7.8125,5.5625,7.9375],"tintindex":0,"rotation":0,"texture":"#0"},"west":{"uv":[7.3125,4.8125,7.625,4.9375],"tintindex":0,"rotation":0,"texture":"#0"},"up":{"uv":[3.0625,7.125,2.875,6.8125],"tintindex":0,"rotation":0,"texture":"#0"},"down":{"uv":[7.0,2.875,6.8125,3.1875],"tintindex":0,"rotation":0,"texture":"#0"}}},{"from":[6.5,-4.625,6.625],"to":[9.5,-2.625,9.625],"faces":{"east":{"uv":[2.9375,7.875,3.125,8.0],"tintindex":0,"rotation":0,"texture":"#0"},"south":{"uv":[3.1875,7.875,3.375,8.0],"tintindex":0,"rotation":0,"texture":"#0"},"north":{"uv":[2.4375,7.875,2.625,8.0],"tintindex":0,"rotation":0,"texture":"#0"},"west":{"uv":[7.875,5.25,8.0625,5.375],"tintindex":0,"rotation":0,"texture":"#0"},"up":{"uv":[7.6875,1.625,7.5,1.4375],"tintindex":0,"rotation":0,"texture":"#0"},"down":{"uv":[2.4375,7.5,2.25,7.6875],"tintindex":0,"rotation":0,"texture":"#0"}}},{"from":[5.9,-0.725,6.2499986],"to":[10.1,0.475,10.449999],"faces":{"east":{"uv":[8.0625,2.75,8.3125,2.8125],"tintindex":0,"rotation":0,"texture":"#0"},"south":{"uv":[2.875,8.0625,3.125,8.125],"tintindex":0,"rotation":0,"texture":"#0"},"north":{"uv":[2.375,8.0625,2.625,8.125],"tintindex":0,"rotation":0,"texture":"#0"},"west":{"uv":[3.1875,8.0625,3.4375,8.125],"tintindex":0,"rotation":0,"texture":"#0"},"up":{"uv":[5.875,7.0,5.625,6.75],"tintindex":0,"rotation":0,"texture":"#0"},"down":{"uv":[7.0625,0.3125,6.8125,0.5625],"tintindex":0,"rotation":0,"texture":"#0"}}},{"from":[6.0,2.375,6.375],"to":[10.0,9.375,10.375],"faces":{"east":{"uv":[5.6875,4.0,5.9375,4.4375],"tintindex":0,"rotation":0,"texture":"#0"},"south":{"uv":[5.6875,4.5,5.9375,4.9375],"tintindex":0,"rotation":0,"texture":"#0"},"north":{"uv":[3.8125,5.6875,4.0625,6.125],"tintindex":0,"rotation":0,"texture":"#0"},"west":{"uv":[5.6875,5.0,5.9375,5.4375],"tintindex":0,"rotation":0,"texture":"#0"},"up":{"uv":[5.5625,7.0,5.3125,6.75],"tintindex":0,"rotation":0,"texture":"#0"},"down":{"uv":[7.0,5.3125,6.75,5.5625],"tintindex":0,"rotation":0,"texture":"#0"}}}],"display":{"head":{"rotation":[0.0,0.0,0.0]},"firstperson_righthand":{"rotation":[0.0,0.0,0.0]},"thirdperson_lefthand":{"rotation":[0.0,-0.0,-0.0]},"firstperson_lefthand":{"rotation":[0.0,-0.0,-0.0]},"fixed":{"rotation":[0.0,0.0,0.0]},"ground":{"rotation":[0.0,0.0,0.0]},"thirdperson_righthand":{"rotation":[0.0,0.0,0.0]},"gui":{"rotation":[-150.0,-45.0,180.0]}}}