{"textures":{"1":"modelengine:entity/em_pirate_a3","particle":"#1"},"elements":[{"from":[6.5,1.375,6.375],"to":[9.5,2.375,10.375],"faces":{"east":{"uv":[13.0,11.5,13.5,11.625],"tintindex":0,"rotation":0,"texture":"#1"},"south":{"uv":[13.125,10.75,13.5,10.875],"tintindex":0,"rotation":0,"texture":"#1"},"north":{"uv":[13.125,10.625,13.5,10.75],"tintindex":0,"rotation":0,"texture":"#1"},"west":{"uv":[13.0,11.625,13.5,11.75],"tintindex":0,"rotation":0,"texture":"#1"},"up":{"uv":[12.5,4.5,12.125,4.0],"tintindex":0,"rotation":0,"texture":"#1"},"down":{"uv":[12.5,4.5,12.125,5.0],"tintindex":0,"rotation":0,"texture":"#1"}}},{"from":[6.0,2.375,6.375],"to":[10.0,9.375,10.375],"faces":{"east":{"uv":[8.625,9.875,9.125,10.75],"tintindex":0,"rotation":0,"texture":"#1"},"south":{"uv":[9.125,9.875,9.625,10.75],"tintindex":0,"rotation":0,"texture":"#1"},"north":{"uv":[9.875,5.25,10.375,6.125],"tintindex":0,"rotation":0,"texture":"#1"},"west":{"uv":[0.0,10.0,0.5,10.875],"tintindex":0,"rotation":0,"texture":"#1"},"up":{"uv":[3.5,11.875,3.0,11.375],"tintindex":0,"rotation":0,"texture":"#1"},"down":{"uv":[11.875,3.125,11.375,3.625],"tintindex":0,"rotation":0,"texture":"#1"}}},{"from":[6.5,-2.625,6.375],"to":[9.5,-0.625,10.375],"faces":{"east":{"uv":[12.25,12.5,12.75,12.75],"tintindex":0,"rotation":0,"texture":"#1"},"south":{"uv":[12.75,6.25,13.125,6.5],"tintindex":0,"rotation":0,"texture":"#1"},"north":{"uv":[12.75,6.0,13.125,6.25],"tintindex":0,"rotation":0,"texture":"#1"},"west":{"uv":[12.625,0.0,13.125,0.25],"tintindex":0,"rotation":0,"texture":"#1"},"up":{"uv":[5.875,12.625,5.5,12.125],"tintindex":0,"rotation":0,"texture":"#1"},"down":{"uv":[12.5,5.5,12.125,6.0],"tintindex":0,"rotation":0,"texture":"#1"}}},{"from":[6.501,0.376,6.376],"to":[9.499,1.374,9.374],"faces":{"east":{"uv":[12.125,13.125,12.5,13.25],"tintindex":0,"rotation":0,"texture":"#1"},"south":{"uv":[13.125,12.5,13.5,12.625],"tintindex":0,"rotation":0,"texture":"#1"},"north":{"uv":[13.125,10.875,13.5,11.0],"tintindex":0,"rotation":0,"texture":"#1"},"west":{"uv":[13.125,12.625,13.5,12.75],"tintindex":0,"rotation":0,"texture":"#1"},"up":{"uv":[1.5,12.75,1.125,12.375],"tintindex":0,"rotation":0,"texture":"#1"},"down":{"uv":[1.875,12.375,1.5,12.75],"tintindex":0,"rotation":0,"texture":"#1"}}},{"from":[6.505,-0.89059937,8.033278],"to":[9.495,2.0994005,10.023278],"faces":{"east":{"uv":[9.5,12.625,9.75,13.0],"tintindex":0,"rotation":0,"texture":"#1"},"south":{"uv":[0.75,12.375,1.125,12.75],"tintindex":0,"rotation":0,"texture":"#1"},"north":{"uv":[12.375,0.375,12.75,0.75],"tintindex":0,"rotation":0,"texture":"#1"},"west":{"uv":[1.0,12.75,1.25,13.125],"tintindex":0,"rotation":0,"texture":"#1"},"up":{"uv":[1.625,13.0,1.25,12.75],"tintindex":0,"rotation":0,"texture":"#1"},"down":{"uv":[2.0,12.75,1.625,13.0],"tintindex":0,"rotation":0,"texture":"#1"}},"rotation":{"origin":[8.0,1.1044006,8.778278],"angle":22.5,"axis":"x"}},{"from":[6.5,-6.625,5.125],"to":[9.5,-4.625,10.125],"faces":{"east":{"uv":[12.125,7.0,12.75,7.25],"tintindex":0,"rotation":0,"texture":"#1"},"south":{"uv":[5.125,12.75,5.5,13.0],"tintindex":0,"rotation":0,"texture":"#1"},"north":{"uv":[12.75,2.0,13.125,2.25],"tintindex":0,"rotation":0,"texture":"#1"},"west":{"uv":[12.125,7.25,12.75,7.5],"tintindex":0,"rotation":0,"texture":"#1"},"up":{"uv":[11.75,8.625,11.375,8.0],"tintindex":0,"rotation":0,"texture":"#1"},"down":{"uv":[8.75,11.375,8.375,12.0],"tintindex":0,"rotation":0,"texture":"#1"}}},{"from":[5.9,-0.725,6.2499986],"to":[10.1,0.475,10.449999],"faces":{"east":{"uv":[13.0,11.875,13.5,12.0],"tintindex":0,"rotation":0,"texture":"#1"},"south":{"uv":[13.0,12.0,13.5,12.125],"tintindex":0,"rotation":0,"texture":"#1"},"north":{"uv":[13.0,11.75,13.5,11.875],"tintindex":0,"rotation":0,"texture":"#1"},"west":{"uv":[12.125,13.0,12.625,13.125],"tintindex":0,"rotation":0,"texture":"#1"},"up":{"uv":[4.0,11.875,3.5,11.375],"tintindex":0,"rotation":0,"texture":"#1"},"down":{"uv":[11.875,3.625,11.375,4.125],"tintindex":0,"rotation":0,"texture":"#1"}}},{"from":[6.5,-4.625,6.625],"to":[9.5,-2.625,9.625],"faces":{"east":{"uv":[6.75,12.75,7.125,13.0],"tintindex":0,"rotation":0,"texture":"#1"},"south":{"uv":[12.75,6.75,13.125,7.0],"tintindex":0,"rotation":0,"texture":"#1"},"north":{"uv":[12.75,6.5,13.125,6.75],"tintindex":0,"rotation":0,"texture":"#1"},"west":{"uv":[12.75,7.0,13.125,7.25],"tintindex":0,"rotation":0,"texture":"#1"},"up":{"uv":[2.25,12.75,1.875,12.375],"tintindex":0,"rotation":0,"texture":"#1"},"down":{"uv":[12.75,2.0,12.375,2.375],"tintindex":0,"rotation":0,"texture":"#1"}}}],"display":{"head":{"rotation":[0.0,0.0,0.0]},"firstperson_righthand":{"rotation":[0.0,0.0,0.0]},"thirdperson_lefthand":{"rotation":[0.0,-0.0,-0.0]},"firstperson_lefthand":{"rotation":[0.0,-0.0,-0.0]},"fixed":{"rotation":[0.0,0.0,0.0]},"ground":{"rotation":[0.0,0.0,0.0]},"thirdperson_righthand":{"rotation":[0.0,0.0,0.0]},"gui":{"rotation":[-150.0,-45.0,180.0]}}}