{"textures":{"2":"modelengine:entity/em_pirate_a1","particle":"#2"},"elements":[{"from":[7.0,2.9436035,5.2157297],"to":[11.0,8.9436035,10.21573],"faces":{"east":{"uv":[3.6875,5.5625,4.0,5.9375],"tintindex":0,"rotation":0,"texture":"#2"},"south":{"uv":[6.0625,2.1875,6.3125,2.5625],"tintindex":0,"rotation":0,"texture":"#2"},"north":{"uv":[1.9375,6.0625,2.1875,6.4375],"tintindex":0,"rotation":0,"texture":"#2"},"west":{"uv":[5.5625,4.875,5.875,5.25],"tintindex":0,"rotation":0,"texture":"#2"},"up":{"uv":[6.625,1.0625,6.375,0.75],"tintindex":0,"rotation":0,"texture":"#2"},"down":{"uv":[6.625,1.125,6.375,1.4375],"tintindex":0,"rotation":0,"texture":"#2"}}},{"from":[7.6050005,-5.530698,2.98637],"to":[9.595,-3.540698,4.97637],"faces":{"east":{"uv":[0.0,8.375,0.125,8.5],"tintindex":0,"rotation":0,"texture":"#2"},"south":{"uv":[0.1875,8.375,0.3125,8.5],"tintindex":0,"rotation":0,"texture":"#2"},"north":{"uv":[8.3125,7.4375,8.4375,7.5625],"tintindex":0,"rotation":0,"texture":"#2"},"west":{"uv":[0.375,8.375,0.5,8.5],"tintindex":0,"rotation":0,"texture":"#2"},"up":{"uv":[0.6875,8.5,0.5625,8.375],"tintindex":0,"rotation":0,"texture":"#2"},"down":{"uv":[0.875,8.375,0.75,8.5],"tintindex":0,"rotation":0,"texture":"#2"}},"rotation":{"origin":[8.6,-4.535698,3.98137],"angle":22.5,"axis":"x"}},{"from":[8.6,-8.50029,5.26299],"to":[8.6,-4.50029,7.26299],"faces":{"east":{"uv":[0.625,7.75,0.75,8.0],"tintindex":0,"rotation":0,"texture":"#2"},"west":{"uv":[1.8125,7.75,1.9375,8.0],"tintindex":0,"rotation":0,"texture":"#2"}}},{"from":[7.6000004,-11.889244,3.33492],"to":[9.6,-3.889244,5.33492],"faces":{"east":{"uv":[0.0,6.875,0.125,7.375],"tintindex":0,"rotation":0,"texture":"#2"},"south":{"uv":[6.875,0.875,7.0,1.375],"tintindex":0,"rotation":0,"texture":"#2"},"north":{"uv":[6.8125,6.3125,6.9375,6.8125],"tintindex":0,"rotation":0,"texture":"#2"},"west":{"uv":[6.875,1.4375,7.0,1.9375],"tintindex":0,"rotation":0,"texture":"#2"},"up":{"uv":[1.0625,8.5,0.9375,8.375],"tintindex":0,"rotation":0,"texture":"#2"},"down":{"uv":[1.25,8.375,1.125,8.5],"tintindex":0,"rotation":0,"texture":"#2"}}},{"from":[7.4,-6.1563964,5.61573],"to":[10.6,-2.9563966,9.81573],"faces":{"east":{"uv":[7.3125,0.5625,7.5625,0.75],"tintindex":0,"rotation":0,"texture":"#2"},"south":{"uv":[7.625,5.5,7.8125,5.6875],"tintindex":0,"rotation":0,"texture":"#2"},"north":{"uv":[7.625,5.25,7.8125,5.4375],"tintindex":0,"rotation":0,"texture":"#2"},"west":{"uv":[7.3125,0.8125,7.5625,1.0],"tintindex":0,"rotation":0,"texture":"#2"},"up":{"uv":[7.5,1.3125,7.3125,1.0625],"tintindex":0,"rotation":0,"texture":"#2"},"down":{"uv":[7.5,2.5,7.3125,2.75],"tintindex":0,"rotation":0,"texture":"#2"}}},{"from":[9.6,-6.8829727,0.3391099],"to":[9.6,-4.8829727,4.3391104],"faces":{"east":{"uv":[3.25,7.75,3.5,7.875],"tintindex":0,"rotation":0,"texture":"#2"},"west":{"uv":[7.75,3.3125,8.0,3.4375],"tintindex":0,"rotation":0,"texture":"#2"}},"rotation":{"origin":[9.6,-5.8829727,1.3391099],"angle":-22.5,"axis":"x"}},{"from":[7.5,-3.0563965,5.7157297],"to":[10.5,2.9436035,9.71573],"faces":{"east":{"uv":[5.1875,6.0625,5.4375,6.4375],"tintindex":0,"rotation":0,"texture":"#2"},"south":{"uv":[6.125,6.625,6.3125,7.0],"tintindex":0,"rotation":0,"texture":"#2"},"north":{"uv":[6.625,3.0625,6.8125,3.4375],"tintindex":0,"rotation":0,"texture":"#2"},"west":{"uv":[5.5,6.0625,5.75,6.4375],"tintindex":0,"rotation":0,"texture":"#2"},"up":{"uv":[7.5625,0.5,7.375,0.25],"tintindex":0,"rotation":0,"texture":"#2"},"down":{"uv":[1.125,7.375,0.9375,7.625],"tintindex":0,"rotation":0,"texture":"#2"}}},{"from":[7.47,-1.0863965,5.6857295],"to":[10.53,-0.026396485,9.745729],"faces":{"east":{"uv":[8.3125,6.625,8.5625,6.6875],"tintindex":0,"rotation":0,"texture":"#2"},"south":{"uv":[8.625,0.6875,8.8125,0.75],"tintindex":0,"rotation":0,"texture":"#2"},"north":{"uv":[8.625,0.0,8.8125,0.0625],"tintindex":0,"rotation":0,"texture":"#2"},"west":{"uv":[6.6875,8.3125,6.9375,8.375],"tintindex":0,"rotation":0,"texture":"#2"},"up":{"uv":[1.375,7.625,1.1875,7.375],"tintindex":0,"rotation":0,"texture":"#2"},"down":{"uv":[7.5625,1.375,7.375,1.625],"tintindex":0,"rotation":0,"texture":"#2"}}},{"from":[7.7500005,-12.53924,2.9349198],"to":[9.450001,-4.839247,4.6349196],"faces":{"east":{"uv":[6.375,6.625,6.5,7.125],"tintindex":0,"rotation":0,"texture":"#2"},"south":{"uv":[6.6875,0.875,6.8125,1.375],"tintindex":0,"rotation":0,"texture":"#2"},"north":{"uv":[5.625,6.5,5.75,7.0],"tintindex":0,"rotation":0,"texture":"#2"},"west":{"uv":[6.6875,1.4375,6.8125,1.9375],"tintindex":0,"rotation":0,"texture":"#2"},"up":{"uv":[5.125,6.4375,5.0,6.3125],"tintindex":0,"rotation":0,"texture":"#2"},"down":{"uv":[8.171875,2.328125,8.328125,2.171875],"tintindex":0,"rotation":90,"texture":"#2"}}},{"from":[7.35,-3.2063966,5.5657296],"to":[10.65,-1.9063965,9.865729],"faces":{"east":{"uv":[8.3125,6.75,8.5625,6.8125],"tintindex":0,"rotation":0,"texture":"#2"},"south":{"uv":[8.625,1.5,8.8125,1.5625],"tintindex":0,"rotation":0,"texture":"#2"},"north":{"uv":[8.625,1.375,8.8125,1.4375],"tintindex":0,"rotation":0,"texture":"#2"},"west":{"uv":[8.3125,6.875,8.5625,6.9375],"tintindex":0,"rotation":0,"texture":"#2"},"up":{"uv":[2.6875,7.625,2.5,7.375],"tintindex":0,"rotation":0,"texture":"#2"},"down":{"uv":[2.9375,7.375,2.75,7.625],"tintindex":0,"rotation":0,"texture":"#2"}}},{"from":[7.6400003,-5.159997,4.84],"to":[9.56,-3.239997,8.76],"faces":{"east":{"uv":[4.75,7.75,5.0,7.875],"tintindex":0,"rotation":0,"texture":"#2"},"south":{"uv":[1.5,8.375,1.625,8.5],"tintindex":0,"rotation":0,"texture":"#2"},"north":{"uv":[1.3125,8.375,1.4375,8.5],"tintindex":0,"rotation":0,"texture":"#2"},"west":{"uv":[5.0625,7.75,5.3125,7.875],"tintindex":0,"rotation":0,"texture":"#2"},"up":{"uv":[2.125,8.0625,2.0,7.8125],"tintindex":0,"rotation":0,"texture":"#2"},"down":{"uv":[7.9375,2.4375,7.8125,2.6875],"tintindex":0,"rotation":0,"texture":"#2"}},"rotation":{"origin":[8.6,-4.199997,5.8],"angle":-22.5,"axis":"x"}}],"display":{"head":{"rotation":[0.0,0.0,0.0]},"firstperson_righthand":{"rotation":[0.0,0.0,0.0]},"thirdperson_lefthand":{"rotation":[0.0,-0.0,-0.0]},"firstperson_lefthand":{"rotation":[0.0,-0.0,-0.0]},"fixed":{"rotation":[0.0,0.0,0.0]},"ground":{"rotation":[0.0,0.0,0.0]},"thirdperson_righthand":{"rotation":[0.0,0.0,0.0]},"gui":{"rotation":[-150.0,-45.0,180.0]}}}