{"textures":{"2":"modelengine:entity/em_pirate_a1","particle":"#2"},"elements":[{"from":[7.35,-3.2064004,5.5657296],"to":[10.65,-1.9064003,9.865729],"faces":{"east":{"uv":[8.4375,4.4375,8.6875,4.5],"tintindex":0,"rotation":0,"texture":"#2"},"south":{"uv":[8.625,3.5,8.8125,3.5625],"tintindex":0,"rotation":0,"texture":"#2"},"north":{"uv":[8.625,3.375,8.8125,3.4375],"tintindex":0,"rotation":0,"texture":"#2"},"west":{"uv":[8.4375,5.625,8.6875,5.6875],"tintindex":0,"rotation":0,"texture":"#2"},"up":{"uv":[6.0,7.625,5.8125,7.375],"tintindex":0,"rotation":0,"texture":"#2"},"down":{"uv":[7.5625,6.5625,7.375,6.8125],"tintindex":0,"rotation":0,"texture":"#2"}}},{"from":[7.47,-1.0864003,5.6857295],"to":[10.53,-0.0264003,9.745729],"faces":{"east":{"uv":[8.375,4.1875,8.625,4.25],"tintindex":0,"rotation":0,"texture":"#2"},"south":{"uv":[3.375,8.625,3.5625,8.6875],"tintindex":0,"rotation":0,"texture":"#2"},"north":{"uv":[8.625,3.25,8.8125,3.3125],"tintindex":0,"rotation":0,"texture":"#2"},"west":{"uv":[8.375,5.125,8.625,5.1875],"tintindex":0,"rotation":0,"texture":"#2"},"up":{"uv":[5.75,7.625,5.5625,7.375],"tintindex":0,"rotation":0,"texture":"#2"},"down":{"uv":[7.5625,5.625,7.375,5.875],"tintindex":0,"rotation":0,"texture":"#2"}}},{"from":[7.4,-6.1564,5.61573],"to":[10.6,-2.9564004,9.81573],"faces":{"east":{"uv":[3.0,7.375,3.25,7.5625],"tintindex":0,"rotation":0,"texture":"#2"},"south":{"uv":[2.5625,7.6875,2.75,7.875],"tintindex":0,"rotation":0,"texture":"#2"},"north":{"uv":[2.3125,7.6875,2.5,7.875],"tintindex":0,"rotation":0,"texture":"#2"},"west":{"uv":[7.375,3.125,7.625,3.3125],"tintindex":0,"rotation":0,"texture":"#2"},"up":{"uv":[4.3125,7.625,4.125,7.375],"tintindex":0,"rotation":0,"texture":"#2"},"down":{"uv":[4.5625,7.375,4.375,7.625],"tintindex":0,"rotation":0,"texture":"#2"}}},{"from":[7.5,-3.0564003,5.7157297],"to":[10.5,2.9435997,9.71573],"faces":{"east":{"uv":[6.25,5.0,6.5,5.375],"tintindex":0,"rotation":0,"texture":"#2"},"south":{"uv":[6.6875,0.4375,6.875,0.8125],"tintindex":0,"rotation":0,"texture":"#2"},"north":{"uv":[6.6875,0.0,6.875,0.375],"tintindex":0,"rotation":0,"texture":"#2"},"west":{"uv":[6.25,5.4375,6.5,5.8125],"tintindex":0,"rotation":0,"texture":"#2"},"up":{"uv":[4.8125,7.625,4.625,7.375],"tintindex":0,"rotation":0,"texture":"#2"},"down":{"uv":[7.5625,5.3125,7.375,5.5625],"tintindex":0,"rotation":0,"texture":"#2"}}},{"from":[7.0,2.9435997,5.2157297],"to":[11.0,8.9436,10.21573],"faces":{"east":{"uv":[1.6875,5.625,2.0,6.0],"tintindex":0,"rotation":0,"texture":"#2"},"south":{"uv":[6.25,4.5625,6.5,4.9375],"tintindex":0,"rotation":0,"texture":"#2"},"north":{"uv":[6.125,4.125,6.375,4.5],"tintindex":0,"rotation":0,"texture":"#2"},"west":{"uv":[2.0625,5.625,2.375,6.0],"tintindex":0,"rotation":0,"texture":"#2"},"up":{"uv":[6.6875,4.4375,6.4375,4.125],"tintindex":0,"rotation":0,"texture":"#2"},"down":{"uv":[0.25,6.5,0.0,6.8125],"tintindex":0,"rotation":0,"texture":"#2"}}}],"display":{"head":{"rotation":[0.0,0.0,0.0]},"firstperson_righthand":{"rotation":[0.0,0.0,0.0]},"thirdperson_lefthand":{"rotation":[0.0,-0.0,-0.0]},"firstperson_lefthand":{"rotation":[0.0,-0.0,-0.0]},"fixed":{"rotation":[0.0,0.0,0.0]},"ground":{"rotation":[0.0,0.0,0.0]},"thirdperson_righthand":{"rotation":[0.0,0.0,0.0]},"gui":{"rotation":[-150.0,-45.0,180.0]}}}