{"textures":{"3":"modelengine:entity/em_pirate_a2","particle":"#3"},"elements":[{"from":[7.0,2.9436035,5.2157288],"to":[11.0,8.9436035,10.215729],"faces":{"east":{"uv":[5.3125,2.5,5.625,2.875],"tintindex":0,"rotation":0,"texture":"#3"},"south":{"uv":[5.8125,5.5,6.0625,5.875],"tintindex":0,"rotation":0,"texture":"#3"},"north":{"uv":[5.75,1.9375,6.0,2.3125],"tintindex":0,"rotation":0,"texture":"#3"},"west":{"uv":[5.3125,2.9375,5.625,3.3125],"tintindex":0,"rotation":0,"texture":"#3"},"up":{"uv":[6.3125,2.3125,6.0625,2.0],"tintindex":0,"rotation":0,"texture":"#3"},"down":{"uv":[3.375,6.0625,3.125,6.375],"tintindex":0,"rotation":0,"texture":"#3"}}},{"from":[7.35,-3.2063966,5.5657287],"to":[10.65,-1.9063965,9.865728],"faces":{"east":{"uv":[7.875,7.75,8.125,7.8125],"tintindex":0,"rotation":0,"texture":"#3"},"south":{"uv":[8.125,6.375,8.3125,6.4375],"tintindex":0,"rotation":0,"texture":"#3"},"north":{"uv":[8.125,5.25,8.3125,5.3125],"tintindex":0,"rotation":0,"texture":"#3"},"west":{"uv":[7.875,7.875,8.125,7.9375],"tintindex":0,"rotation":0,"texture":"#3"},"up":{"uv":[3.5625,7.125,3.375,6.875],"tintindex":0,"rotation":0,"texture":"#3"},"down":{"uv":[7.0625,5.0,6.875,5.25],"tintindex":0,"rotation":0,"texture":"#3"}}},{"from":[7.4,-6.1563964,5.615729],"to":[10.6,-2.9563966,9.815729],"faces":{"east":{"uv":[6.8125,3.5625,7.0625,3.75],"tintindex":0,"rotation":0,"texture":"#3"},"south":{"uv":[7.3125,5.5625,7.5,5.75],"tintindex":0,"rotation":0,"texture":"#3"},"north":{"uv":[7.3125,5.3125,7.5,5.5],"tintindex":0,"rotation":0,"texture":"#3"},"west":{"uv":[6.8125,3.8125,7.0625,4.0],"tintindex":0,"rotation":0,"texture":"#3"},"up":{"uv":[7.0,4.3125,6.8125,4.0625],"tintindex":0,"rotation":0,"texture":"#3"},"down":{"uv":[7.0,4.375,6.8125,4.625],"tintindex":0,"rotation":0,"texture":"#3"}}},{"from":[7.47,-1.0863965,5.6857285],"to":[10.53,-0.026396485,9.7457285],"faces":{"east":{"uv":[7.875,6.6875,8.125,6.75],"tintindex":0,"rotation":0,"texture":"#3"},"south":{"uv":[8.125,4.5,8.3125,4.5625],"tintindex":0,"rotation":0,"texture":"#3"},"north":{"uv":[8.125,4.375,8.3125,4.4375],"tintindex":0,"rotation":0,"texture":"#3"},"west":{"uv":[7.875,6.8125,8.125,6.875],"tintindex":0,"rotation":0,"texture":"#3"},"up":{"uv":[7.0,6.1875,6.8125,5.9375],"tintindex":0,"rotation":0,"texture":"#3"},"down":{"uv":[7.0625,0.0,6.875,0.25],"tintindex":0,"rotation":0,"texture":"#3"}}},{"from":[7.5,-3.0563965,5.7157288],"to":[10.5,2.9436035,9.715729],"faces":{"east":{"uv":[5.875,0.4375,6.125,0.8125],"tintindex":0,"rotation":0,"texture":"#3"},"south":{"uv":[6.5625,2.375,6.75,2.75],"tintindex":0,"rotation":0,"texture":"#3"},"north":{"uv":[3.5,6.4375,3.6875,6.8125],"tintindex":0,"rotation":0,"texture":"#3"},"west":{"uv":[5.875,0.875,6.125,1.25],"tintindex":0,"rotation":0,"texture":"#3"},"up":{"uv":[7.0,4.9375,6.8125,4.6875],"tintindex":0,"rotation":0,"texture":"#3"},"down":{"uv":[7.0,5.625,6.8125,5.875],"tintindex":0,"rotation":0,"texture":"#3"}}}],"display":{"head":{"rotation":[0.0,0.0,0.0]},"firstperson_righthand":{"rotation":[0.0,0.0,0.0]},"thirdperson_lefthand":{"rotation":[0.0,-0.0,-0.0]},"firstperson_lefthand":{"rotation":[0.0,-0.0,-0.0]},"fixed":{"rotation":[0.0,0.0,0.0]},"ground":{"rotation":[0.0,0.0,0.0]},"thirdperson_righthand":{"rotation":[0.0,0.0,0.0]},"gui":{"rotation":[-150.0,-45.0,180.0]}}}