{"textures":{"2":"modelengine:entity/em_pirate_a1","particle":"#2"},"elements":[{"from":[6.5,-2.625,6.375],"to":[9.5,-0.625,10.375],"faces":{"east":{"uv":[4.125,7.6875,4.375,7.8125],"tintindex":0,"rotation":0,"texture":"#2"},"south":{"uv":[8.0,4.5,8.1875,4.625],"tintindex":0,"rotation":0,"texture":"#2"},"north":{"uv":[8.0,4.0,8.1875,4.125],"tintindex":0,"rotation":0,"texture":"#2"},"west":{"uv":[4.4375,7.6875,4.6875,7.8125],"tintindex":0,"rotation":0,"texture":"#2"},"up":{"uv":[7.25,5.0,7.0625,4.75],"tintindex":0,"rotation":0,"texture":"#2"},"down":{"uv":[7.25,5.0625,7.0625,5.3125],"tintindex":0,"rotation":0,"texture":"#2"}}},{"from":[6.5,1.375,6.375],"to":[9.5,2.375,10.375],"faces":{"east":{"uv":[8.25,2.375,8.5,2.4375],"tintindex":0,"rotation":0,"texture":"#2"},"south":{"uv":[8.5625,2.3125,8.75,2.375],"tintindex":0,"rotation":0,"texture":"#2"},"north":{"uv":[8.5625,2.1875,8.75,2.25],"tintindex":0,"rotation":0,"texture":"#2"},"west":{"uv":[8.25,2.5,8.5,2.5625],"tintindex":0,"rotation":0,"texture":"#2"},"up":{"uv":[5.75,7.3125,5.5625,7.0625],"tintindex":0,"rotation":0,"texture":"#2"},"down":{"uv":[6.0,7.0625,5.8125,7.3125],"tintindex":0,"rotation":0,"texture":"#2"}}},{"from":[6.505,-0.89059937,8.03328],"to":[9.495,2.0993996,10.02328],"faces":{"east":{"uv":[5.1875,7.9375,5.3125,8.125],"tintindex":0,"rotation":0,"texture":"#2"},"south":{"uv":[7.5625,4.75,7.75,4.9375],"tintindex":0,"rotation":0,"texture":"#2"},"north":{"uv":[7.5625,4.5,7.75,4.6875],"tintindex":0,"rotation":0,"texture":"#2"},"west":{"uv":[5.875,8.0,6.0,8.1875],"tintindex":0,"rotation":0,"texture":"#2"},"up":{"uv":[6.25,8.125,6.0625,8.0],"tintindex":0,"rotation":0,"texture":"#2"},"down":{"uv":[6.9375,8.0,6.75,8.125],"tintindex":0,"rotation":0,"texture":"#2"}},"rotation":{"origin":[8.0,1.1044002,8.77828],"angle":22.5,"axis":"x"}},{"from":[6.501,0.376,6.376],"to":[9.499,1.374,9.374],"faces":{"east":{"uv":[2.5625,8.5625,2.75,8.625],"tintindex":0,"rotation":0,"texture":"#2"},"south":{"uv":[8.5625,2.5625,8.75,2.625],"tintindex":0,"rotation":0,"texture":"#2"},"north":{"uv":[8.5625,2.4375,8.75,2.5],"tintindex":0,"rotation":0,"texture":"#2"},"west":{"uv":[2.8125,8.5625,3.0,8.625],"tintindex":0,"rotation":0,"texture":"#2"},"up":{"uv":[7.75,5.1875,7.5625,5.0],"tintindex":0,"rotation":0,"texture":"#2"},"down":{"uv":[7.8125,0.25,7.625,0.4375],"tintindex":0,"rotation":0,"texture":"#2"}}},{"from":[6.0,2.375,6.375],"to":[10.0,9.375,10.375],"faces":{"east":{"uv":[5.75,3.375,6.0,3.8125],"tintindex":0,"rotation":0,"texture":"#2"},"south":{"uv":[5.8125,3.875,6.0625,4.3125],"tintindex":0,"rotation":0,"texture":"#2"},"north":{"uv":[5.75,2.875,6.0,3.3125],"tintindex":0,"rotation":0,"texture":"#2"},"west":{"uv":[5.8125,4.375,6.0625,4.8125],"tintindex":0,"rotation":0,"texture":"#2"},"up":{"uv":[4.625,6.9375,4.375,6.6875],"tintindex":0,"rotation":0,"texture":"#2"},"down":{"uv":[4.9375,6.6875,4.6875,6.9375],"tintindex":0,"rotation":0,"texture":"#2"}}},{"from":[6.5,-6.625,5.125],"to":[9.5,-4.625,10.125],"faces":{"east":{"uv":[7.5,3.625,7.8125,3.75],"tintindex":0,"rotation":0,"texture":"#2"},"south":{"uv":[8.0,4.875,8.1875,5.0],"tintindex":0,"rotation":0,"texture":"#2"},"north":{"uv":[8.0,4.6875,8.1875,4.8125],"tintindex":0,"rotation":0,"texture":"#2"},"west":{"uv":[7.5,3.8125,7.8125,3.9375],"tintindex":0,"rotation":0,"texture":"#2"},"up":{"uv":[4.3125,7.3125,4.125,7.0],"tintindex":0,"rotation":0,"texture":"#2"},"down":{"uv":[4.5625,7.0,4.375,7.3125],"tintindex":0,"rotation":0,"texture":"#2"}}},{"from":[5.9,-0.725,6.25],"to":[10.1,0.475,10.450001],"faces":{"east":{"uv":[0.9375,8.25,1.1875,8.3125],"tintindex":0,"rotation":0,"texture":"#2"},"south":{"uv":[1.25,8.25,1.5,8.3125],"tintindex":0,"rotation":0,"texture":"#2"},"north":{"uv":[0.625,8.25,0.875,8.3125],"tintindex":0,"rotation":0,"texture":"#2"},"west":{"uv":[2.0,8.25,2.25,8.3125],"tintindex":0,"rotation":0,"texture":"#2"},"up":{"uv":[6.9375,4.0625,6.6875,3.8125],"tintindex":0,"rotation":0,"texture":"#2"},"down":{"uv":[4.3125,6.6875,4.0625,6.9375],"tintindex":0,"rotation":0,"texture":"#2"}}},{"from":[6.5,-4.625,6.625],"to":[9.5,-2.625,9.625],"faces":{"east":{"uv":[8.0,2.5625,8.1875,2.6875],"tintindex":0,"rotation":0,"texture":"#2"},"south":{"uv":[2.6875,8.0,2.875,8.125],"tintindex":0,"rotation":0,"texture":"#2"},"north":{"uv":[8.0,2.375,8.1875,2.5],"tintindex":0,"rotation":0,"texture":"#2"},"west":{"uv":[8.0,3.125,8.1875,3.25],"tintindex":0,"rotation":0,"texture":"#2"},"up":{"uv":[7.75,4.1875,7.5625,4.0],"tintindex":0,"rotation":0,"texture":"#2"},"down":{"uv":[7.75,4.25,7.5625,4.4375],"tintindex":0,"rotation":0,"texture":"#2"}}}],"display":{"head":{"rotation":[0.0,0.0,0.0]},"firstperson_righthand":{"rotation":[0.0,0.0,0.0]},"thirdperson_lefthand":{"rotation":[0.0,-0.0,-0.0]},"firstperson_lefthand":{"rotation":[0.0,-0.0,-0.0]},"fixed":{"rotation":[0.0,0.0,0.0]},"ground":{"rotation":[0.0,0.0,0.0]},"thirdperson_righthand":{"rotation":[0.0,0.0,0.0]},"gui":{"rotation":[-150.0,-45.0,180.0]}}}