{"textures":{"0":"modelengine:entity/em_pirate_a4","particle":"#0"},"elements":[{"from":[7.4,-6.1563964,5.615729],"to":[10.6,-2.9563966,9.815729],"faces":{"east":{"uv":[7.0,6.25,7.25,6.4375],"tintindex":0,"rotation":0,"texture":"#0"},"south":{"uv":[7.375,0.0,7.5625,0.1875],"tintindex":0,"rotation":0,"texture":"#0"},"north":{"uv":[7.3125,6.3125,7.5,6.5],"tintindex":0,"rotation":0,"texture":"#0"},"west":{"uv":[7.0,6.5,7.25,6.6875],"tintindex":0,"rotation":0,"texture":"#0"},"up":{"uv":[7.25,0.875,7.0625,0.625],"tintindex":0,"rotation":0,"texture":"#0"},"down":{"uv":[7.25,0.9375,7.0625,1.1875],"tintindex":0,"rotation":0,"texture":"#0"}}},{"from":[7.47,-1.0863965,5.6857285],"to":[10.53,-0.026396485,9.7457285],"faces":{"east":{"uv":[7.9375,2.625,8.1875,2.6875],"tintindex":0,"rotation":0,"texture":"#0"},"south":{"uv":[8.1875,5.125,8.375,5.1875],"tintindex":0,"rotation":0,"texture":"#0"},"north":{"uv":[8.1875,5.0,8.375,5.0625],"tintindex":0,"rotation":0,"texture":"#0"},"west":{"uv":[7.9375,4.625,8.1875,4.6875],"tintindex":0,"rotation":0,"texture":"#0"},"up":{"uv":[2.0,7.3125,1.8125,7.0625],"tintindex":0,"rotation":0,"texture":"#0"},"down":{"uv":[7.25,1.9375,7.0625,2.1875],"tintindex":0,"rotation":0,"texture":"#0"}}},{"from":[8.6,-5.0228424,1.2464294],"to":[8.6,-3.0228424,5.2464294],"faces":{"east":{"uv":[5.0,7.5,5.125,7.75],"tintindex":0,"rotation":270,"texture":"#0"},"west":{"uv":[7.5625,0.625,7.6875,0.875],"tintindex":0,"rotation":90,"texture":"#0"}},"rotation":{"origin":[9.1,-3.2532806,5.4934387],"angle":-22.5,"axis":"x"}},{"from":[7.35,-3.2063966,5.5657287],"to":[10.65,-1.9063965,9.865728],"faces":{"east":{"uv":[7.9375,4.75,8.1875,4.8125],"tintindex":0,"rotation":0,"texture":"#0"},"south":{"uv":[8.1875,6.1875,8.375,6.25],"tintindex":0,"rotation":0,"texture":"#0"},"north":{"uv":[5.375,8.1875,5.5625,8.25],"tintindex":0,"rotation":0,"texture":"#0"},"west":{"uv":[7.9375,4.875,8.1875,4.9375],"tintindex":0,"rotation":0,"texture":"#0"},"up":{"uv":[7.25,2.5,7.0625,2.25],"tintindex":0,"rotation":0,"texture":"#0"},"down":{"uv":[7.25,2.5625,7.0625,2.8125],"tintindex":0,"rotation":0,"texture":"#0"}}},{"from":[7.7500005,-2.3947692,-2.7925277],"to":[9.450001,-0.69476926,4.907472],"faces":{"east":{"uv":[6.5,6.5625,6.625,7.0625],"tintindex":0,"rotation":270,"texture":"#0"},"south":{"uv":[3.75,8.0625,3.625,7.9375],"tintindex":0,"rotation":0,"texture":"#0"},"north":{"uv":[4.109375,8.078125,4.265625,7.921875],"tintindex":0,"rotation":90,"texture":"#0"},"west":{"uv":[0.0,6.6875,0.125,7.1875],"tintindex":0,"rotation":90,"texture":"#0"},"up":{"uv":[6.3125,6.5625,6.4375,7.0625],"tintindex":0,"rotation":180,"texture":"#0"},"down":{"uv":[6.625,5.75,6.75,6.25],"tintindex":0,"rotation":0,"texture":"#0"}},"rotation":{"origin":[9.1,-3.2532806,5.4934387],"angle":-22.5,"axis":"x"}},{"from":[7.6000004,-3.0947723,-2.1425323],"to":[9.6,-1.0947723,5.8574677],"faces":{"east":{"uv":[1.25,6.4375,1.375,6.9375],"tintindex":0,"rotation":270,"texture":"#0"},"south":{"uv":[0.9375,8.0625,0.8125,7.9375],"tintindex":0,"rotation":0,"texture":"#0"},"north":{"uv":[8.0625,0.9375,7.9375,1.0625],"tintindex":0,"rotation":180,"texture":"#0"},"west":{"uv":[6.125,6.5625,6.25,7.0625],"tintindex":0,"rotation":90,"texture":"#0"},"up":{"uv":[2.375,6.375,2.5,6.875],"tintindex":0,"rotation":180,"texture":"#0"},"down":{"uv":[5.9375,6.5625,6.0625,7.0625],"tintindex":0,"rotation":0,"texture":"#0"}},"rotation":{"origin":[9.1,-3.2532806,5.4934387],"angle":-22.5,"axis":"x"}},{"from":[7.6050005,-2.9593859,3.6588774],"to":[9.595,-0.969386,5.648877],"faces":{"east":{"uv":[7.9375,2.0625,8.0625,2.1875],"tintindex":0,"rotation":270,"texture":"#0"},"south":{"uv":[8.0625,3.3125,7.9375,3.1875],"tintindex":0,"rotation":0,"texture":"#0"},"north":{"uv":[8.0625,3.375,7.9375,3.5],"tintindex":0,"rotation":180,"texture":"#0"},"west":{"uv":[7.9375,2.4375,8.0625,2.5625],"tintindex":0,"rotation":90,"texture":"#0"},"up":{"uv":[2.0,7.9375,2.125,8.0625],"tintindex":0,"rotation":180,"texture":"#0"},"down":{"uv":[7.9375,2.25,8.0625,2.375],"tintindex":0,"rotation":0,"texture":"#0"}}},{"from":[7.6400003,-4.2813807,4.8370504],"to":[9.56,-2.3613806,8.7570505],"faces":{"east":{"uv":[0.8125,7.5625,1.0625,7.6875],"tintindex":0,"rotation":0,"texture":"#0"},"south":{"uv":[7.9375,4.4375,8.0625,4.5625],"tintindex":0,"rotation":0,"texture":"#0"},"north":{"uv":[7.9375,4.25,8.0625,4.375],"tintindex":0,"rotation":0,"texture":"#0"},"west":{"uv":[7.5625,1.875,7.8125,2.0],"tintindex":0,"rotation":0,"texture":"#0"},"up":{"uv":[7.6875,2.3125,7.5625,2.0625],"tintindex":0,"rotation":0,"texture":"#0"},"down":{"uv":[2.625,7.5625,2.5,7.8125],"tintindex":0,"rotation":0,"texture":"#0"}},"rotation":{"origin":[9.1,-3.2532806,5.4934387],"angle":45.0,"axis":"x"}},{"from":[9.6,-4.1691284,0.031692505],"to":[9.6,-2.1691284,4.0316925],"faces":{"east":{"uv":[6.8125,7.5,7.0625,7.625],"tintindex":0,"rotation":0,"texture":"#0"},"west":{"uv":[0.0,7.5625,0.25,7.6875],"tintindex":0,"rotation":0,"texture":"#0"}},"rotation":{"origin":[9.1,-3.2532806,5.4934387],"angle":45.0,"axis":"x"}},{"from":[7.0,2.9436035,5.2157288],"to":[11.0,8.9436035,10.215729],"faces":{"east":{"uv":[5.3125,4.25,5.625,4.625],"tintindex":0,"rotation":0,"texture":"#0"},"south":{"uv":[2.25,5.9375,2.5,6.3125],"tintindex":0,"rotation":0,"texture":"#0"},"north":{"uv":[1.9375,5.9375,2.1875,6.3125],"tintindex":0,"rotation":0,"texture":"#0"},"west":{"uv":[5.3125,4.6875,5.625,5.0625],"tintindex":0,"rotation":0,"texture":"#0"},"up":{"uv":[6.4375,0.75,6.1875,0.4375],"tintindex":0,"rotation":0,"texture":"#0"},"down":{"uv":[6.4375,0.8125,6.1875,1.125],"tintindex":0,"rotation":0,"texture":"#0"}}},{"from":[7.5,-3.0563965,5.7157288],"to":[10.5,2.9436035,9.715729],"faces":{"east":{"uv":[4.125,5.9375,4.375,6.3125],"tintindex":0,"rotation":0,"texture":"#0"},"south":{"uv":[3.75,6.5625,3.9375,6.9375],"tintindex":0,"rotation":0,"texture":"#0"},"north":{"uv":[6.5625,3.6875,6.75,4.0625],"tintindex":0,"rotation":0,"texture":"#0"},"west":{"uv":[4.4375,5.9375,4.6875,6.3125],"tintindex":0,"rotation":0,"texture":"#0"},"up":{"uv":[1.5,7.3125,1.3125,7.0625],"tintindex":0,"rotation":0,"texture":"#0"},"down":{"uv":[1.75,7.0625,1.5625,7.3125],"tintindex":0,"rotation":0,"texture":"#0"}}}],"display":{"head":{"rotation":[0.0,0.0,0.0]},"firstperson_righthand":{"rotation":[0.0,0.0,0.0]},"thirdperson_lefthand":{"rotation":[0.0,-0.0,-0.0]},"firstperson_lefthand":{"rotation":[0.0,-0.0,-0.0]},"fixed":{"rotation":[0.0,0.0,0.0]},"ground":{"rotation":[0.0,0.0,0.0]},"thirdperson_righthand":{"rotation":[0.0,0.0,0.0]},"gui":{"rotation":[-150.0,-45.0,180.0]}}}