{"textures":{"1":"modelengine:entity/em_pirate_a3","particle":"#1"},"elements":[{"from":[9.09602,-6.0563965,-10.034271],"to":[9.09602,1.9436035,3.9657288],"faces":{"east":{"uv":[0.0,0.0,1.75,1.0],"tintindex":0,"rotation":0,"texture":"#1"},"west":{"uv":[0.0,1.0,1.75,2.0],"tintindex":0,"rotation":0,"texture":"#1"}}},{"from":[8.59602,-6.5563965,4.9657288],"to":[9.59602,-4.5563965,5.9657288],"faces":{"east":{"uv":[13.25,0.0,13.375,0.25],"tintindex":0,"rotation":0,"texture":"#1"},"south":{"uv":[0.125,13.25,0.25,13.5],"tintindex":0,"rotation":0,"texture":"#1"},"north":{"uv":[0.0,13.25,0.125,13.5],"tintindex":0,"rotation":0,"texture":"#1"},"west":{"uv":[0.25,13.25,0.375,13.5],"tintindex":0,"rotation":0,"texture":"#1"},"up":{"uv":[6.0,12.25,5.875,12.125],"tintindex":0,"rotation":0,"texture":"#1"},"down":{"uv":[0.5,12.25,0.375,12.375],"tintindex":0,"rotation":0,"texture":"#1"}}},{"from":[8.59602,-7.5563965,4.9657288],"to":[9.59602,-6.5563965,9.965729],"faces":{"east":{"uv":[6.875,10.25,7.5,10.375],"tintindex":0,"rotation":0,"texture":"#1"},"south":{"uv":[8.5,12.5,8.625,12.625],"tintindex":0,"rotation":0,"texture":"#1"},"north":{"uv":[4.0,12.5,4.125,12.625],"tintindex":0,"rotation":0,"texture":"#1"},"west":{"uv":[12.625,3.625,13.25,3.75],"tintindex":0,"rotation":0,"texture":"#1"},"up":{"uv":[1.75,2.625,1.625,2.0],"tintindex":0,"rotation":0,"texture":"#1"},"down":{"uv":[1.75,2.625,1.625,3.25],"tintindex":0,"rotation":0,"texture":"#1"}}},{"from":[8.59602,-4.5563965,4.9657288],"to":[9.59602,-3.5563965,9.965729],"faces":{"east":{"uv":[12.625,5.25,13.25,5.375],"tintindex":0,"rotation":0,"texture":"#1"},"south":{"uv":[12.625,0.25,12.75,0.375],"tintindex":0,"rotation":0,"texture":"#1"},"north":{"uv":[0.25,12.625,0.375,12.75],"tintindex":0,"rotation":0,"texture":"#1"},"west":{"uv":[12.625,9.625,13.25,9.75],"tintindex":0,"rotation":0,"texture":"#1"},"up":{"uv":[2.0,9.875,1.875,9.25],"tintindex":0,"rotation":0,"texture":"#1"},"down":{"uv":[11.125,8.0,11.0,8.625],"tintindex":0,"rotation":0,"texture":"#1"}}},{"from":[7.47,-1.0863965,5.6857285],"to":[10.53,-0.026396485,9.7457285],"faces":{"east":{"uv":[0.0,13.0,0.5,13.125],"tintindex":0,"rotation":0,"texture":"#1"},"south":{"uv":[13.125,2.375,13.5,2.5],"tintindex":0,"rotation":0,"texture":"#1"},"north":{"uv":[13.125,2.125,13.5,2.25],"tintindex":0,"rotation":0,"texture":"#1"},"west":{"uv":[0.5,13.0,1.0,13.125],"tintindex":0,"rotation":0,"texture":"#1"},"up":{"uv":[12.125,7.5,11.75,7.0],"tintindex":0,"rotation":0,"texture":"#1"},"down":{"uv":[12.125,7.5,11.75,8.0],"tintindex":0,"rotation":0,"texture":"#1"}}},{"from":[7.5,-3.0563965,5.7157288],"to":[10.5,2.9436035,9.715729],"faces":{"east":{"uv":[10.0,8.125,10.5,8.875],"tintindex":0,"rotation":0,"texture":"#1"},"south":{"uv":[4.75,11.0,5.125,11.75],"tintindex":0,"rotation":0,"texture":"#1"},"north":{"uv":[4.375,11.0,4.75,11.75],"tintindex":0,"rotation":0,"texture":"#1"},"west":{"uv":[9.625,10.0,10.125,10.75],"tintindex":0,"rotation":0,"texture":"#1"},"up":{"uv":[12.125,6.5,11.75,6.0],"tintindex":0,"rotation":0,"texture":"#1"},"down":{"uv":[12.125,6.5,11.75,7.0],"tintindex":0,"rotation":0,"texture":"#1"}}},{"from":[7.35,-3.2063966,5.5657287],"to":[10.65,-1.9063965,9.865728],"faces":{"east":{"uv":[13.0,1.0,13.5,1.125],"tintindex":0,"rotation":0,"texture":"#1"},"south":{"uv":[13.125,3.0,13.5,3.125],"tintindex":0,"rotation":0,"texture":"#1"},"north":{"uv":[13.125,2.5,13.5,2.625],"tintindex":0,"rotation":0,"texture":"#1"},"west":{"uv":[13.0,1.125,13.5,1.25],"tintindex":0,"rotation":0,"texture":"#1"},"up":{"uv":[12.125,8.5,11.75,8.0],"tintindex":0,"rotation":0,"texture":"#1"},"down":{"uv":[12.125,8.5,11.75,9.0],"tintindex":0,"rotation":0,"texture":"#1"}}},{"from":[8.59602,-5.0563965,9.965729],"to":[9.59602,-3.0563965,11.965729],"faces":{"east":{"uv":[12.875,12.5,13.125,12.75],"tintindex":0,"rotation":0,"texture":"#1"},"south":{"uv":[6.625,13.125,6.75,13.375],"tintindex":0,"rotation":0,"texture":"#1"},"north":{"uv":[1.125,13.125,1.25,13.375],"tintindex":0,"rotation":0,"texture":"#1"},"west":{"uv":[12.875,12.75,13.125,13.0],"tintindex":0,"rotation":0,"texture":"#1"},"up":{"uv":[7.75,13.375,7.625,13.125],"tintindex":0,"rotation":0,"texture":"#1"},"down":{"uv":[8.75,13.125,8.625,13.375],"tintindex":0,"rotation":0,"texture":"#1"}}},{"from":[7.0,2.9436035,5.2157288],"to":[11.0,8.9436035,10.215729],"faces":{"east":{"uv":[9.25,5.625,9.875,6.375],"tintindex":0,"rotation":0,"texture":"#1"},"south":{"uv":[10.0,2.25,10.5,3.0],"tintindex":0,"rotation":0,"texture":"#1"},"north":{"uv":[10.0,1.5,10.5,2.25],"tintindex":0,"rotation":0,"texture":"#1"},"west":{"uv":[4.5,9.5,5.125,10.25],"tintindex":0,"rotation":0,"texture":"#1"},"up":{"uv":[1.5,11.375,1.0,10.75],"tintindex":0,"rotation":0,"texture":"#1"},"down":{"uv":[2.0,10.75,1.5,11.375],"tintindex":0,"rotation":0,"texture":"#1"}}},{"from":[8.59602,-5.0563965,3.9657288],"to":[9.59602,-3.0563965,4.9657288],"faces":{"east":{"uv":[13.125,12.75,13.25,13.0],"tintindex":0,"rotation":0,"texture":"#1"},"south":{"uv":[13.0,13.125,13.125,13.375],"tintindex":0,"rotation":0,"texture":"#1"},"north":{"uv":[12.5,13.125,12.625,13.375],"tintindex":0,"rotation":0,"texture":"#1"},"west":{"uv":[13.125,13.125,13.25,13.375],"tintindex":0,"rotation":0,"texture":"#1"},"up":{"uv":[7.625,10.375,7.5,10.25],"tintindex":0,"rotation":0,"texture":"#1"},"down":{"uv":[12.25,5.0,12.125,5.125],"tintindex":0,"rotation":0,"texture":"#1"}}},{"from":[7.4,-6.1563964,5.615729],"to":[10.6,-2.9563966,9.815729],"faces":{"east":{"uv":[11.75,5.125,12.25,5.5],"tintindex":0,"rotation":0,"texture":"#1"},"south":{"uv":[12.125,8.25,12.5,8.625],"tintindex":0,"rotation":0,"texture":"#1"},"north":{"uv":[12.125,7.875,12.5,8.25],"tintindex":0,"rotation":0,"texture":"#1"},"west":{"uv":[5.5,11.75,6.0,12.125],"tintindex":0,"rotation":0,"texture":"#1"},"up":{"uv":[12.125,6.0,11.75,5.5],"tintindex":0,"rotation":0,"texture":"#1"},"down":{"uv":[6.375,11.75,6.0,12.25],"tintindex":0,"rotation":0,"texture":"#1"}}},{"from":[8.59602,-6.5563965,8.965729],"to":[9.59602,-4.5563965,9.965729],"faces":{"east":{"uv":[13.25,0.5,13.375,0.75],"tintindex":0,"rotation":0,"texture":"#1"},"south":{"uv":[0.625,13.25,0.75,13.5],"tintindex":0,"rotation":0,"texture":"#1"},"north":{"uv":[0.5,13.25,0.625,13.5],"tintindex":0,"rotation":0,"texture":"#1"},"west":{"uv":[0.75,13.25,0.875,13.5],"tintindex":0,"rotation":0,"texture":"#1"},"up":{"uv":[12.375,0.5,12.25,0.375],"tintindex":0,"rotation":0,"texture":"#1"},"down":{"uv":[10.125,12.375,10.0,12.5],"tintindex":0,"rotation":0,"texture":"#1"}}}],"display":{"head":{"rotation":[0.0,0.0,0.0]},"firstperson_righthand":{"rotation":[0.0,0.0,0.0]},"thirdperson_lefthand":{"rotation":[0.0,-0.0,-0.0]},"firstperson_lefthand":{"rotation":[0.0,-0.0,-0.0]},"fixed":{"rotation":[0.0,0.0,0.0]},"ground":{"rotation":[0.0,0.0,0.0]},"thirdperson_righthand":{"rotation":[0.0,0.0,0.0]},"gui":{"rotation":[-150.0,-45.0,180.0]}}}