{
	"credit": "Made with Blockbench",
	"texture_size": [128, 128],
	"textures": {
		"1": "modelengine:entity/hammerhead_shark",
		"particle": "modelengine:entity/hammerhead_shark"
	},
	"elements": [
		{
			"from": [7, 9.16, 5.88],
			"to": [7.44, 13.12, 8.52],
			"rotation": {"angle": 45, "axis": "x", "origin": [7.22, 11.58, 6.1]},
			"faces": {
				"north": {"uv": [6, 7.25, 6.125, 8.375], "texture": "#1"},
				"east": {"uv": [5.375, 5.25, 6.125, 6.375], "texture": "#1"},
				"south": {"uv": [6.125, 7.25, 6.25, 8.375], "texture": "#1"},
				"west": {"uv": [0, 5.5, 0.75, 6.625], "texture": "#1"},
				"up": {"uv": [6.5, 8, 6.375, 7.25], "texture": "#1"},
				"down": {"uv": [6.625, 7.25, 6.5, 8], "texture": "#1"}
			}
		},
		{
			"from": [3.99, 6.27, 1.16],
			"to": [7.95, 9.79, 4.24],
			"rotation": {"angle": 22.5, "axis": "y", "origin": [5.14877, 8.18508, 0.22481]},
			"faces": {
				"north": {"uv": [3.125, 3.125, 4.25, 4.125], "texture": "#1"},
				"east": {"uv": [6.125, 2.5, 5.25, 3.5], "texture": "#1"},
				"south": {"uv": [4, 1.125, 5.125, 2.125], "texture": "#1"},
				"west": {"uv": [5.25, 2.5, 6.125, 3.5], "texture": "#1"},
				"up": {"uv": [3.125, 5.5, 2, 4.625], "texture": "#1"},
				"down": {"uv": [4.25, 5, 3.125, 5.875], "texture": "#1"}
			}
		},
		{
			"from": [4.8, 6.08, 3.24],
			"to": [9.64, 10.04, 10.28],
			"rotation": {"angle": 0, "axis": "y", "origin": [7.22, 9.16, -1.38]},
			"faces": {
				"north": {"uv": [2.75, 0, 4.125, 1.125], "texture": "#1"},
				"east": {"uv": [4, 2, 2, 3.125], "texture": "#1"},
				"south": {"uv": [0, 3.125, 1.375, 4.25], "texture": "#1"},
				"west": {"uv": [2, 2, 4, 3.125], "texture": "#1"},
				"up": {"uv": [1.375, 2, 0, 0], "texture": "#1"},
				"down": {"uv": [2.75, 0, 1.375, 2], "texture": "#1"}
			}
		},
		{
			"from": [3.19234, 7.34, -1.55305],
			"to": [7.15234, 9.54, 1.52695],
			"rotation": {"angle": 45, "axis": "y", "origin": [5.14877, 8.18508, 0.22481]},
			"faces": {
				"north": {"uv": [2.875, 5.875, 4, 6.5], "texture": "#1"},
				"east": {"uv": [6.375, 4.5, 7.25, 5.125], "texture": "#1"},
				"south": {"uv": [4, 6, 5.125, 6.625], "texture": "#1"},
				"west": {"uv": [5.125, 6.375, 6, 7], "texture": "#1"},
				"up": {"uv": [5.5, 5.25, 4.375, 4.375], "texture": "#1"},
				"down": {"uv": [2, 4.625, 0.875, 5.5], "texture": "#1"}
			}
		},
		{
			"from": [-0.76766, 8.22, -1.55305],
			"to": [3.19234, 9.54, 1.08695],
			"rotation": {"angle": 45, "axis": "y", "origin": [5.14877, 8.18508, 0.22481]},
			"faces": {
				"north": {"uv": [6.375, 2, 7.5, 2.375], "texture": "#1"},
				"east": {"uv": [6.875, 1.125, 7.625, 1.5], "texture": "#1"},
				"south": {"uv": [6, 6.625, 7.125, 7], "texture": "#1"},
				"west": {"uv": [6.875, 1.5, 7.625, 1.875], "texture": "#1"},
				"up": {"uv": [6.375, 4.25, 5.25, 3.5], "texture": "#1"},
				"down": {"uv": [5.375, 5.25, 4.25, 6], "texture": "#1"}
			}
		},
		{
			"from": [-2.08766, 8.22, -1.99305],
			"to": [-0.76766, 9.54, 1.08695],
			"rotation": {"angle": 45, "axis": "y", "origin": [5.14877, 8.18508, 0.22481]},
			"faces": {
				"north": {"uv": [0.875, 4.25, 1.25, 4.625], "texture": "#1"},
				"east": {"uv": [0.75, 6.75, 1.625, 7.125], "texture": "#1"},
				"south": {"uv": [4.125, 7.25, 4.5, 7.625], "texture": "#1"},
				"west": {"uv": [6.875, 0.75, 7.75, 1.125], "texture": "#1"},
				"up": {"uv": [4.875, 7.5, 4.5, 6.625], "texture": "#1"},
				"down": {"uv": [2, 6.75, 1.625, 7.625], "texture": "#1"}
			}
		},
		{
			"from": [7.15234, 8.22, -1.55305],
			"to": [11.11234, 9.54, 1.08695],
			"rotation": {"angle": 45, "axis": "y", "origin": [5.14877, 8.18508, 0.22481]},
			"faces": {
				"north": {"uv": [7.5, 2, 6.375, 2.375], "texture": "#1"},
				"east": {"uv": [7.625, 1.5, 6.875, 1.875], "texture": "#1"},
				"south": {"uv": [7.125, 6.625, 6, 7], "texture": "#1"},
				"west": {"uv": [7.625, 1.125, 6.875, 1.5], "texture": "#1"},
				"up": {"uv": [5.25, 4.25, 6.375, 3.5], "texture": "#1"},
				"down": {"uv": [4.25, 5.25, 5.375, 6], "texture": "#1"}
			}
		},
		{
			"from": [11.11234, 8.22, -1.99305],
			"to": [12.43234, 9.54, 1.08695],
			"rotation": {"angle": 45, "axis": "y", "origin": [5.14877, 8.18508, 0.22481]},
			"faces": {
				"north": {"uv": [1.25, 4.25, 0.875, 4.625], "texture": "#1"},
				"east": {"uv": [7.75, 0.75, 6.875, 1.125], "texture": "#1"},
				"south": {"uv": [4.5, 7.25, 4.125, 7.625], "texture": "#1"},
				"west": {"uv": [1.625, 6.75, 0.75, 7.125], "texture": "#1"},
				"up": {"uv": [4.5, 7.5, 4.875, 6.625], "texture": "#1"},
				"down": {"uv": [1.625, 6.75, 2, 7.625], "texture": "#1"}
			}
		},
		{
			"from": [3.85234, 6.9, -0.89305],
			"to": [6.49234, 7.34, 0.86695],
			"rotation": {"angle": 45, "axis": "y", "origin": [5.14877, 8.18508, 0.22481]},
			"faces": {
				"north": {"uv": [7, 5.125, 8, 5.375], "texture": "#1"},
				"east": {"uv": [7.25, 4.75, 7.875, 5], "texture": "#1"},
				"south": {"uv": [5.375, 7, 6.375, 7.25], "texture": "#1"},
				"west": {"uv": [5.375, 7.25, 6, 7.5], "texture": "#1"},
				"up": {"uv": [7.375, 3.875, 6.375, 3.25], "texture": "#1"},
				"down": {"uv": [7.375, 3.875, 6.375, 4.5], "texture": "#1"}
			}
		},
		{
			"from": [3.63234, 6.50786, -1.02213],
			"to": [6.71234, 7.38786, 1.61787],
			"rotation": {"angle": 45, "axis": "y", "origin": [5.14877, 8.18508, 0.22481]},
			"faces": {
				"north": {"uv": [7, 5.375, 7.875, 5.625], "texture": "#1"},
				"east": {"uv": [6.375, 7, 7.125, 7.25], "texture": "#1"},
				"south": {"uv": [7, 5.625, 7.875, 5.875], "texture": "#1"},
				"west": {"uv": [7, 6.375, 7.75, 6.625], "texture": "#1"},
				"up": {"uv": [7, 0.75, 6.125, 0], "texture": "#1"},
				"down": {"uv": [7, 2.5, 6.125, 3.25], "texture": "#1"}
			}
		},
		{
			"from": [3.63234, 7.38786, -1.02213],
			"to": [6.71234, 7.82786, 1.61787],
			"rotation": {"angle": 45, "axis": "y", "origin": [5.14877, 8.18508, 0.22481]},
			"faces": {
				"north": {"uv": [7, 5.875, 7.875, 6.125], "texture": "#1"},
				"east": {"uv": [0.75, 7.125, 1.5, 7.375], "texture": "#1"},
				"south": {"uv": [7, 6.125, 7.875, 6.375], "texture": "#1"},
				"west": {"uv": [7.125, 6.625, 7.875, 6.875], "texture": "#1"},
				"up": {"uv": [7, 5.875, 6.125, 5.125], "texture": "#1"},
				"down": {"uv": [7, 5.875, 6.125, 6.625], "texture": "#1"}
			}
		},
		{
			"from": [5.68, 6.52, 10.28],
			"to": [8.76, 9.6, 14.68],
			"rotation": {"angle": 0, "axis": "y", "origin": [7.22, 8.51184, 10.33149]},
			"faces": {
				"north": {"uv": [2, 5.5, 2.875, 6.375], "texture": "#1"},
				"east": {"uv": [4.375, 4.125, 3.125, 5], "texture": "#1"},
				"south": {"uv": [5.5, 4.25, 6.375, 5.125], "texture": "#1"},
				"west": {"uv": [3.125, 4.125, 4.375, 5], "texture": "#1"},
				"up": {"uv": [0.875, 5.5, 0, 4.25], "texture": "#1"},
				"down": {"uv": [5.25, 3.125, 4.375, 4.375], "texture": "#1"}
			}
		},
		{
			"from": [3.19596, 7.98569, 11.6],
			"to": [4.95596, 8.42569, 13.36],
			"rotation": {"angle": 45, "axis": "z", "origin": [7.22, 8.51184, 10.33149]},
			"faces": {
				"north": {"uv": [4.125, 1, 4.625, 1.125], "texture": "#1"},
				"east": {"uv": [4.625, 1, 5.125, 1.125], "texture": "#1"},
				"south": {"uv": [5.5, 5.125, 6, 5.25], "texture": "#1"},
				"west": {"uv": [6.375, 2.375, 6.875, 2.5], "texture": "#1"},
				"up": {"uv": [7.5, 3.125, 7, 2.625], "texture": "#1"},
				"down": {"uv": [5.375, 7, 4.875, 7.5], "texture": "#1"}
			}
		},
		{
			"from": [9.48404, 7.98569, 11.6],
			"to": [11.24404, 8.42569, 13.36],
			"rotation": {"angle": -45, "axis": "z", "origin": [7.22, 8.51184, 10.33149]},
			"faces": {
				"north": {"uv": [4.625, 1, 4.125, 1.125], "texture": "#1"},
				"east": {"uv": [6.875, 2.375, 6.375, 2.5], "texture": "#1"},
				"south": {"uv": [6, 5.125, 5.5, 5.25], "texture": "#1"},
				"west": {"uv": [5.125, 1, 4.625, 1.125], "texture": "#1"},
				"up": {"uv": [7, 3.125, 7.5, 2.625], "texture": "#1"},
				"down": {"uv": [4.875, 7, 5.375, 7.5], "texture": "#1"}
			}
		},
		{
			"from": [6.12, 6.96, 14.68],
			"to": [8.32, 9.6, 19.08],
			"rotation": {"angle": 0, "axis": "y", "origin": [7.22, 8.51184, 10.33149]},
			"faces": {
				"north": {"uv": [2.5, 6.5, 3.125, 7.25], "texture": "#1"},
				"east": {"uv": [6.375, 1.75, 5.125, 2.5], "texture": "#1"},
				"south": {"uv": [3.125, 6.5, 3.75, 7.25], "texture": "#1"},
				"west": {"uv": [5.125, 1.75, 6.375, 2.5], "texture": "#1"},
				"up": {"uv": [1.375, 6.75, 0.75, 5.5], "texture": "#1"},
				"down": {"uv": [2, 5.5, 1.375, 6.75], "texture": "#1"}
			}
		},
		{
			"from": [7, -0.63379, 13.36023],
			"to": [7.44, 3.76621, 15.12023],
			"rotation": {"angle": -45, "axis": "x", "origin": [7.22, 8.51184, 10.33149]},
			"faces": {
				"north": {"uv": [3.25, 7.25, 3.375, 8.5], "texture": "#1"},
				"east": {"uv": [6.375, 0.75, 6.875, 2], "texture": "#1"},
				"south": {"uv": [3.375, 7.25, 3.5, 8.5], "texture": "#1"},
				"west": {"uv": [2, 6.375, 2.5, 7.625], "texture": "#1"},
				"up": {"uv": [5.25, 3, 5.125, 2.5], "texture": "#1"},
				"down": {"uv": [6.75, 7.25, 6.625, 7.75], "texture": "#1"}
			}
		},
		{
			"from": [7, 12.61847, 13.11923],
			"to": [7.44, 17.89847, 16.19923],
			"rotation": {"angle": 45, "axis": "x", "origin": [7.22, 8.51184, 10.33149]},
			"faces": {
				"north": {"uv": [1.5, 7.125, 1.625, 8.625], "texture": "#1"},
				"east": {"uv": [1.375, 3.125, 2.25, 4.625], "texture": "#1"},
				"south": {"uv": [7.125, 6.875, 7.25, 8.375], "texture": "#1"},
				"west": {"uv": [2.25, 3.125, 3.125, 4.625], "texture": "#1"},
				"up": {"uv": [4.375, 4, 4.25, 3.125], "texture": "#1"},
				"down": {"uv": [6.375, 7.25, 6.25, 8.125], "texture": "#1"}
			}
		},
		{
			"from": [-0.69845, 6.96, 2.90182],
			"to": [1.94155, 7.84, 5.10182],
			"rotation": {"angle": 45, "axis": "z", "origin": [5.27155, 7.4, 4.33182]},
			"faces": {
				"north": {"uv": [0, 7.25, 0.75, 7.5], "texture": "#1"},
				"east": {"uv": [3.5, 7.25, 4.125, 7.5], "texture": "#1"},
				"south": {"uv": [2.5, 7.25, 3.25, 7.5], "texture": "#1"},
				"west": {"uv": [7.25, 4.5, 7.875, 4.75], "texture": "#1"},
				"up": {"uv": [0.75, 7.25, 0, 6.625], "texture": "#1"},
				"down": {"uv": [4.5, 6.625, 3.75, 7.25], "texture": "#1"}
			}
		},
		{
			"from": [1.94155, 6.96, 2.90182],
			"to": [5.90155, 7.84, 6.42182],
			"rotation": {"angle": 45, "axis": "z", "origin": [5.27155, 7.4, 4.33182]},
			"faces": {
				"north": {"uv": [7, 0, 8.125, 0.25], "texture": "#1"},
				"east": {"uv": [7, 0.5, 8, 0.75], "texture": "#1"},
				"south": {"uv": [7, 0.25, 8.125, 0.5], "texture": "#1"},
				"west": {"uv": [7, 2.375, 8, 2.625], "texture": "#1"},
				"up": {"uv": [5.125, 3.125, 4, 2.125], "texture": "#1"},
				"down": {"uv": [5.25, 0, 4.125, 1], "texture": "#1"}
			}
		},
		{
			"from": [12.49845, 6.96, 2.90182],
			"to": [15.13845, 7.84, 5.10182],
			"rotation": {"angle": -45, "axis": "z", "origin": [9.16845, 7.4, 4.33182]},
			"faces": {
				"north": {"uv": [0.75, 7.25, 0, 7.5], "texture": "#1"},
				"east": {"uv": [7.875, 4.5, 7.25, 4.75], "texture": "#1"},
				"south": {"uv": [3.25, 7.25, 2.5, 7.5], "texture": "#1"},
				"west": {"uv": [4.125, 7.25, 3.5, 7.5], "texture": "#1"},
				"up": {"uv": [0, 7.25, 0.75, 6.625], "texture": "#1"},
				"down": {"uv": [3.75, 6.625, 4.5, 7.25], "texture": "#1"}
			}
		},
		{
			"from": [8.53845, 6.96, 2.90182],
			"to": [12.49845, 7.84, 6.42182],
			"rotation": {"angle": -45, "axis": "z", "origin": [9.16845, 7.4, 4.33182]},
			"faces": {
				"north": {"uv": [8.125, 0, 7, 0.25], "texture": "#1"},
				"east": {"uv": [8, 2.375, 7, 2.625], "texture": "#1"},
				"south": {"uv": [8.125, 0.25, 7, 0.5], "texture": "#1"},
				"west": {"uv": [8, 0.5, 7, 0.75], "texture": "#1"},
				"up": {"uv": [4, 3.125, 5.125, 2.125], "texture": "#1"},
				"down": {"uv": [4.125, 0, 5.25, 1], "texture": "#1"}
			}
		}
	],
	"display": {
		"thirdperson_righthand": {
			"rotation": [0, 52, 23],
			"translation": [1.75, 0, 0],
			"scale": [0.5, 0.5, 0.5]
		},
		"thirdperson_lefthand": {
			"rotation": [0, 52, 23],
			"translation": [1.75, 0, 0],
			"scale": [0.5, 0.5, 0.5]
		},
		"firstperson_righthand": {
			"rotation": [-66, 127, 23],
			"translation": [1.75, 0, 0],
			"scale": [0.5, 0.5, 0.5]
		},
		"firstperson_lefthand": {
			"rotation": [-66, 127, 23],
			"translation": [1.75, 0, 0],
			"scale": [0.5, 0.5, 0.5]
		},
		"ground": {
			"translation": [0, 5, 0]
		},
		"gui": {
			"rotation": [-3, 103, -25],
			"translation": [0.5, 0, 0],
			"scale": [0.6, 0.6, 0.6]
		},
		"head": {
			"translation": [1, 7.75, 0]
		},
		"fixed": {
			"rotation": [0, -90, 0],
			"translation": [0, 0, -5.5],
			"scale": [4, 4, 4]
		}
	},
	"groups": [
		{
			"name": "body",
			"origin": [0.22, 2.64, 0.22],
			"color": 0,
			"children": [
				0,
				1,
				2,
				{
					"name": "head",
					"origin": [0.44, 6.16, -4.84],
					"color": 0,
					"children": [
						3,
						4,
						5,
						6,
						7,
						8,
						{
							"name": "jaw",
							"origin": [0.22, 4.84, -4.84],
							"color": 0,
							"children": [9, 10]
						}
					]
				},
				{
					"name": "tail1",
					"origin": [0.31665, 5.38609, 5.28],
					"color": 0,
					"children": [
						11,
						12,
						13,
						{
							"name": "tail2",
							"origin": [0.22, 5.2889, 9.60298],
							"color": 0,
							"children": [14, 15, 16]
						}
					]
				},
				{
					"name": "left_fin",
					"origin": [-1.65, 4.4, 0.11],
					"color": 0,
					"children": [17, 18]
				},
				{
					"name": "right_fin",
					"origin": [2.09, 4.4, 0.11],
					"color": 0,
					"children": [19, 20]
				}
			]
		}
	]
}