{
	"credit": "Made with Blockbench",
	"texture_size": [64, 64],
	"textures": {
		"0": "modelengine:entity/marlin"
	},
	"elements": [
		{
			"from": [7.6, 3.88, 2.28],
			"to": [9.8, 8.72, 5.8],
			"rotation": {"angle": 0, "axis": "y", "origin": [8.48, 3.88, 4.48]},
			"faces": {
				"north": {"uv": [0.025, 7.275, 1.225, 9.975], "texture": "#0"},
				"east": {"uv": [6.475, 5.025, 4.525, 7.725], "texture": "#0"},
				"south": {"uv": [1.275, 7.275, 2.475, 9.975], "texture": "#0"},
				"west": {"uv": [4.525, 5.025, 6.475, 7.725], "texture": "#0"},
				"up": {"uv": [10.225, 1.975, 9.025, 0.025], "texture": "#0"},
				"down": {"uv": [10.475, 2.025, 9.275, 3.975], "texture": "#0"}
			}
		},
		{
			"from": [8.7, 7.84, 2.28],
			"to": [8.7, 10.92, 10.2],
			"rotation": {"angle": 0, "axis": "y", "origin": [8.48, 3.88, 4.48]},
			"faces": {
				"north": {"uv": [0.025, 0.025, 0.025, 1.725], "texture": "#0"},
				"east": {"uv": [4.475, 1.775, 0.025, 3.475], "texture": "#0"},
				"south": {"uv": [0.025, 0.025, 0.025, 1.725], "texture": "#0"},
				"west": {"uv": [0.025, 1.775, 4.475, 3.475], "texture": "#0"},
				"up": {"uv": [0.025, 4.475, 0.025, 0.025], "texture": "#0"},
				"down": {"uv": [0.025, 0.025, 0.025, 4.475], "texture": "#0"}
			}
		},
		{
			"from": [6.6, 5.2, 0.52],
			"to": [8.8, 7.4, 2.28],
			"rotation": {"angle": 22.5, "axis": "y", "origin": [8.7, 5.684, 0.16]},
			"faces": {
				"north": {"uv": [9.525, 7.025, 10.725, 8.225], "texture": "#0"},
				"east": {"uv": [3.225, 10.275, 2.275, 11.475], "texture": "#0"},
				"south": {"uv": [9.525, 8.275, 10.725, 9.475], "texture": "#0"},
				"west": {"uv": [2.275, 10.275, 3.225, 11.475], "texture": "#0"},
				"up": {"uv": [11.725, 2.225, 10.525, 1.275], "texture": "#0"},
				"down": {"uv": [11.725, 2.275, 10.525, 3.225], "texture": "#0"}
			}
		},
		{
			"from": [6.6, 4.32, 1.4],
			"to": [8.8, 5.2, 2.28],
			"rotation": {"angle": 22.5, "axis": "y", "origin": [8.7, 5.684, 0.16]},
			"faces": {
				"north": {"uv": [10.525, 3.275, 11.725, 3.725], "texture": "#0"},
				"east": {"uv": [4.025, 11.025, 4.475, 11.475], "texture": "#0"},
				"south": {"uv": [10.775, 6.775, 11.975, 7.225], "texture": "#0"},
				"west": {"uv": [11.025, 4.275, 11.475, 4.725], "texture": "#0"},
				"up": {"uv": [11.975, 7.725, 10.775, 7.275], "texture": "#0"},
				"down": {"uv": [11.975, 7.775, 10.775, 8.225], "texture": "#0"}
			}
		},
		{
			"from": [7.04, 5.64, -1.24],
			"to": [8.36, 6.52, 0.52],
			"rotation": {"angle": 22.5, "axis": "y", "origin": [8.7, 5.684, 0.16]},
			"faces": {
				"north": {"uv": [10.025, 10.775, 10.725, 11.225], "texture": "#0"},
				"east": {"uv": [8.525, 7.025, 9.475, 7.475], "texture": "#0"},
				"south": {"uv": [10.775, 10.025, 11.475, 10.475], "texture": "#0"},
				"west": {"uv": [10.775, 9.525, 11.725, 9.975], "texture": "#0"},
				"up": {"uv": [7.725, 10.975, 7.025, 10.025], "texture": "#0"},
				"down": {"uv": [8.475, 10.525, 7.775, 11.475], "texture": "#0"}
			}
		},
		{
			"from": [7.7, 5.64, -6.56],
			"to": [7.7, 6.52, -1.28],
			"rotation": {"angle": 22.5, "axis": "y", "origin": [8.7, 5.684, 0.16]},
			"faces": {
				"north": {"uv": [0.025, 0.025, 0.025, 0.475], "texture": "#0"},
				"east": {"uv": [12.725, 5.775, 9.775, 6.225], "texture": "#0"},
				"south": {"uv": [0.025, 0.025, 0.025, 0.475], "texture": "#0"},
				"west": {"uv": [9.775, 5.775, 12.725, 6.225], "texture": "#0"},
				"up": {"uv": [0.025, 2.975, 0.025, 0.025], "texture": "#0"},
				"down": {"uv": [0.025, 0.025, 0.025, 2.975], "texture": "#0"}
			}
		},
		{
			"from": [7.6, 3.88, 5.8],
			"to": [9.8, 7.84, 10.2],
			"rotation": {"angle": 0, "axis": "y", "origin": [8.48, 3.88, 4.48]},
			"faces": {
				"north": {"uv": [8.025, 2.525, 9.225, 4.725], "texture": "#0"},
				"east": {"uv": [2.475, 5.025, 0.025, 7.225], "texture": "#0"},
				"south": {"uv": [8.525, 4.775, 9.725, 6.975], "texture": "#0"},
				"west": {"uv": [0.025, 5.025, 2.475, 7.225], "texture": "#0"},
				"up": {"uv": [7.725, 9.975, 6.525, 7.525], "texture": "#0"},
				"down": {"uv": [3.725, 7.775, 2.525, 10.225], "texture": "#0"}
			}
		},
		{
			"from": [8.7, 2.56, 8],
			"to": [8.7, 4.76, 11.08],
			"rotation": {"angle": 0, "axis": "y", "origin": [8.48, 3.88, 4.48]},
			"faces": {
				"north": {"uv": [0.025, 0.025, 0.025, 1.225], "texture": "#0"},
				"east": {"uv": [9.475, 9.275, 7.775, 10.475], "texture": "#0"},
				"south": {"uv": [0.025, 0.025, 0.025, 1.225], "texture": "#0"},
				"west": {"uv": [7.775, 9.275, 9.475, 10.475], "texture": "#0"},
				"up": {"uv": [0.025, 1.725, 0.025, 0.025], "texture": "#0"},
				"down": {"uv": [0.025, 0.025, 0.025, 1.725], "texture": "#0"}
			}
		},
		{
			"from": [7.44363, 5.08234, 4.48],
			"to": [7.88363, 5.96234, 5.8],
			"rotation": {"angle": -22.5, "axis": "z", "origin": [7.66385, 6.14354, 5.47]},
			"faces": {
				"north": {"uv": [8.025, 4.775, 8.475, 4.975], "rotation": 90, "texture": "#0"},
				"east": {"uv": [11.225, 10.525, 10.775, 11.225], "rotation": 270, "texture": "#0"},
				"south": {"uv": [3.275, 10.275, 3.725, 10.475], "rotation": 270, "texture": "#0"},
				"west": {"uv": [9.725, 4.725, 9.275, 4.025], "rotation": 270, "texture": "#0"},
				"up": {"uv": [6.275, 2.275, 6.975, 2.475], "rotation": 270, "texture": "#0"},
				"down": {"uv": [9.775, 6.775, 10.475, 6.975], "rotation": 270, "texture": "#0"}
			}
		},
		{
			"from": [7.66407, -0.9979, 4.48],
			"to": [7.66407, 6.0421, 7.12],
			"rotation": {"angle": -22.5, "axis": "z", "origin": [7.66385, 6.14354, 5.47]},
			"faces": {
				"north": {"uv": [0.025, 0.025, 3.975, 0.025], "rotation": 90, "texture": "#0"},
				"east": {"uv": [3.975, 3.525, 0.025, 4.975], "rotation": 270, "texture": "#0"},
				"south": {"uv": [0.025, 0.025, 3.975, 0.025], "rotation": 270, "texture": "#0"},
				"west": {"uv": [3.975, 4.975, 0.025, 3.525], "rotation": 270, "texture": "#0"},
				"up": {"uv": [0.025, 0.025, 1.475, 0.025], "rotation": 270, "texture": "#0"},
				"down": {"uv": [0.025, 0.025, 1.475, 0.025], "rotation": 270, "texture": "#0"}
			}
		},
		{
			"from": [9.36637, 5.08234, 4.48],
			"to": [9.80637, 5.96234, 5.8],
			"rotation": {"angle": 22.5, "axis": "z", "origin": [9.58615, 6.14354, 5.47]},
			"faces": {
				"north": {"uv": [8.025, 4.975, 8.475, 4.775], "rotation": 90, "texture": "#0"},
				"east": {"uv": [9.725, 4.025, 9.275, 4.725], "rotation": 270, "texture": "#0"},
				"south": {"uv": [3.275, 10.475, 3.725, 10.275], "rotation": 270, "texture": "#0"},
				"west": {"uv": [11.225, 11.225, 10.775, 10.525], "rotation": 270, "texture": "#0"},
				"up": {"uv": [6.275, 2.475, 6.975, 2.275], "rotation": 270, "texture": "#0"},
				"down": {"uv": [9.775, 6.975, 10.475, 6.775], "rotation": 270, "texture": "#0"}
			}
		},
		{
			"from": [9.58593, -0.9979, 4.48],
			"to": [9.58593, 6.0421, 7.12],
			"rotation": {"angle": 22.5, "axis": "z", "origin": [9.58615, 6.14354, 5.47]},
			"faces": {
				"north": {"uv": [0.025, 0.025, 3.975, 0.025], "rotation": 90, "texture": "#0"},
				"east": {"uv": [3.975, 3.525, 0.025, 4.975], "rotation": 270, "texture": "#0"},
				"south": {"uv": [0.025, 0.025, 3.975, 0.025], "rotation": 270, "texture": "#0"},
				"west": {"uv": [3.975, 4.975, 0.025, 3.525], "rotation": 270, "texture": "#0"},
				"up": {"uv": [0.025, 0.025, 1.475, 0.025], "rotation": 270, "texture": "#0"},
				"down": {"uv": [0.025, 0.025, 1.475, 0.025], "rotation": 270, "texture": "#0"}
			}
		},
		{
			"from": [7.04, 4.76, 0.08],
			"to": [8.36, 5.64, 3.6],
			"rotation": {"angle": 22.5, "axis": "y", "origin": [8.7, 5.684, 0.16]},
			"faces": {
				"north": {"uv": [3.275, 11.025, 3.975, 11.475], "texture": "#0"},
				"east": {"uv": [9.775, 6.275, 11.725, 6.725], "texture": "#0"},
				"south": {"uv": [11.025, 3.775, 11.725, 4.225], "texture": "#0"},
				"west": {"uv": [3.275, 10.525, 5.225, 10.975], "texture": "#0"},
				"up": {"uv": [6.225, 9.725, 5.525, 7.775], "texture": "#0"},
				"down": {"uv": [6.225, 9.775, 5.525, 11.725], "texture": "#0"}
			}
		},
		{
			"from": [8.26, 5.2, 13.28],
			"to": [9.14, 7.4, 15.48],
			"rotation": {"angle": -22.5, "axis": "y", "origin": [8.7, 6.784, 10.116]},
			"faces": {
				"north": {"uv": [8.525, 10.525, 8.975, 11.725], "texture": "#0"},
				"east": {"uv": [10.975, 4.025, 9.775, 5.225], "texture": "#0"},
				"south": {"uv": [9.025, 10.525, 9.475, 11.725], "texture": "#0"},
				"west": {"uv": [9.775, 4.025, 10.975, 5.225], "texture": "#0"},
				"up": {"uv": [11.225, 9.475, 10.775, 8.275], "texture": "#0"},
				"down": {"uv": [9.975, 10.775, 9.525, 11.975], "texture": "#0"}
			}
		},
		{
			"from": [8.7, 6.08, 14.6],
			"to": [8.7, 10.48, 18.12],
			"rotation": {"angle": -22.5, "axis": "y", "origin": [8.7, 6.784, 10.116]},
			"faces": {
				"north": {"uv": [0.025, 0.025, 0.025, 2.475], "texture": "#0"},
				"east": {"uv": [8.975, 0.025, 7.025, 2.475], "texture": "#0"},
				"south": {"uv": [0.025, 0.025, 0.025, 2.475], "texture": "#0"},
				"west": {"uv": [7.025, 0.025, 8.975, 2.475], "texture": "#0"},
				"up": {"uv": [0.025, 1.975, 0.025, 0.025], "texture": "#0"},
				"down": {"uv": [0.025, 0.025, 0.025, 1.975], "texture": "#0"}
			}
		},
		{
			"from": [8.7, 2.12, 14.6],
			"to": [8.7, 6.52, 18.12],
			"rotation": {"angle": -22.5, "axis": "y", "origin": [8.7, 6.784, 10.116]},
			"faces": {
				"north": {"uv": [0.025, 2.475, 0.025, 0.025], "texture": "#0"},
				"east": {"uv": [8.975, 2.475, 7.025, 0.025], "texture": "#0"},
				"south": {"uv": [0.025, 2.475, 0.025, 0.025], "texture": "#0"},
				"west": {"uv": [7.025, 2.475, 8.975, 0.025], "texture": "#0"},
				"up": {"uv": [0.025, 1.975, 0.025, 0.025], "texture": "#0"},
				"down": {"uv": [0.025, 0.025, 0.025, 1.975], "texture": "#0"}
			}
		},
		{
			"from": [8.04, 4.76, 10.2],
			"to": [9.36, 7.84, 13.28],
			"rotation": {"angle": -22.5, "axis": "y", "origin": [8.7, 6.784, 10.116]},
			"faces": {
				"north": {"uv": [0.025, 10.025, 0.725, 11.725], "texture": "#0"},
				"east": {"uv": [9.475, 7.525, 7.775, 9.225], "texture": "#0"},
				"south": {"uv": [0.775, 10.025, 1.475, 11.725], "texture": "#0"},
				"west": {"uv": [7.775, 7.525, 9.475, 9.225], "texture": "#0"},
				"up": {"uv": [2.225, 11.725, 1.525, 10.025], "texture": "#0"},
				"down": {"uv": [6.975, 10.025, 6.275, 11.725], "texture": "#0"}
			}
		},
		{
			"from": [8.7, 7.84, 10.2],
			"to": [8.7, 9.6, 13.28],
			"rotation": {"angle": -22.5, "axis": "y", "origin": [8.7, 6.784, 10.116]},
			"faces": {
				"north": {"uv": [0.025, 0.025, 0.025, 0.975], "texture": "#0"},
				"east": {"uv": [5.475, 9.525, 3.775, 10.475], "texture": "#0"},
				"south": {"uv": [0.025, 0.025, 0.025, 0.975], "texture": "#0"},
				"west": {"uv": [3.775, 9.525, 5.475, 10.475], "texture": "#0"},
				"up": {"uv": [0.025, 1.725, 0.025, 0.025], "texture": "#0"},
				"down": {"uv": [0.025, 0.025, 0.025, 1.725], "texture": "#0"}
			}
		}
	],
	"display": {
		"thirdperson_righthand": {
			"rotation": [0, 51, 0],
			"translation": [2.5, 2, 2]
		},
		"thirdperson_lefthand": {
			"rotation": [0, 51, 0],
			"translation": [2.5, 2, 2]
		},
		"firstperson_righthand": {
			"rotation": [23, -11, -19],
			"translation": [2.5, 2, 2]
		},
		"firstperson_lefthand": {
			"rotation": [23, -11, -19],
			"translation": [2.5, 2, 2]
		},
		"ground": {
			"translation": [0, 6.5, 0]
		},
		"gui": {
			"rotation": [42, 62, -15],
			"translation": [2.25, 1.25, 0],
			"scale": [0.7, 0.7, 0.7]
		},
		"fixed": {
			"rotation": [0, -90, 0],
			"translation": [-5.25, 8.5, -6.25],
			"scale": [4, 4, 4]
		}
	}
}