{
	"credit": "Made with Blockbench",
	"texture_size": [64, 64],
	"textures": {
		"0": "modelengine:entity/barreleye_fish"
	},
	"elements": [
		{
			"from": [6.5, 1.69344, -0.5412],
			"to": [9.5, 3.69344, 1.4588],
			"rotation": {"angle": 22.5, "axis": "x", "origin": [6.5, 2.69344, 0.4588]},
			"faces": {
				"north": {"uv": [5.775, 5.025, 6.475, 5.475], "texture": "#0"},
				"east": {"uv": [4.775, 7.525, 5.225, 7.975], "texture": "#0"},
				"south": {"uv": [7.275, 2.775, 7.975, 3.225], "texture": "#0"},
				"west": {"uv": [5.275, 7.525, 5.725, 7.975], "texture": "#0"},
				"up": {"uv": [7.975, 3.725, 7.275, 3.275], "texture": "#0"},
				"down": {"uv": [1.975, 7.525, 1.275, 7.975], "texture": "#0"}
			}
		},
		{
			"from": [5, 0, 6],
			"to": [11, 8, 12],
			"rotation": {"angle": 0, "axis": "y", "origin": [8, 0, 6]},
			"faces": {
				"north": {"uv": [0.025, 0.025, 1.475, 1.975], "texture": "#0"},
				"east": {"uv": [2.975, 2.025, 1.525, 3.975], "texture": "#0"},
				"south": {"uv": [0.025, 2.025, 1.475, 3.975], "texture": "#0"},
				"west": {"uv": [1.525, 2.025, 2.975, 3.975], "texture": "#0"},
				"up": {"uv": [1.475, 5.475, 0.025, 4.025], "texture": "#0"},
				"down": {"uv": [2.975, 4.025, 1.525, 5.475], "texture": "#0"}
			}
		},
		{
			"from": [8, 7, 8],
			"to": [8, 11, 13],
			"rotation": {"angle": 22.5, "axis": "x", "origin": [8, 9.5, 9.5]},
			"faces": {
				"north": {"uv": [0.025, 0.025, 0.025, 0.975], "texture": "#0"},
				"east": {"uv": [6.475, 6.525, 5.275, 7.475], "texture": "#0"},
				"south": {"uv": [0.025, 0.025, 0.025, 0.975], "texture": "#0"},
				"west": {"uv": [5.275, 6.525, 6.475, 7.475], "texture": "#0"},
				"up": {"uv": [0.025, 1.225, 0.025, 0.025], "texture": "#0"},
				"down": {"uv": [0.025, 0.025, 0.025, 1.225], "texture": "#0"}
			}
		},
		{
			"from": [5, 0, 1],
			"to": [11, 4, 6],
			"rotation": {"angle": 0, "axis": "y", "origin": [8, 0, 6]},
			"faces": {
				"north": {"uv": [1.525, 5.525, 2.975, 6.475], "texture": "#0"},
				"east": {"uv": [6.525, 1.275, 7.725, 2.225], "texture": "#0"},
				"south": {"uv": [4.025, 5.525, 5.475, 6.475], "texture": "#0"},
				"west": {"uv": [1.525, 6.525, 2.725, 7.475], "texture": "#0"},
				"up": {"uv": [5.725, 4.225, 4.275, 3.025], "texture": "#0"},
				"down": {"uv": [5.725, 4.275, 4.275, 5.475], "texture": "#0"}
			}
		},
		{
			"from": [5, 4, 1],
			"to": [11, 8, 6],
			"rotation": {"angle": 0, "axis": "y", "origin": [8, 0, 6]},
			"faces": {
				"north": {"uv": [5.525, 5.525, 6.975, 6.475], "texture": "#0"},
				"east": {"uv": [6.775, 3.775, 7.975, 4.725], "texture": "#0"},
				"south": {"uv": [5.775, 2.775, 7.225, 3.725], "texture": "#0"},
				"west": {"uv": [7.025, 0.025, 8.225, 0.975], "texture": "#0"},
				"up": {"uv": [1.475, 6.725, 0.025, 5.525], "texture": "#0"},
				"down": {"uv": [6.975, 0.025, 5.525, 1.225], "texture": "#0"}
			}
		},
		{
			"from": [5.5, 4, 3],
			"to": [10.5, 6, 6],
			"rotation": {"angle": 0, "axis": "y", "origin": [8, 0, 6]},
			"faces": {
				"north": {"uv": [6.525, 2.275, 7.725, 2.725], "texture": "#0"},
				"east": {"uv": [2.025, 7.525, 2.725, 7.975], "texture": "#0"},
				"south": {"uv": [2.775, 7.275, 3.975, 7.725], "texture": "#0"},
				"west": {"uv": [4.025, 7.525, 4.725, 7.975], "texture": "#0"},
				"up": {"uv": [7.975, 5.475, 6.775, 4.775], "texture": "#0"},
				"down": {"uv": [8.225, 5.525, 7.025, 6.225], "texture": "#0"}
			}
		},
		{
			"from": [11, -2, 7.5],
			"to": [16, 2, 7.5],
			"rotation": {"angle": -45, "axis": "y", "origin": [11, 1, 8]},
			"faces": {
				"north": {"uv": [7.725, 6.525, 6.525, 7.475], "texture": "#0"},
				"east": {"uv": [0.025, 0.025, 0.025, 0.975], "texture": "#0"},
				"south": {"uv": [6.525, 6.525, 7.725, 7.475], "texture": "#0"},
				"west": {"uv": [0.025, 0.025, 0.025, 0.975], "texture": "#0"},
				"up": {"uv": [0.025, 0.025, 1.225, 0.025], "texture": "#0"},
				"down": {"uv": [0.025, 0.025, 1.225, 0.025], "texture": "#0"}
			}
		},
		{
			"from": [11, 0, 7],
			"to": [12, 2, 8],
			"rotation": {"angle": -45, "axis": "y", "origin": [11, 1, 8]},
			"faces": {
				"north": {"uv": [4.225, 4.525, 4.025, 4.975], "texture": "#0"},
				"east": {"uv": [6.725, 5.025, 6.525, 5.475], "texture": "#0"},
				"south": {"uv": [2.975, 6.525, 2.775, 6.975], "texture": "#0"},
				"west": {"uv": [4.225, 5.025, 4.025, 5.475], "texture": "#0"},
				"up": {"uv": [5.525, 2.975, 5.725, 2.775], "texture": "#0"},
				"down": {"uv": [1.275, 6.775, 1.475, 6.975], "texture": "#0"}
			}
		},
		{
			"from": [6, 0.25, 11],
			"to": [10, 6.25, 16],
			"rotation": {"angle": 0, "axis": "y", "origin": [8, 0.25, 6]},
			"faces": {
				"north": {"uv": [3.025, 4.525, 3.975, 5.975], "texture": "#0"},
				"east": {"uv": [5.475, 1.525, 4.275, 2.975], "texture": "#0"},
				"south": {"uv": [5.525, 1.275, 6.475, 2.725], "texture": "#0"},
				"west": {"uv": [4.275, 1.525, 5.475, 2.975], "texture": "#0"},
				"up": {"uv": [6.725, 4.975, 5.775, 3.775], "texture": "#0"},
				"down": {"uv": [3.975, 6.025, 3.025, 7.225], "texture": "#0"}
			}
		},
		{
			"from": [8, -0.75, 16],
			"to": [8, 8.25, 21],
			"rotation": {"angle": 0, "axis": "y", "origin": [8, 0.25, 6]},
			"faces": {
				"north": {"uv": [0.025, 0.025, 0.025, 2.225], "texture": "#0"},
				"east": {"uv": [3.025, 0.025, 4.225, 2.225], "texture": "#0"},
				"south": {"uv": [0.025, 0.025, 0.025, 2.225], "texture": "#0"},
				"west": {"uv": [4.225, 0.025, 3.025, 2.225], "texture": "#0"},
				"up": {"uv": [0.025, 1.225, 0.025, 0.025], "texture": "#0"},
				"down": {"uv": [0.025, 0.025, 0.025, 1.225], "texture": "#0"}
			}
		},
		{
			"from": [0, -2, 7.5],
			"to": [5, 2, 7.5],
			"rotation": {"angle": 45, "axis": "y", "origin": [5, 1, 8]},
			"faces": {
				"north": {"uv": [6.525, 6.525, 7.725, 7.475], "texture": "#0"},
				"east": {"uv": [0.025, 0.025, 0.025, 0.975], "texture": "#0"},
				"south": {"uv": [7.725, 6.525, 6.525, 7.475], "texture": "#0"},
				"west": {"uv": [0.025, 0.025, 0.025, 0.975], "texture": "#0"},
				"up": {"uv": [1.225, 0.025, 0.025, 0.025], "texture": "#0"},
				"down": {"uv": [1.225, 0.025, 0.025, 0.025], "texture": "#0"}
			}
		},
		{
			"from": [4, 0, 7],
			"to": [5, 2, 8],
			"rotation": {"angle": 45, "axis": "y", "origin": [5, 1, 8]},
			"faces": {
				"north": {"uv": [4.025, 4.525, 4.225, 4.975], "texture": "#0"},
				"east": {"uv": [4.025, 5.025, 4.225, 5.475], "texture": "#0"},
				"south": {"uv": [2.775, 6.525, 2.975, 6.975], "texture": "#0"},
				"west": {"uv": [6.525, 5.025, 6.725, 5.475], "texture": "#0"},
				"up": {"uv": [5.725, 2.975, 5.525, 2.775], "texture": "#0"},
				"down": {"uv": [1.475, 6.775, 1.275, 6.975], "texture": "#0"}
			}
		}
	],
	"display": {
		"thirdperson_righthand": {
			"rotation": [0, 48, 16],
			"translation": [0, 3.5, 0],
			"scale": [0.6, 0.6, 0.6]
		},
		"thirdperson_lefthand": {
			"rotation": [0, 48, 16],
			"translation": [0, 3.5, 0],
			"scale": [0.6, 0.6, 0.6]
		},
		"firstperson_righthand": {
			"rotation": [0, 48, 16],
			"translation": [0, 3.5, 0],
			"scale": [0.6, 0.6, 0.6]
		},
		"firstperson_lefthand": {
			"rotation": [0, 48, 16],
			"translation": [0, 3.5, 0],
			"scale": [0.6, 0.6, 0.6]
		},
		"ground": {
			"translation": [0, 3, 0],
			"scale": [0.6, 0.6, 0.6]
		},
		"gui": {
			"rotation": [23, 138, -1],
			"translation": [-0.75, 2.5, 0]
		},
		"fixed": {
			"rotation": [0, -90, 0],
			"translation": [3, 5.5, -3.5],
			"scale": [1.5, 1.5, 1.5]
		}
	},
	"groups": [
		{
			"name": "body",
			"origin": [0, 0, 0],
			"color": 0,
			"children": [
				0,
				1,
				2,
				3,
				4,
				5,
				{
					"name": "right_fin",
					"origin": [3, 1, 1.5],
					"color": 0,
					"children": [6, 7]
				},
				{
					"name": "tail",
					"origin": [0, 3.25, 6],
					"color": 0,
					"children": [8, 9]
				},
				{
					"name": "left_fin",
					"origin": [-3, 1, 1.5],
					"color": 0,
					"children": [10, 11]
				}
			]
		}
	]
}