{
	"credit": "Made with Blockbench",
	"texture_size": [64, 64],
	"textures": {
		"0": "modelengine:entity/nautilus"
	},
	"elements": [
		{
			"from": [5, 9, -5],
			"to": [11, 12, 0],
			"rotation": {"angle": -22.5, "axis": "x", "origin": [8, 10.5, 0]},
			"faces": {
				"north": {"uv": [0, 10.25, 1.5, 11], "texture": "#0"},
				"east": {"uv": [4.5, 10.25, 5.75, 11], "texture": "#0"},
				"south": {"uv": [1.5, 10.25, 3, 11], "texture": "#0"},
				"west": {"uv": [7.5, 10.25, 8.75, 11], "texture": "#0"},
				"up": {"uv": [8, 5.75, 6.5, 4.5], "texture": "#0"},
				"down": {"uv": [4, 7.5, 2.5, 8.75], "texture": "#0"}
			}
		},
		{
			"from": [4, 2.1, 3],
			"to": [12, 17.1, 15],
			"rotation": {"angle": 0, "axis": "y", "origin": [8, 2, 6]},
			"faces": {
				"north": {"uv": [0, 3.75, 2, 7.5], "texture": "#0"},
				"east": {"uv": [6, 0, 3, 3.75], "texture": "#0"},
				"south": {"uv": [2, 3.75, 4, 7.5], "texture": "#0"},
				"west": {"uv": [3, 0, 6, 3.75], "texture": "#0"},
				"up": {"uv": [6, 9.25, 4, 6.25], "texture": "#0"},
				"down": {"uv": [8, 6.25, 6, 9.25], "texture": "#0"}
			}
		},
		{
			"from": [3, 2, 3],
			"to": [13, 10, 13],
			"rotation": {"angle": 22.5, "axis": "x", "origin": [8, 6.5, 4]},
			"faces": {
				"north": {"uv": [6.5, 2.5, 9, 4.5], "texture": "#0"},
				"east": {"uv": [10.5, 6.5, 8, 8.5], "texture": "#0"},
				"south": {"uv": [8, 4.5, 10.5, 6.5], "texture": "#0"},
				"west": {"uv": [8, 6.5, 10.5, 8.5], "texture": "#0"},
				"up": {"uv": [6.5, 6.25, 4, 3.75], "texture": "#0"},
				"down": {"uv": [8.5, 0, 6, 2.5], "texture": "#0"}
			}
		},
		{
			"from": [3, 6.75, 1],
			"to": [6, 9.75, 4],
			"rotation": {"angle": -22.5, "axis": "y", "origin": [4.5, 8.25, 2.5]},
			"faces": {
				"north": {"uv": [10.5, 0.75, 11.25, 1.5], "texture": "#0"},
				"east": {"uv": [10.5, 4.5, 11.25, 5.25], "texture": "#0"},
				"south": {"uv": [10.5, 5.25, 11.25, 6], "texture": "#0"},
				"west": {"uv": [10.5, 6, 11.25, 6.75], "texture": "#0"},
				"up": {"uv": [11.25, 7.5, 10.5, 6.75], "texture": "#0"},
				"down": {"uv": [11.25, 7.5, 10.5, 8.25], "texture": "#0"}
			}
		},
		{
			"from": [10, 6.75, 1],
			"to": [13, 9.75, 4],
			"rotation": {"angle": 22.5, "axis": "y", "origin": [11.5, 8.25, 2.5]},
			"faces": {
				"north": {"uv": [11.25, 0.75, 10.5, 1.5], "texture": "#0"},
				"east": {"uv": [11.25, 6, 10.5, 6.75], "texture": "#0"},
				"south": {"uv": [11.25, 5.25, 10.5, 6], "texture": "#0"},
				"west": {"uv": [11.25, 4.5, 10.5, 5.25], "texture": "#0"},
				"up": {"uv": [10.5, 7.5, 11.25, 6.75], "texture": "#0"},
				"down": {"uv": [10.5, 7.5, 11.25, 8.25], "texture": "#0"}
			}
		},
		{
			"from": [4, 3, -1],
			"to": [12, 10, 3],
			"rotation": {"angle": 0, "axis": "y", "origin": [8, 6.5, 4]},
			"faces": {
				"north": {"uv": [8.5, 0, 10.5, 1.75], "texture": "#0"},
				"east": {"uv": [6.5, 9.25, 7.5, 11], "texture": "#0"},
				"south": {"uv": [8, 8.5, 10, 10.25], "texture": "#0"},
				"west": {"uv": [10, 8.5, 11, 10.25], "texture": "#0"},
				"up": {"uv": [4.5, 10.25, 2.5, 9.25], "texture": "#0"},
				"down": {"uv": [6.5, 9.25, 4.5, 10.25], "texture": "#0"}
			}
		},
		{
			"from": [3, 9, 0],
			"to": [13, 12, 4],
			"rotation": {"angle": -22.5, "axis": "x", "origin": [8, 10.5, 0]},
			"faces": {
				"north": {"uv": [9, 3.75, 11.5, 4.5], "texture": "#0"},
				"east": {"uv": [9.5, 10.25, 10.5, 11], "texture": "#0"},
				"south": {"uv": [0, 9.5, 2.5, 10.25], "texture": "#0"},
				"west": {"uv": [10.5, 0, 11.5, 0.75], "texture": "#0"},
				"up": {"uv": [11.5, 2.75, 9, 1.75], "texture": "#0"},
				"down": {"uv": [11.5, 2.75, 9, 3.75], "texture": "#0"}
			}
		},
		{
			"from": [5.5, 5.5, -11],
			"to": [5.5, 8.5, -6],
			"rotation": {"angle": -22.5, "axis": "z", "origin": [5.5, 7, -6]},
			"faces": {
				"north": {"uv": [0, 0, 0.75, 0], "rotation": 90, "texture": "#0"},
				"east": {"uv": [6.5, 10.25, 5.75, 11.5], "rotation": 270, "texture": "#0"},
				"south": {"uv": [0, 0, 0.75, 0], "rotation": 270, "texture": "#0"},
				"west": {"uv": [6.5, 11.5, 5.75, 10.25], "rotation": 270, "texture": "#0"},
				"up": {"uv": [0, 0, 1.25, 0], "rotation": 270, "texture": "#0"},
				"down": {"uv": [0, 0, 1.25, 0], "rotation": 270, "texture": "#0"}
			}
		},
		{
			"from": [5.5, 5.5, -6],
			"to": [5.5, 8.5, -1],
			"rotation": {"angle": -22.5, "axis": "z", "origin": [5.5, 7, -3.5]},
			"faces": {
				"north": {"uv": [0, 0, 0.75, 0], "rotation": 90, "texture": "#0"},
				"east": {"uv": [3.75, 10.25, 3, 11.5], "rotation": 270, "texture": "#0"},
				"south": {"uv": [0, 0, 0.75, 0], "rotation": 270, "texture": "#0"},
				"west": {"uv": [3.75, 11.5, 3, 10.25], "rotation": 270, "texture": "#0"},
				"up": {"uv": [0, 0, 1.25, 0], "rotation": 270, "texture": "#0"},
				"down": {"uv": [0, 0, 1.25, 0], "rotation": 270, "texture": "#0"}
			}
		},
		{
			"from": [10.5, 4.5, -11],
			"to": [10.5, 7.5, -6],
			"rotation": {"angle": -22.5, "axis": "z", "origin": [10.5, 6, -6]},
			"faces": {
				"north": {"uv": [0, 0, 0.75, 0], "rotation": 90, "texture": "#0"},
				"east": {"uv": [6.5, 10.25, 5.75, 11.5], "rotation": 270, "texture": "#0"},
				"south": {"uv": [0, 0, 0.75, 0], "rotation": 270, "texture": "#0"},
				"west": {"uv": [6.5, 11.5, 5.75, 10.25], "rotation": 270, "texture": "#0"},
				"up": {"uv": [0, 0, 1.25, 0], "rotation": 270, "texture": "#0"},
				"down": {"uv": [0, 0, 1.25, 0], "rotation": 270, "texture": "#0"}
			}
		},
		{
			"from": [10.5, 4.5, -6],
			"to": [10.5, 7.5, -1],
			"rotation": {"angle": -22.5, "axis": "z", "origin": [10.5, 6, -3.5]},
			"faces": {
				"north": {"uv": [0, 0, 0.75, 0], "rotation": 90, "texture": "#0"},
				"east": {"uv": [3.75, 10.25, 3, 11.5], "rotation": 270, "texture": "#0"},
				"south": {"uv": [0, 0, 0.75, 0], "rotation": 270, "texture": "#0"},
				"west": {"uv": [3.75, 11.5, 3, 10.25], "rotation": 270, "texture": "#0"},
				"up": {"uv": [0, 0, 1.25, 0], "rotation": 270, "texture": "#0"},
				"down": {"uv": [0, 0, 1.25, 0], "rotation": 270, "texture": "#0"}
			}
		},
		{
			"from": [7.5, 2.5, -11],
			"to": [7.5, 5.5, -6],
			"rotation": {"angle": 0, "axis": "x", "origin": [7.5, 4, -6]},
			"faces": {
				"north": {"uv": [0, 0, 0.75, 0], "rotation": 90, "texture": "#0"},
				"east": {"uv": [6.5, 10.25, 5.75, 11.5], "rotation": 270, "texture": "#0"},
				"south": {"uv": [0, 0, 0.75, 0], "rotation": 270, "texture": "#0"},
				"west": {"uv": [6.5, 11.5, 5.75, 10.25], "rotation": 270, "texture": "#0"},
				"up": {"uv": [0, 0, 1.25, 0], "rotation": 270, "texture": "#0"},
				"down": {"uv": [0, 0, 1.25, 0], "rotation": 270, "texture": "#0"}
			}
		},
		{
			"from": [7.5, 2.5, -6],
			"to": [7.5, 5.5, -1],
			"rotation": {"angle": 0, "axis": "x", "origin": [7.5, 4, -6]},
			"faces": {
				"north": {"uv": [0, 0, 0.75, 0], "rotation": 90, "texture": "#0"},
				"east": {"uv": [3.75, 10.25, 3, 11.5], "rotation": 270, "texture": "#0"},
				"south": {"uv": [0, 0, 0.75, 0], "rotation": 270, "texture": "#0"},
				"west": {"uv": [3.75, 11.5, 3, 10.25], "rotation": 270, "texture": "#0"},
				"up": {"uv": [0, 0, 1.25, 0], "rotation": 270, "texture": "#0"},
				"down": {"uv": [0, 0, 1.25, 0], "rotation": 270, "texture": "#0"}
			}
		},
		{
			"from": [5.5, 1.5, -11],
			"to": [5.5, 4.5, -6],
			"rotation": {"angle": -22.5, "axis": "x", "origin": [5.5, 3, -6]},
			"faces": {
				"north": {"uv": [0, 0, 0.75, 0], "rotation": 90, "texture": "#0"},
				"east": {"uv": [6.5, 10.25, 5.75, 11.5], "rotation": 270, "texture": "#0"},
				"south": {"uv": [0, 0, 0.75, 0], "rotation": 270, "texture": "#0"},
				"west": {"uv": [6.5, 11.5, 5.75, 10.25], "rotation": 270, "texture": "#0"},
				"up": {"uv": [0, 0, 1.25, 0], "rotation": 270, "texture": "#0"},
				"down": {"uv": [0, 0, 1.25, 0], "rotation": 270, "texture": "#0"}
			}
		},
		{
			"from": [5.5, 1.5, -6],
			"to": [5.5, 4.5, -1],
			"rotation": {"angle": -22.5, "axis": "x", "origin": [5.5, 3, -6]},
			"faces": {
				"north": {"uv": [0, 0, 0.75, 0], "rotation": 90, "texture": "#0"},
				"east": {"uv": [3.75, 10.25, 3, 11.5], "rotation": 270, "texture": "#0"},
				"south": {"uv": [0, 0, 0.75, 0], "rotation": 270, "texture": "#0"},
				"west": {"uv": [3.75, 11.5, 3, 10.25], "rotation": 270, "texture": "#0"},
				"up": {"uv": [0, 0, 1.25, 0], "rotation": 270, "texture": "#0"},
				"down": {"uv": [0, 0, 1.25, 0], "rotation": 270, "texture": "#0"}
			}
		}
	],
	"display": {
		"thirdperson_righthand": {
			"rotation": [0, 38, 0],
			"translation": [0, 2.75, 0],
			"scale": [0.5, 0.5, 0.5]
		},
		"thirdperson_lefthand": {
			"rotation": [0, 38, 0],
			"translation": [0, 2.75, 0],
			"scale": [0.5, 0.5, 0.5]
		},
		"firstperson_righthand": {
			"rotation": [0, 38, 0],
			"translation": [0, 2.75, 0],
			"scale": [0.5, 0.5, 0.5]
		},
		"firstperson_lefthand": {
			"rotation": [0, 38, 0],
			"translation": [0, 2.75, 0],
			"scale": [0.5, 0.5, 0.5]
		},
		"ground": {
			"translation": [0, 2.5, 0],
			"scale": [0.5, 0.5, 0.5]
		},
		"gui": {
			"rotation": [23, 132, 0],
			"translation": [2, 0, 0],
			"scale": [0.6, 0.6, 0.6]
		},
		"head": {
			"translation": [0, 11.5, 0]
		},
		"fixed": {
			"rotation": [0, -90, 0],
			"translation": [-2, 0, -4.5]
		}
	},
	"groups": [
		{
			"name": "body",
			"origin": [0, 8.25943, 3.14889],
			"color": 0,
			"children": [
				0,
				1,
				2,
				3,
				4,
				5,
				6,
				{
					"name": "tentacleHUB",
					"origin": [0, 5.5, -1],
					"color": 0,
					"children": [
						{
							"name": "tentacle1",
							"origin": [-2.5, 7, -1],
							"color": 0,
							"children": [
								{
									"name": "tentacle1_1",
									"origin": [-2.5, 7, -6],
									"color": 0,
									"children": [7]
								},
								8
							]
						},
						{
							"name": "tentacle1",
							"origin": [-2.5, 7, -1],
							"color": 0,
							"children": [
								{
									"name": "tentacle1_1",
									"origin": [-2.5, 7, -6],
									"color": 0,
									"children": [9]
								},
								10
							]
						},
						{
							"name": "tentacle1",
							"origin": [-2.5, 7, -1],
							"color": 0,
							"children": [
								{
									"name": "tentacle1_1",
									"origin": [-2.5, 7, -6],
									"color": 0,
									"children": [11]
								},
								12
							]
						},
						{
							"name": "tentacle1",
							"origin": [-2.5, 7, -1],
							"color": 0,
							"children": [
								{
									"name": "tentacle1_1",
									"origin": [-2.5, 7, -6],
									"color": 0,
									"children": [13]
								},
								14
							]
						}
					]
				}
			]
		}
	]
}