{
	"credit": "Made with Blockbench",
	"texture_size": [64, 64],
	"textures": {
		"0": "modelengine:entity/football_fish"
	},
	"elements": [
		{
			"from": [4, 9, 6],
			"to": [5, 11, 7],
			"rotation": {"angle": -22.5, "axis": "x", "origin": [8.55435, 10.40425, 6.08886]},
			"faces": {
				"north": {"uv": [2.5, 5.5, 2.75, 6], "texture": "#0"},
				"east": {"uv": [6.75, 5.25, 7, 5.75], "texture": "#0"},
				"south": {"uv": [1.25, 7, 1.5, 7.5], "texture": "#0"},
				"west": {"uv": [1.5, 7, 1.75, 7.5], "texture": "#0"},
				"up": {"uv": [6.5, 6, 6.25, 5.75], "texture": "#0"},
				"down": {"uv": [6.75, 3.75, 6.5, 4], "texture": "#0"}
			}
		},
		{
			"from": [2, 8, 6.5],
			"to": [5, 12, 6.5],
			"rotation": {"angle": -22.5, "axis": "x", "origin": [8.55435, 10.40425, 6.08886]},
			"faces": {
				"north": {"uv": [8.25, 0, 9, 1], "texture": "#0"},
				"east": {"uv": [0, 0, 0, 1], "texture": "#0"},
				"south": {"uv": [9, 0, 8.25, 1], "texture": "#0"},
				"west": {"uv": [0, 0, 0, 1], "texture": "#0"},
				"up": {"uv": [0.75, 0, 0, 0], "texture": "#0"},
				"down": {"uv": [0.75, 0, 0, 0], "texture": "#0"}
			}
		},
		{
			"from": [12, 9, 6],
			"to": [13, 11, 7],
			"rotation": {"angle": -22.5, "axis": "x", "origin": [8.55435, 10.40425, 6.08886]},
			"faces": {
				"north": {"uv": [2.75, 5.5, 2.5, 6], "texture": "#0"},
				"east": {"uv": [1.75, 7, 1.5, 7.5], "texture": "#0"},
				"south": {"uv": [1.5, 7, 1.25, 7.5], "texture": "#0"},
				"west": {"uv": [7, 5.25, 6.75, 5.75], "texture": "#0"},
				"up": {"uv": [6.25, 6, 6.5, 5.75], "texture": "#0"},
				"down": {"uv": [6.5, 3.75, 6.75, 4], "texture": "#0"}
			}
		},
		{
			"from": [12, 8, 6.5],
			"to": [15, 12, 6.5],
			"rotation": {"angle": -22.5, "axis": "x", "origin": [8.55435, 10.40425, 6.08886]},
			"faces": {
				"north": {"uv": [9, 0, 8.25, 1], "texture": "#0"},
				"east": {"uv": [0, 0, 0, 1], "texture": "#0"},
				"south": {"uv": [8.25, 0, 9, 1], "texture": "#0"},
				"west": {"uv": [0, 0, 0, 1], "texture": "#0"},
				"up": {"uv": [0, 0, 0.75, 0], "texture": "#0"},
				"down": {"uv": [0, 0, 0.75, 0], "texture": "#0"}
			}
		},
		{
			"from": [5, 10.22625, 2.83522],
			"to": [12, 15.22625, 4.83522],
			"rotation": {"angle": -22.5, "axis": "x", "origin": [8.55435, 10.40425, 6.08886]},
			"faces": {
				"north": {"uv": [6.25, 4, 8, 5.25], "texture": "#0"},
				"east": {"uv": [7.25, 8.25, 6.75, 9.5], "texture": "#0"},
				"south": {"uv": [6.5, 0, 8.25, 1.25], "texture": "#0"},
				"west": {"uv": [6.75, 8.25, 7.25, 9.5], "texture": "#0"},
				"up": {"uv": [8.5, 8.25, 6.75, 7.75], "texture": "#0"},
				"down": {"uv": [9.75, 3.75, 8, 4.25], "texture": "#0"}
			}
		},
		{
			"from": [4.5, 11.22625, 3.83522],
			"to": [5.5, 13.22625, 5.83522],
			"rotation": {"angle": -22.5, "axis": "x", "origin": [8.55435, 10.40425, 6.08886]},
			"faces": {
				"north": {"uv": [1.75, 7, 2, 7.5], "texture": "#0"},
				"east": {"uv": [2, 5.5, 2.5, 6], "texture": "#0"},
				"south": {"uv": [8.25, 6.5, 8.5, 7], "texture": "#0"},
				"west": {"uv": [6.25, 5.25, 6.75, 5.75], "texture": "#0"},
				"up": {"uv": [8.75, 7, 8.5, 6.5], "texture": "#0"},
				"down": {"uv": [8.75, 7.75, 8.5, 8.25], "texture": "#0"}
			}
		},
		{
			"from": [11.42388, 11.22625, 4.2179],
			"to": [12.42388, 13.22625, 6.2179],
			"rotation": {"angle": -22.5, "axis": "x", "origin": [8.55435, 10.40425, 6.08886]},
			"faces": {
				"north": {"uv": [2, 7, 1.75, 7.5], "texture": "#0"},
				"east": {"uv": [6.75, 5.25, 6.25, 5.75], "texture": "#0"},
				"south": {"uv": [8.5, 6.5, 8.25, 7], "texture": "#0"},
				"west": {"uv": [2.5, 5.5, 2, 6], "texture": "#0"},
				"up": {"uv": [8.5, 7, 8.75, 6.5], "texture": "#0"},
				"down": {"uv": [8.5, 7.75, 8.75, 8.25], "texture": "#0"}
			}
		},
		{
			"from": [5, 10.22625, 0.83522],
			"to": [12, 15.22625, 2.83522],
			"rotation": {"angle": -22.5, "axis": "x", "origin": [8.55435, 10.40425, 6.08886]},
			"faces": {
				"north": {"uv": [6.5, 1.25, 8.25, 2.5], "texture": "#0"},
				"east": {"uv": [7.25, 8.25, 7.75, 9.5], "texture": "#0"},
				"south": {"uv": [6.5, 2.5, 8.25, 3.75], "texture": "#0"},
				"west": {"uv": [7.75, 8.25, 8.25, 9.5], "texture": "#0"},
				"up": {"uv": [9.75, 4.75, 8, 4.25], "texture": "#0"},
				"down": {"uv": [9.75, 4.75, 8, 5.25], "texture": "#0"}
			}
		},
		{
			"from": [5, 6.37945, 3.08534],
			"to": [12, 14.37945, 11.08534],
			"rotation": {"angle": 0, "axis": "x", "origin": [8.55435, 10.40425, 6.08886]},
			"faces": {
				"north": {"uv": [2.75, 4, 4.5, 6], "texture": "#0"},
				"east": {"uv": [4.75, 2, 2.75, 4], "texture": "#0"},
				"south": {"uv": [4.5, 4, 6.25, 6], "texture": "#0"},
				"west": {"uv": [2.75, 2, 4.75, 4], "texture": "#0"},
				"up": {"uv": [6.5, 2, 4.75, 0], "texture": "#0"},
				"down": {"uv": [6.5, 2, 4.75, 4], "texture": "#0"}
			}
		},
		{
			"from": [9, 6.37945, -4.91466],
			"to": [9, 17.37945, 6.08534],
			"rotation": {"angle": 0, "axis": "x", "origin": [8.55435, 10.40425, 6.08886]},
			"faces": {
				"north": {"uv": [0, 0, 0, 2.75], "texture": "#0"},
				"east": {"uv": [2.75, 2.75, 0, 5.5], "texture": "#0"},
				"south": {"uv": [0, 0, 0, 2.75], "texture": "#0"},
				"west": {"uv": [0, 2.75, 2.75, 5.5], "texture": "#0"},
				"up": {"uv": [0, 2.75, 0, 0], "texture": "#0"},
				"down": {"uv": [0, 0, 0, 2.75], "texture": "#0"}
			}
		},
		{
			"from": [8, 10.37945, -4.41466],
			"to": [10, 12.37945, -2.41466],
			"rotation": {"angle": 0, "axis": "x", "origin": [8.55435, 10.40425, 6.08886]},
			"faces": {
				"north": {"uv": [10, 0, 10.5, 0.5], "texture": "#0"},
				"east": {"uv": [9.5, 0, 10, 0.5], "texture": "#0"},
				"south": {"uv": [10.5, 0, 11, 0.5], "texture": "#0"},
				"west": {"uv": [9, 0, 9.5, 0.5], "texture": "#0"},
				"up": {"uv": [11, 0.5, 11.5, 0], "texture": "#0"},
				"down": {"uv": [11.5, 0, 12, 0.5], "texture": "#0"}
			}
		},
		{
			"from": [7.5, 7.37945, 11.08534],
			"to": [9.5, 12.37945, 15.08534],
			"rotation": {"angle": 0, "axis": "x", "origin": [8.55435, 10.40425, 6.08886]},
			"faces": {
				"north": {"uv": [8.25, 8.25, 8.75, 9.5], "texture": "#0"},
				"east": {"uv": [3.25, 7.5, 4.25, 8.75], "texture": "#0"},
				"south": {"uv": [0, 8.75, 0.5, 10], "texture": "#0"},
				"west": {"uv": [4.25, 7.5, 5.25, 8.75], "texture": "#0"},
				"up": {"uv": [1, 9.75, 0.5, 8.75], "texture": "#0"},
				"down": {"uv": [3.75, 8.75, 3.25, 9.75], "texture": "#0"}
			}
		},
		{
			"from": [8.5, 12.37945, 11.08534],
			"to": [8.5, 15.37945, 15.08534],
			"rotation": {"angle": 0, "axis": "x", "origin": [8.55435, 10.40425, 6.08886]},
			"faces": {
				"north": {"uv": [0, 0, 0, 0.75], "texture": "#0"},
				"east": {"uv": [9.25, 2, 8.25, 2.75], "texture": "#0"},
				"south": {"uv": [0, 0, 0, 0.75], "texture": "#0"},
				"west": {"uv": [8.25, 2, 9.25, 2.75], "texture": "#0"},
				"up": {"uv": [0, 1, 0, 0], "texture": "#0"},
				"down": {"uv": [0, 0, 0, 1], "texture": "#0"}
			}
		},
		{
			"from": [8.5, 4.37945, 11.08534],
			"to": [8.5, 7.37945, 15.08534],
			"rotation": {"angle": 0, "axis": "x", "origin": [8.55435, 10.40425, 6.08886]},
			"faces": {
				"north": {"uv": [0, 0.75, 0, 0], "texture": "#0"},
				"east": {"uv": [9.25, 2.75, 8.25, 2], "texture": "#0"},
				"south": {"uv": [0, 0.75, 0, 0], "texture": "#0"},
				"west": {"uv": [8.25, 2.75, 9.25, 2], "texture": "#0"},
				"up": {"uv": [0, 1, 0, 0], "texture": "#0"},
				"down": {"uv": [0, 0, 0, 1], "texture": "#0"}
			}
		},
		{
			"from": [8.5, 6.37945, 15.08534],
			"to": [8.5, 13.37945, 20.08534],
			"rotation": {"angle": 0, "axis": "x", "origin": [8.55435, 10.40425, 6.08886]},
			"faces": {
				"north": {"uv": [0, 0, 0, 1.75], "texture": "#0"},
				"east": {"uv": [8.25, 5.25, 7, 7], "texture": "#0"},
				"south": {"uv": [0, 0, 0, 1.75], "texture": "#0"},
				"west": {"uv": [7, 5.25, 8.25, 7], "texture": "#0"},
				"up": {"uv": [0, 1.25, 0, 0], "texture": "#0"},
				"down": {"uv": [0, 0, 0, 1.25], "texture": "#0"}
			}
		},
		{
			"from": [4.5, 7.70311, -2.01443],
			"to": [12.5, 10.70311, 3.98557],
			"rotation": {"angle": -22.5, "axis": "x", "origin": [8.55435, 10.40425, 6.08886]},
			"faces": {
				"north": {"uv": [9, 7.75, 7, 7], "rotation": 180, "texture": "#0"},
				"east": {"uv": [5.25, 7.5, 6, 9], "rotation": 90, "texture": "#0"},
				"south": {"uv": [3.25, 7.5, 1.25, 8.25], "texture": "#0"},
				"west": {"uv": [6, 7.5, 6.75, 9], "rotation": 270, "texture": "#0"},
				"up": {"uv": [2, 6, 4, 7.5], "texture": "#0"},
				"down": {"uv": [0, 5.5, 2, 7], "rotation": 180, "texture": "#0"}
			}
		},
		{
			"from": [5.5, 10.70311, -2.01443],
			"to": [11.5, 12.70311, 3.98557],
			"rotation": {"angle": -22.5, "axis": "x", "origin": [8.55435, 10.40425, 6.08886]},
			"faces": {
				"north": {"uv": [9.75, 3.25, 8.25, 2.75], "rotation": 180, "texture": "#0"},
				"east": {"uv": [2.25, 8.25, 2.75, 9.75], "rotation": 90, "texture": "#0"},
				"south": {"uv": [9.75, 3.25, 8.25, 3.75], "texture": "#0"},
				"west": {"uv": [2.75, 8.25, 3.25, 9.75], "rotation": 270, "texture": "#0"},
				"up": {"uv": [5.5, 6, 7, 7.5], "texture": "#0"},
				"down": {"uv": [4, 6, 5.5, 7.5], "rotation": 180, "texture": "#0"}
			}
		}
	],
	"display": {
		"thirdperson_righthand": {
			"rotation": [-10, 58, 0],
			"scale": [0.6, 0.6, 0.6]
		},
		"thirdperson_lefthand": {
			"rotation": [-10, 58, 0],
			"scale": [0.6, 0.6, 0.6]
		},
		"firstperson_righthand": {
			"rotation": [-10, 58, 0],
			"scale": [0.6, 0.6, 0.6]
		},
		"firstperson_lefthand": {
			"rotation": [-10, 58, 0],
			"scale": [0.6, 0.6, 0.6]
		},
		"ground": {
			"scale": [0.6, 0.6, 0.6]
		},
		"gui": {
			"rotation": [22, 137, 3],
			"translation": [1, -1.25, 0],
			"scale": [0.8, 0.8, 0.8]
		},
		"head": {
			"translation": [0, 7, 0]
		},
		"fixed": {
			"rotation": [55, -90, 53],
			"translation": [-1.75, -4.25, -7],
			"scale": [2, 2, 2]
		}
	},
	"groups": [
		{
			"name": "body",
			"origin": [0.5, 4, 0],
			"color": 0,
			"children": [
				{
					"name": "left_fin",
					"origin": [-3, 4, -0.5],
					"color": 0,
					"children": [0, 1]
				},
				{
					"name": "right_fin",
					"origin": [4, 4, -0.5],
					"color": 0,
					"children": [2, 3]
				},
				4,
				5,
				6,
				7,
				8,
				9,
				10,
				{
					"name": "tail",
					"origin": [0.5, 2.09139, 3.55624],
					"color": 0,
					"children": [11, 12, 13, 14]
				},
				{
					"name": "jaw",
					"origin": [0, 3.70311, -3.01443],
					"color": 0,
					"children": [15, 16]
				}
			]
		}
	]
}